time_s,altitude_m,velocity_mps,apogee_prediction_m,status
210.009,59.985,1.77902,0,ground
210.021,96.934,2.3304,0,ground
210.032,144.207,2.82135,0,ground
210.042,199.748,3.29101,0,ground
210.052,229.18,3.74832,0,ground
210.063,244.454,4.20906,0,ground
210.083,270.064,5.11749,0,ground
210.093,267.014,5.56793,0,ground
210.103,263.354,6.01837,0,ground
210.113,260.691,6.47499,0,ground
210.161,292.354,8.61801,0,ground
210.171,281.151,9.10141,0,ground
210.203,285.101,10.531,0,ground
210.213,274.061,10.9965,0,ground
210.224,265.539,11.4642,0,ground
210.235,260.065,11.9558,0,ground
210.245,255.965,12.4083,0,ground
210.267,255.689,13.4177,0,ground
210.277,252.333,13.8702,0,ground
210.288,249.909,14.3501,0,ground
210.298,247.971,14.826,0,ground
210.32,248.129,15.7777,0,ground
210.351,249.246,17.1825,0,ground
210.361,246.757,17.6412,0,ground
210.372,244.936,18.137,0,ground
210.383,243.426,18.6108,0,ground
210.393,242.138,19.0715,0,ground
210.403,241.059,19.5267,0,ground
210.413,240.15,19.9841,0,ground
210.423,239.385,20.4475,0,ground
210.434,238.745,20.9158,0,ground
210.445,238.221,21.402,0,ground
210.455,237.712,21.8723,0,ground
210.465,237.229,22.3276,0,ground
210.476,236.821,22.7931,0,ground
210.487,236.488,23.2882,0,ground
210.497,236.17,23.775,0,ground
210.508,235.869,24.2591,0,ground
210.518,235.534,24.7116,0,ground
210.529,235.297,25.2074,0,ground
210.539,235.015,25.6633,0,ground
210.56,235.327,26.5882,0,ground
210.571,235.016,27.0695,0,ground
210.581,234.748,27.5564,0,ground
210.592,234.488,28.0446,0,ground
210.613,234.688,28.9654,0,ground
210.623,234.366,29.4268,0,ground
210.634,234.101,29.9212,0,ground
210.644,233.83,30.3915,0,ground
210.666,234.042,31.3769,0,ground
210.677,233.741,31.85,0,ground
210.688,233.474,32.3161,0,ground
210.709,233.594,32.9892,0,ground
210.719,233.292,33.2306,0,ground
210.729,233.003,33.3957,0,ground
210.74,232.751,33.4989,0,ground
210.75,232.517,33.5422,0,ground
210.76,232.297,33.5307,0,ground
210.772,232.119,33.4644,0,ground
210.782,231.931,33.3598,0,ground
210.792,231.747,33.2182,0,ground
210.802,231.567,33.0437,0,ground
210.812,231.407,32.8371,0,ground
210.822,231.252,32.6007,0,ground
210.843,231.363,32.0902,0,ground
210.854,231.209,31.7976,0,ground
210.864,231.053,31.4995,0,ground
210.875,230.914,31.1765,0,ground
210.885,230.771,30.8469,0,ground
210.906,230.868,30.1524,0,ground
210.916,230.716,29.8045,0,ground
210.927,230.575,29.4375,0,ground
210.948,230.659,28.6886,0,ground
210.959,230.5,28.3243,0,ground
210.969,230.358,27.9495,0,ground
210.979,230.222,27.5666,0,ground
210.989,230.091,27.1856,0,ground
211,229.985,26.765,0,ground
211.01,229.866,26.3758,0,ground
211.031,229.927,25.5894,0,ground
211.042,229.816,25.1849,0,ground
211.054,229.735,24.7114,0,ground
211.065,229.631,24.3049,0,ground
211.087,229.69,23.5318,0,ground
211.098,229.585,23.1438,0,ground
211.108,229.471,22.7759,0,ground
211.118,229.356,22.411,0,ground
211.138,229.388,21.704,0,ground
211.148,229.277,21.3586,0,ground
211.158,229.175,21.0108,0,ground
211.168,229.074,20.6662,0,ground
211.179,228.98,20.3163,0,ground
211.19,228.9,19.9451,0,ground
211.2,228.811,19.5967,0,ground
211.21,228.726,19.2535,0,ground
211.233,228.776,18.5547,0,ground
211.243,228.686,18.2419,0,ground
211.254,228.612,17.9048,0,ground
211.264,228.531,17.5968,0,ground
211.274,228.455,17.2907,0,ground
211.285,228.393,16.9645,0,ground
211.306,228.425,16.379,0,ground
211.327,228.455,15.8131,0,ground
211.349,228.479,15.2604,0,ground
211.359,228.394,14.9966,0,ground
211.391,228.498,14.2788,0,ground
211.401,228.406,14.0382,0,ground
211.412,228.317,13.8069,0,ground
211.433,228.319,13.3491,0,ground
211.444,228.236,13.1181,0,ground
211.455,228.157,12.889,0,ground
211.465,228.082,12.6627,0,ground
211.476,228.009,12.4374,0,ground
211.486,227.938,12.2305,0,ground
211.497,227.87,12.0217,0,ground
211.507,227.797,11.8167,0,ground
211.517,227.729,11.6124,0,ground
211.538,227.74,11.2138,0,ground
211.549,227.674,11.0188,0,ground
211.559,227.611,10.8282,0,ground
211.582,227.629,10.4262,0,ground
211.593,227.564,10.2481,0,ground
211.603,227.504,10.0752,0,ground
211.613,227.445,9.90635,0,ground
211.633,227.446,9.58356,0,ground
211.643,227.385,9.42551,0,ground
211.654,227.326,9.2693,0,ground
211.665,227.275,9.10091,0,ground
211.675,227.221,8.94834,0,ground
211.685,227.169,8.79876,0,ground
211.707,227.182,8.48323,0,ground
211.718,227.131,8.33347,0,ground
211.729,227.08,8.18533,0,ground
211.739,227.032,8.0485,0,ground
211.75,226.986,7.90241,0,ground
211.762,226.948,7.74784,0,ground
211.772,226.905,7.61304,0,ground
211.783,226.864,7.48028,0,ground
211.793,226.82,7.35539,0,ground
211.814,226.826,7.10621,0,ground
211.824,226.785,6.98408,0,ground
211.835,226.746,6.86412,0,ground
211.845,226.707,6.74993,0,ground
211.855,226.668,6.63796,0,ground
211.865,226.628,6.5276,0,ground
211.875,226.591,6.41896,0,ground
211.885,226.554,6.30803,0,ground
211.895,226.518,6.20191,0,ground
211.916,226.524,5.99215,0,ground
211.927,226.49,5.88471,0,ground
211.938,226.459,5.77926,0,ground
211.949,226.424,5.68157,0,ground
211.969,226.424,5.49805,0,ground
211.979,226.387,5.40888,0,ground
212.011,226.424,5.15778,0,ground
212.032,226.421,4.9975,0,ground
212.053,226.418,4.84631,0,ground
212.074,226.415,4.69809,0,ground
212.096,226.409,4.5573,0,ground
212.106,226.367,4.48866,0,ground
212.116,228.029,4.48253,0,ground
212.127,227.959,4.47238,0,ground
212.137,227.891,4.45845,0,ground
212.16,227.872,4.42021,0,ground
212.17,227.806,4.3996,0,ground
212.181,227.74,4.37438,0,ground
212.192,227.676,4.34721,0,ground
212.202,227.611,4.31874,0,ground
212.213,227.554,4.28508,0,ground
212.223,227.492,4.25095,0,ground
212.234,227.437,4.2142,0,ground
212.245,227.384,4.17408,0,ground
212.255,227.332,4.13392,0,ground
212.266,227.279,4.09265,0,ground
212.276,227.224,4.05116,0,ground
212.297,227.204,3.96396,0,ground
212.308,227.154,3.9202,0,ground
212.318,227.105,3.87617,0,ground
212.338,227.082,3.79015,0,ground
212.348,227.03,3.74659,0,ground
212.358,226.981,3.70186,0,ground
212.368,226.932,3.6564,0,ground
212.378,226.884,3.60963,0,ground
212.389,226.838,3.56192,0,ground
212.399,226.793,3.51162,0,ground
212.409,226.751,3.46385,0,ground
212.42,226.709,3.41115,0,ground
212.43,226.668,3.36272,0,ground
212.455,226.655,3.2497,0,ground
212.465,226.612,3.20144,0,ground
212.475,226.568,3.15393,0,ground
212.486,226.527,3.1052,0,ground
212.497,226.489,3.05414,0,ground
212.519,226.475,2.95283,0,ground
212.54,226.456,2.86193,0,ground
212.55,226.415,2.81831,0,ground
212.582,226.412,2.69144,0,ground
212.603,226.39,2.60999,0,ground
212.614,226.349,2.56815,0,ground
212.624,226.307,2.52805,0,ground
212.634,226.267,2.48645,0,ground
212.655,226.244,2.40449,0,ground
212.666,226.204,2.36237,0,ground
212.687,226.18,2.2841,0,ground
212.698,226.141,2.24267,0,ground
212.708,226.101,2.20133,0,ground
212.719,226.061,2.16181,0,ground
212.729,226.023,2.12189,0,ground
212.739,225.988,2.08287,0,ground
212.749,225.95,2.043,0,ground
212.76,225.916,2.00007,0,ground
212.781,225.889,1.92139,0,ground
212.791,225.854,1.88309,0,ground
212.802,225.821,1.8425,0,ground
212.823,225.798,1.76623,0,ground
212.833,225.763,1.73007,0,ground
212.843,225.73,1.6938,0,ground
212.854,225.7,1.65514,0,ground
212.875,225.675,1.58153,0,ground
212.886,225.642,1.54588,0,ground
212.897,225.613,1.50803,0,ground
212.907,225.58,1.4734,0,ground
212.918,225.549,1.43565,0,ground
212.928,225.517,1.3993,0,ground
212.939,225.487,1.36374,0,ground
212.949,225.459,1.32675,0,ground
212.973,225.437,1.25245,0,ground
212.984,225.408,1.21724,0,ground
212.994,225.378,1.18491,0,ground
213.005,225.35,1.15,0,ground
213.015,225.325,1.11823,0,ground
213.035,225.3,1.05706,0,ground
213.046,225.273,1.02367,0,ground
213.056,225.246,0.992712,0,ground
213.066,225.223,0.961434,0,ground
213.076,225.196,0.93154,0,ground
213.087,225.169,0.899786,0,ground
213.098,225.144,0.867401,0,ground
213.109,225.118,0.835649,0,ground
213.119,225.093,0.805315,0,ground
213.13,225.069,0.775751,0,ground
213.14,225.045,0.746432,0,ground
213.152,225.021,0.711242,0,ground
213.174,224.997,0.654104,0,ground
213.184,224.974,0.627054,0,ground
213.205,224.951,0.572375,0,ground
213.215,224.926,0.546902,0,ground
213.226,224.905,0.519097,0,ground
213.236,224.882,0.493496,0,ground
213.247,224.861,0.466246,0,ground
213.258,224.839,0.44009,0,ground
213.268,224.817,0.41481,0,ground
213.279,224.796,0.389448,0,ground
213.289,224.775,0.364509,0,ground
213.3,224.755,0.338772,0,ground
213.311,224.735,0.31335,0,ground
213.332,224.712,0.264288,0,ground
213.343,224.693,0.240508,0,ground
213.364,224.671,0.195277,0,ground
213.385,224.65,0.152543,0,ground
213.395,224.631,0.131361,0,ground
213.405,224.612,0.111002,0,ground
213.415,224.594,0.0907752,0,ground
213.425,224.576,0.0706114,0,ground
213.438,224.556,0.044829,0,ground
213.449,224.536,0.0250852,0,ground
213.459,224.517,0.00528032,0,ground
213.469,224.499,-0.0145663,0,ground
213.48,224.479,-0.0350088,0,ground
213.49,224.464,-0.0552038,0,ground
213.5,224.447,-0.0740126,0,ground
213.51,224.429,-0.092904,0,ground
213.521,224.411,-0.111943,0,ground
213.531,224.395,-0.130302,0,ground
213.541,224.382,-0.148814,0,ground
213.552,224.366,-0.167821,0,ground
213.562,224.35,-0.186816,0,ground
213.573,224.333,-0.204634,0,ground
213.583,224.315,-0.222079,0,ground
213.593,224.301,-0.239789,0,ground
213.604,224.284,-0.258107,0,ground
213.615,224.268,-0.275507,0,ground
213.625,224.251,-0.292635,0,ground
213.635,224.236,-0.309064,0,ground
213.645,224.221,-0.325244,0,ground
213.655,224.208,-0.341056,0,ground
213.665,224.194,-0.356621,0,ground
213.675,224.182,-0.372012,0,ground
213.696,224.162,-0.401816,0,ground
213.706,224.147,-0.416461,0,ground
213.717,224.133,-0.432058,0,ground
213.738,224.11,-0.461835,0,ground
213.748,224.098,-0.475336,0,ground
213.759,224.084,-0.489977,0,ground
213.77,224.07,-0.503931,0,ground
213.78,224.056,-0.517258,0,ground
213.791,224.044,-0.530735,0,ground
213.801,224.033,-0.543432,0,ground
213.811,224.021,-0.555933,0,ground
213.822,224.007,-0.569373,0,ground
213.832,223.994,-0.581785,0,ground
213.842,223.981,-0.594151,0,ground
213.874,223.949,-0.630029,0,ground
213.885,223.937,-0.641879,0,ground
213.916,223.906,-0.675294,0,ground
213.927,223.893,-0.686368,0,ground
213.937,223.88,-0.69708,0,ground
213.947,223.869,-0.707723,0,ground
213.958,223.859,-0.718756,0,ground
213.969,223.848,-0.729395,0,ground
213.979,223.837,-0.739486,0,ground
213.989,223.827,-0.749347,0,ground
213.999,223.816,-0.759271,0,ground
214.011,223.806,-0.769701,0,ground
214.021,223.794,-0.779917,0,ground
214.032,223.783,-0.790069,0,ground
214.042,223.773,-0.799226,0,ground
214.052,223.763,-0.808242,0,ground
214.062,223.753,-0.817117,0,ground
214.073,223.744,-0.826562,0,ground
214.084,223.735,-0.835244,0,ground
214.104,223.716,-0.852091,0,ground
214.114,223.708,-0.860594,0,ground
214.127,223.696,-0.870376,0,ground
214.137,223.688,-0.878275,0,ground
214.147,223.681,-0.886235,0,ground
214.158,223.67,-0.89455,0,ground
214.168,223.66,-0.902475,0,ground
214.179,223.651,-0.910061,0,ground
214.189,223.642,-0.917382,0,ground
214.199,223.633,-0.924791,0,ground
214.21,223.624,-0.932548,0,ground
214.221,223.615,-0.939987,0,ground
214.231,223.608,-0.946932,0,ground
214.242,223.6,-0.954171,0,ground
214.253,223.59,-0.961425,0,ground
214.263,223.58,-0.96788,0,ground
214.293,223.551,-0.986558,0,ground
214.304,223.543,-0.993063,0,ground
214.315,223.535,-0.999394,0,ground
214.336,223.517,-1.01143,0,ground
214.346,223.509,-1.01723,0,ground
214.357,223.503,-1.02289,0,ground
214.368,223.494,-1.02859,0,ground
214.378,223.488,-1.03377,0,ground
214.4,223.47,-1.04341,0,ground
214.42,223.451,-1.05286,0,ground
214.431,223.445,-1.05732,0,ground
214.441,223.44,-1.0615,0,ground
214.462,223.421,-1.07039,0,ground
214.473,223.417,-1.07458,0,ground
214.483,223.411,-1.07849,0,ground
214.494,223.406,-1.08264,0,ground
214.504,223.403,-1.08631,0,ground
214.515,223.397,-1.09021,0,ground
214.526,223.392,-1.09399,0,ground
214.537,223.387,-1.0975,0,ground
214.547,223.383,-1.10079,0,ground
214.558,223.377,-1.10426,0,ground
214.568,223.373,-1.10738,0,ground
214.578,223.368,-1.11038,0,ground
214.589,223.363,-1.11355,0,ground
214.6,223.357,-1.11663,0,ground
214.611,223.354,-1.11962,0,ground
214.621,223.35,-1.12243,0,ground
214.632,223.345,-1.12515,0,ground
214.642,223.341,-1.12768,0,ground
214.652,223.336,-1.13018,0,ground
214.662,223.334,-1.13249,0,ground
214.673,223.327,-1.135,0,ground
214.684,223.321,-1.13741,0,ground
214.704,223.307,-1.14149,0,ground
214.715,223.304,-1.14354,0,ground
214.725,223.299,-1.14544,0,ground
214.736,223.295,-1.14721,0,ground
214.757,223.278,-1.15088,0,ground
214.768,223.274,-1.15274,0,ground
214.779,223.27,-1.1544,0,ground
214.789,223.266,-1.15605,0,ground
214.799,223.263,-1.15766,0,ground
214.812,223.258,-1.15947,0,ground
214.823,223.255,-1.16098,0,ground
214.833,223.252,-1.16238,0,ground
214.843,223.25,-1.16366,0,ground
214.854,223.248,-1.16484,0,ground
214.865,223.245,-1.16603,0,ground
214.875,223.243,-1.16705,0,ground
214.885,223.241,-1.16798,0,ground
214.896,223.238,-1.16888,0,ground
214.906,223.237,-1.16966,0,ground
214.927,223.221,-1.17174,0,ground
214.937,223.218,-1.17269,0,ground
214.948,223.215,-1.17366,0,ground
214.959,223.212,-1.17456,0,ground
214.969,223.211,-1.17529,0,ground
214.98,223.207,-1.17607,0,ground
214.99,223.204,-1.17677,0,ground
215.001,223.201,-1.17744,0,ground
215.011,223.2,-1.178,0,ground
215.032,223.185,-1.17961,0,ground
215.043,223.183,-1.18006,0,ground
215.063,223.17,-1.18121,0,ground
215.073,223.169,-1.1817,0,ground
215.084,223.166,-1.1822,0,ground
215.095,223.164,-1.1826,0,ground
215.105,223.163,-1.18293,0,ground
215.115,223.161,-1.18319,0,ground
215.125,223.157,-1.18344,0,ground
215.135,223.157,-1.18362,0,ground
215.146,223.157,-1.1837,0,ground
215.156,223.155,-1.18374,0,ground
215.167,223.153,-1.18374,0,ground
215.177,223.152,-1.18367,0,ground
215.188,223.151,-1.18356,0,ground
215.199,223.149,-1.1834,0,ground
215.209,223.146,-1.18324,0,ground
215.22,223.146,-1.18297,0,ground
215.23,223.144,-1.18268,0,ground
215.24,223.143,-1.18234,0,ground
215.272,223.118,-1.18279,0,ground
215.283,223.118,-1.18286,0,ground
215.293,223.118,-1.18261,0,ground
215.314,223.104,-1.18257,0,ground
215.325,223.102,-1.18229,0,ground
215.346,223.088,-1.18222,0,ground
215.357,223.089,-1.18205,0,ground
215.367,223.091,-1.18173,0,ground
215.377,223.09,-1.18137,0,ground
215.387,223.09,-1.18093,0,ground
215.398,223.09,-1.18038,0,ground
215.409,223.088,-1.17978,0,ground
215.429,223.077,-1.17916,0,ground
215.449,223.064,-1.17906,0,ground
215.46,223.063,-1.17894,0,ground
215.471,223.063,-1.17872,0,ground
215.481,223.065,-1.17838,0,ground
215.492,223.064,-1.17794,0,ground
215.502,223.065,-1.17725,0,ground
215.523,223.054,-1.1755,0,ground
215.554,223.032,-1.17432,0,ground
215.564,223.035,-1.17377,0,ground
215.574,223.036,-1.1731,0,ground
215.585,223.036,-1.17236,0,ground
215.595,223.038,-1.17151,0,ground
215.627,223.017,-1.17027,0,ground
215.637,223.018,-1.16977,0,ground
215.647,223.022,-1.16909,0,ground
215.657,223.025,-1.16823,0,ground
215.668,223.027,-1.16697,0,ground
215.689,223.016,-1.16506,0,ground
215.699,223.016,-1.1641,0,ground
215.71,223.019,-1.16301,0,ground
215.721,223.021,-1.16175,0,ground
215.731,223.022,-1.16044,0,ground
215.741,223.023,-1.15894,0,ground
215.762,223.015,-1.15628,0,ground
215.772,223.017,-1.1549,0,ground
215.783,223.019,-1.1533,0,ground
215.794,223.022,-1.15151,0,ground
215.817,223.009,-1.14824,0,ground
215.828,223.009,-1.14671,0,ground
215.838,223.013,-1.1451,0,ground
215.849,223.016,-1.14342,0,ground
215.86,223.018,-1.14125,0,ground
215.88,223.008,-1.13788,0,ground
215.901,222.999,-1.13515,0,ground
215.911,223.002,-1.13367,0,ground
215.921,223.007,-1.13208,0,ground
215.943,222.996,-1.12934,0,ground
215.953,223,-1.1279,0,ground
215.963,223.004,-1.12634,0,ground
215.974,223.007,-1.12456,0,ground
215.985,223.01,-1.1227,0,ground
215.996,223.013,-1.12073,0,ground
216.007,223.017,-1.11863,0,ground
216.017,223.021,-1.11661,0,ground
216.028,223.025,-1.11429,0,ground
216.038,223.028,-1.11189,0,ground
216.058,223.021,-1.10757,0,ground
216.069,223.023,-1.10523,0,ground
216.08,223.027,-1.10286,0,ground
216.09,223.028,-1.1006,0,ground
216.102,223.027,-1.09797,0,ground
216.113,223.031,-1.09555,0,ground
216.134,223.023,-1.09113,0,ground
216.144,223.028,-1.08884,0,ground
216.164,223.021,-1.08496,0,ground
216.175,223.024,-1.08279,0,ground
216.186,223.027,-1.08055,0,ground
216.207,223.021,-1.07632,0,ground
216.218,223.026,-1.07377,0,ground
216.25,223.004,-1.06867,0,ground
216.26,223.009,-1.06696,0,ground
216.27,223.014,-1.06511,0,ground
216.281,223.016,-1.06308,0,ground
216.291,223.019,-1.06106,0,ground
216.302,223.022,-1.05901,0,ground
216.312,223.026,-1.05689,0,ground
216.333,223.02,-1.05304,0,ground
216.354,223.013,-1.04986,0,ground
216.364,223.018,-1.04814,0,ground
216.374,223.021,-1.04639,0,ground
216.384,223.026,-1.04451,0,ground
216.395,223.028,-1.04244,0,ground
216.406,223.03,-1.04021,0,ground
216.426,223.022,-1.03652,0,ground
216.441,223.023,-1.03403,0,ground
216.451,223.026,-1.03213,0,ground
216.471,223.02,-1.02891,0,ground
216.481,223.025,-1.02719,0,ground
216.491,223.03,-1.02535,0,ground
216.502,223.034,-1.0233,0,ground
216.513,223.037,-1.02118,0,ground
216.524,223.04,-1.01901,0,ground
216.535,223.045,-1.01678,0,ground
216.545,223.048,-1.01461,0,ground
216.555,223.052,-1.01221,0,ground
216.576,223.044,-1.008,0,ground
216.587,223.048,-1.00582,0,ground
216.597,223.05,-1.00372,0,ground
216.607,223.053,-1.00161,0,ground
216.618,223.058,-0.999397,0,ground
216.628,223.061,-0.99719,0,ground
216.638,223.064,-0.994991,0,ground
216.648,223.068,-0.99272,0,ground
216.658,223.07,-0.99044,0,ground
216.668,223.074,-0.988117,0,ground
216.679,223.076,-0.985626,0,ground
216.69,223.079,-0.983135,0,ground
216.7,223.082,-0.980819,0,ground
216.71,223.086,-0.978489,0,ground
216.72,223.088,-0.97615,0,ground
216.731,223.091,-0.973665,0,ground
216.742,223.092,-0.971207,0,ground
216.752,223.096,-0.968895,0,ground
216.762,223.099,-0.96658,0,ground
216.772,223.102,-0.964282,0,ground
216.788,223.1,-0.961009,0,ground
216.799,223.102,-0.95878,0,ground
216.809,223.104,-0.956669,0,ground
216.819,223.108,-0.954473,0,ground
216.829,223.111,-0.95237,0,ground
216.84,223.113,-0.950106,0,ground
216.851,223.116,-0.947879,0,ground
216.862,223.117,-0.945644,0,ground
216.872,223.117,-0.943692,0,ground
216.883,223.118,-0.941444,0,ground
216.903,223.111,-0.937931,0,ground
216.914,223.113,-0.936137,0,ground
216.925,223.114,-0.934291,0,ground
216.935,223.116,-0.932604,0,ground
216.946,223.118,-0.930799,0,ground
216.956,223.12,-0.929092,0,ground
216.976,223.113,-0.926406,0,ground
216.987,223.116,-0.925033,0,ground
216.997,223.117,-0.92369,0,ground
217.008,223.119,-0.92225,0,ground
217.018,223.121,-0.920797,0,ground
217.029,223.122,-0.919434,0,ground
217.039,223.125,-0.918058,0,ground
217.049,223.127,-0.916701,0,ground
217.071,223.118,-0.914603,0,ground
217.091,223.111,-0.913145,0,ground
217.102,223.116,-0.912241,0,ground
217.112,223.118,-0.911387,0,ground
217.125,223.116,-0.910347,0,ground
217.136,223.119,-0.90948,0,ground
217.146,223.122,-0.908592,0,ground
217.156,223.124,-0.907652,0,ground
217.166,223.128,-0.906634,0,ground
217.178,223.129,-0.905443,0,ground
217.189,223.13,-0.904399,0,ground
217.2,223.133,-0.90335,0,ground
217.21,223.135,-0.902317,0,ground
217.22,223.137,-0.901258,0,ground
217.231,223.139,-0.900097,0,ground
217.241,223.141,-0.898821,0,ground
217.262,223.134,-0.896831,0,ground
217.272,223.138,-0.895751,0,ground
217.282,223.141,-0.894657,0,ground
217.293,223.143,-0.893273,0,ground
217.314,223.134,-0.891313,0,ground
217.325,223.136,-0.890295,0,ground
217.336,223.139,-0.889016,0,ground
217.368,223.121,-0.887222,0,ground
217.379,223.126,-0.886507,0,ground
217.389,223.129,-0.885749,0,ground
217.399,223.131,-0.884956,0,ground
217.41,223.133,-0.884114,0,ground
217.421,223.134,-0.883268,0,ground
217.431,223.138,-0.882402,0,ground
217.442,223.142,-0.88147,0,ground
217.452,223.143,-0.880552,0,ground
217.467,223.141,-0.879368,0,ground
217.477,223.142,-0.878572,0,ground
217.488,223.145,-0.877688,0,ground
217.498,223.146,-0.876848,0,ground
217.508,223.15,-0.875965,0,ground
217.521,223.151,-0.874927,0,ground
217.532,223.15,-0.874085,0,ground
217.542,223.152,-0.873262,0,ground
217.552,223.154,-0.872458,0,ground
217.562,223.156,-0.871613,0,ground
217.573,223.159,-0.870716,0,ground
217.584,223.16,-0.869794,0,ground
217.594,223.162,-0.86888,0,ground
217.605,223.164,-0.867993,0,ground
217.625,223.156,-0.866917,0,ground
217.636,223.156,-0.86636,0,ground
217.646,223.157,-0.865863,0,ground
217.656,223.158,-0.865353,0,ground
217.667,223.159,-0.864807,0,ground
217.677,223.161,-0.864274,0,ground
217.687,223.163,-0.863707,0,ground
217.698,223.166,-0.863094,0,ground
217.708,223.166,-0.86248,0,ground
217.719,223.167,-0.861657,0,ground
217.752,223.148,-0.86114,0,ground
217.763,223.149,-0.860682,0,ground
217.784,223.141,-0.860418,0,ground
217.794,223.143,-0.860039,0,ground
217.816,223.135,-0.859833,0,ground
217.826,223.139,-0.859614,0,ground
217.837,223.142,-0.8593,0,ground
217.847,223.143,-0.858824,0,ground
217.868,223.137,-0.858298,0,ground
217.879,223.138,-0.857757,0,ground
217.9,223.132,-0.857175,0,ground
217.911,223.134,-0.856855,0,ground
217.921,223.136,-0.856492,0,ground
217.931,223.139,-0.856093,0,ground
217.941,223.143,-0.855597,0,ground
217.951,223.145,-0.854876,0,ground
217.972,223.138,-0.853949,0,ground
217.983,223.141,-0.853414,0,ground
218.004,223.135,-0.852882,0,ground
218.014,223.137,-0.852554,0,ground
218.024,223.141,-0.852144,0,ground
218.035,223.141,-0.851708,0,ground
218.056,223.135,-0.851425,0,ground
218.066,223.138,-0.851227,0,ground
218.076,223.141,-0.850943,0,ground
218.087,223.143,-0.850606,0,ground
218.098,223.145,-0.850237,0,ground
218.108,223.15,-0.84978,0,ground
218.118,223.152,-0.849295,0,ground
218.128,223.154,-0.848768,0,ground
218.138,223.156,-0.848204,0,ground
218.159,223.151,-0.846818,0,ground
218.17,223.153,-0.846109,0,ground
218.18,223.156,-0.845404,0,ground
218.191,223.158,-0.844634,0,ground
218.201,223.159,-0.843886,0,ground
218.212,223.162,-0.842968,0,ground
218.244,223.145,-0.841887,0,ground
218.264,223.142,-0.84153,0,ground
218.274,223.145,-0.841274,0,ground
218.285,223.147,-0.840949,0,ground
218.296,223.15,-0.840573,0,ground
218.306,223.152,-0.840195,0,ground
218.316,223.153,-0.83982,0,ground
218.326,223.155,-0.839422,0,ground
218.337,223.156,-0.838977,0,ground
218.347,223.159,-0.838474,0,ground
218.358,223.163,-0.83792,0,ground
218.368,223.166,-0.837315,0,ground
218.378,223.169,-0.836656,0,ground
218.389,223.171,-0.835965,0,ground
218.4,223.172,-0.835308,0,ground
218.41,223.174,-0.834671,0,ground
218.42,223.176,-0.834017,0,ground
218.43,223.179,-0.833289,0,ground
218.444,223.181,-0.832363,0,ground
218.454,223.184,-0.831614,0,ground
218.464,223.186,-0.830871,0,ground
218.475,223.188,-0.830067,0,ground
218.485,223.19,-0.829103,0,ground
218.508,223.182,-0.82771,0,ground
218.519,223.183,-0.827097,0,ground
218.529,223.184,-0.826501,0,ground
218.539,223.187,-0.82588,0,ground
218.55,223.188,-0.824993,0,ground
218.571,223.181,-0.823926,0,ground
218.582,223.184,-0.823375,0,ground
218.593,223.185,-0.822794,0,ground
218.603,223.187,-0.82227,0,ground
218.613,223.187,-0.82152,0,ground
218.635,223.181,-0.820605,0,ground
218.656,223.174,-0.819539,0,ground
218.677,223.168,-0.819019,0,ground
218.697,223.162,-0.818976,0,ground
218.708,223.163,-0.818695,0,ground
218.729,223.156,-0.818626,0,ground
218.74,223.159,-0.818523,0,ground
218.75,223.161,-0.818396,0,ground
218.761,223.165,-0.818185,0,ground
218.771,223.168,-0.81793,0,ground
218.781,223.17,-0.817629,0,ground
218.791,223.174,-0.817246,0,ground
218.801,223.177,-0.816824,0,ground
218.812,223.178,-0.816353,0,ground
218.823,223.181,-0.815855,0,ground
218.834,223.182,-0.815087,0,ground
218.865,223.169,-0.814512,0,ground
218.875,223.172,-0.814263,0,ground
218.885,223.175,-0.813922,0,ground
218.896,223.178,-0.8135,0,ground
218.907,223.18,-0.813057,0,ground
218.917,223.183,-0.812608,0,ground
218.928,223.186,-0.811864,0,ground
218.949,223.181,-0.810874,0,ground
218.96,223.183,-0.810107,0,ground
218.98,223.179,-0.809092,0,ground
218.99,223.182,-0.808548,0,ground
219.001,223.184,-0.808009,0,ground
219.011,223.186,-0.807448,0,ground
219.031,223.18,-0.80692,0,ground
219.042,223.183,-0.80631,0,ground
219.063,223.178,-0.80566,0,ground
219.074,223.18,-0.805291,0,ground
219.085,223.182,-0.804887,0,ground
219.095,223.184,-0.804493,0,ground
219.105,223.187,-0.803857,0,ground
219.129,223.179,-0.802227,0,ground
219.151,223.172,-0.801492,0,ground
219.162,223.175,-0.801095,0,ground
219.172,223.179,-0.800614,0,ground
219.182,223.181,-0.800117,0,ground
219.193,223.186,-0.799476,0,ground
219.204,223.189,-0.798612,0,ground
219.214,223.192,-0.79778,0,ground
219.224,223.194,-0.796931,0,ground
219.234,223.197,-0.796081,0,ground
219.246,223.2,-0.795076,0,ground
219.257,223.202,-0.794154,0,ground
219.267,223.204,-0.793319,0,ground
219.278,223.207,-0.792399,0,ground
219.288,223.212,-0.791448,0,ground
219.299,223.214,-0.790509,0,ground
219.309,223.218,-0.789546,0,ground
219.319,223.22,-0.788608,0,ground
219.329,223.221,-0.787684,0,ground
219.339,223.222,-0.786834,0,ground
219.349,223.225,-0.785935,0,ground
219.36,223.227,-0.785033,0,ground
219.371,223.228,-0.783944,0,ground
219.412,223.207,-0.783068,0,ground
219.424,223.208,-0.782876,0,ground
219.435,223.209,-0.782691,0,ground
219.446,223.212,-0.782272,0,ground
219.466,223.208,-0.781889,0,ground
219.477,223.211,-0.78163,0,ground
219.487,223.213,-0.78138,0,ground
219.498,223.216,-0.781049,0,ground
219.508,223.22,-0.780647,0,ground
219.519,223.22,-0.780267,0,ground
219.529,223.222,-0.779911,0,ground
219.55,223.217,-0.779698,0,ground
219.561,223.22,-0.77952,0,ground
219.572,223.224,-0.779269,0,ground
219.582,223.225,-0.779023,0,ground
219.596,223.225,-0.778798,0,ground
219.606,223.227,-0.778607,0,ground
219.617,223.229,-0.778403,0,ground
219.627,223.233,-0.77812,0,ground
219.637,223.234,-0.777634,0,ground
219.658,223.228,-0.777248,0,ground
219.669,223.231,-0.776995,0,ground
219.679,223.233,-0.776717,0,ground
219.689,223.236,-0.776196,0,ground
219.71,223.23,-0.775703,0,ground
219.73,223.226,-0.775628,0,ground
219.741,223.228,-0.77554,0,ground
219.752,223.23,-0.775454,0,ground
219.763,223.231,-0.775363,0,ground
219.773,223.232,-0.775293,0,ground
219.784,223.235,-0.77518,0,ground
219.794,223.236,-0.77509,0,ground
219.804,223.237,-0.774987,0,ground
219.816,223.239,-0.774854,0,ground
219.826,223.241,-0.774728,0,ground
219.837,223.244,-0.774547,0,ground
219.848,223.244,-0.774385,0,ground
219.858,223.248,-0.774165,0,ground
219.868,223.251,-0.773913,0,ground
219.879,223.251,-0.773683,0,ground
219.89,223.251,-0.773502,0,ground
219.901,223.252,-0.773353,0,ground
219.911,223.254,-0.772998,0,ground
219.942,223.238,-0.773567,0,ground
219.952,223.241,-0.773715,0,ground
219.963,223.243,-0.773842,0,ground
219.974,223.243,-0.773738,0,ground
219.994,223.236,-0.77405,0,ground
220.004,223.238,-0.774167,0,ground
220.015,223.242,-0.774224,0,ground
220.026,223.243,-0.774279,0,ground
220.036,223.245,-0.774283,0,ground
220.047,223.249,-0.774175,0,ground
220.058,223.252,-0.774014,0,ground
220.068,223.255,-0.773806,0,ground
220.089,223.249,-0.773909,0,ground
220.099,223.251,-0.773928,0,ground
220.11,223.253,-0.77391,0,ground
220.12,223.256,-0.773848,0,ground
220.13,223.258,-0.773747,0,ground
220.141,223.259,-0.773668,0,ground
220.151,223.261,-0.773561,0,ground
220.162,223.261,-0.773492,0,ground
220.172,223.263,-0.773373,0,ground
220.183,223.265,-0.77326,0,ground
220.193,223.266,-0.77313,0,ground
220.204,223.268,-0.772977,0,ground
220.216,223.27,-0.772814,0,ground
220.226,223.272,-0.772419,0,ground
220.247,223.264,-0.772275,0,ground
220.258,223.264,-0.772231,0,ground
220.268,223.265,-0.772204,0,ground
220.278,223.267,-0.772145,0,ground
220.288,223.267,-0.772133,0,ground
220.299,223.268,-0.77214,0,ground
220.31,223.271,-0.772075,0,ground
220.32,223.272,-0.772033,0,ground
220.33,223.274,-0.771938,0,ground
220.34,223.276,-0.77184,0,ground
220.351,223.275,-0.771793,0,ground
220.362,223.276,-0.771773,0,ground
220.372,223.275,-0.771828,0,ground
220.392,223.269,-0.772428,0,ground
220.403,223.27,-0.772735,0,ground
220.413,223.27,-0.773024,0,ground
220.424,223.271,-0.773116,0,ground
220.447,223.262,-0.774055,0,ground
220.457,223.264,-0.774401,0,ground
220.467,223.264,-0.774785,0,ground
220.478,223.262,-0.775233,0,ground
220.488,223.264,-0.775596,0,ground
220.501,223.265,-0.776084,0,ground
220.511,223.266,-0.776456,0,ground
220.521,223.267,-0.776803,0,ground
220.531,223.268,-0.777133,0,ground
220.542,223.269,-0.777439,0,ground
220.553,223.269,-0.777798,0,ground
220.563,223.27,-0.778128,0,ground
220.573,223.272,-0.778411,0,ground
220.584,223.273,-0.778671,0,ground
220.594,223.274,-0.778901,0,ground
220.604,223.273,-0.778981,0,ground
220.626,223.264,-0.779881,0,ground
220.636,223.265,-0.780252,0,ground
220.647,223.266,-0.780665,0,ground
220.657,223.267,-0.781026,0,ground
220.668,223.267,-0.781441,0,ground
220.678,223.268,-0.781618,0,ground
220.7,223.26,-0.782536,0,ground
220.72,223.252,-0.783988,0,ground
220.733,223.253,-0.784791,0,ground
220.743,223.253,-0.785477,0,ground
220.754,223.256,-0.786083,0,ground
220.765,223.258,-0.786647,0,ground
220.775,223.259,-0.787165,0,ground
220.786,223.26,-0.787679,0,ground
220.797,223.262,-0.788136,0,ground
220.807,223.263,-0.788549,0,ground
220.817,223.264,-0.788934,0,ground
220.827,223.264,-0.789314,0,ground
220.837,223.267,-0.789628,0,ground
220.847,223.266,-0.789961,0,ground
220.857,223.268,-0.790267,0,ground
220.868,223.27,-0.790517,0,ground
220.878,223.271,-0.790562,0,ground
220.9,223.263,-0.791239,0,ground
220.91,223.261,-0.791629,0,ground
220.921,223.261,-0.792036,0,ground
220.953,223.246,-0.794776,0,ground
220.964,223.246,-0.795386,0,ground
220.985,223.239,-0.797019,0,ground
220.995,223.24,-0.797756,0,ground
221.005,223.242,-0.798418,0,ground
221.016,223.241,-0.799163,0,ground
221.026,223.243,-0.799812,0,ground
221.037,223.243,-0.800433,0,ground
221.047,223.246,-0.800773,0,ground
221.058,223.247,-0.801119,0,ground
221.069,223.249,-0.801396,0,ground
221.081,223.249,-0.801489,0,ground
221.102,223.241,-0.802198,0,ground
221.113,223.242,-0.802523,0,ground
221.124,223.242,-0.802866,0,ground
221.135,223.243,-0.803214,0,ground
221.146,223.244,-0.803524,0,ground
221.157,223.245,-0.803829,0,ground
221.167,223.244,-0.804175,0,ground
221.178,223.245,-0.804498,0,ground
221.188,223.246,-0.804779,0,ground
221.198,223.247,-0.805039,0,ground
221.208,223.25,-0.805238,0,ground
221.218,223.25,-0.80545,0,ground
221.228,223.251,-0.805649,0,ground
221.238,223.252,-0.805836,0,ground
221.249,223.251,-0.806077,0,ground
221.26,223.252,-0.806302,0,ground
221.27,223.253,-0.806504,0,ground
221.291,223.245,-0.807481,0,ground
221.302,223.247,-0.807912,0,ground
221.313,223.248,-0.808322,0,ground
221.324,223.248,-0.808726,0,ground
221.334,223.247,-0.809141,0,ground
221.345,223.247,-0.809586,0,ground
221.355,223.248,-0.809977,0,ground
221.365,223.25,-0.810327,0,ground
221.375,223.251,-0.810655,0,ground
221.386,223.251,-0.810979,0,ground
221.396,223.251,-0.811309,0,ground
221.407,223.252,-0.811664,0,ground
221.417,223.252,-0.812014,0,ground
221.429,223.25,-0.812451,0,ground
221.439,223.249,-0.81292,0,ground
221.45,223.249,-0.813375,0,ground
221.46,223.249,-0.813806,0,ground
221.47,223.249,-0.814257,0,ground
221.48,223.249,-0.814687,0,ground
221.49,223.252,-0.815046,0,ground
221.521,223.236,-0.817669,0,ground
221.532,223.236,-0.818512,0,ground
221.552,223.229,-0.820488,0,ground
221.562,223.229,-0.821192,0,ground
221.584,223.221,-0.823082,0,ground
221.595,223.224,-0.823714,0,ground
221.616,223.214,-0.825448,0,ground
221.626,223.214,-0.826289,0,ground
221.637,223.214,-0.827142,0,ground
221.647,223.213,-0.82796,0,ground
221.658,223.214,-0.828761,0,ground
221.669,223.215,-0.829539,0,ground
221.679,223.217,-0.830199,0,ground
221.689,223.218,-0.830785,0,ground
221.7,223.219,-0.831341,0,ground
221.713,223.217,-0.832076,0,ground
221.723,223.217,-0.832655,0,ground
221.733,223.219,-0.833144,0,ground
221.744,223.218,-0.833466,0,ground
221.765,223.208,-0.834671,0,ground
221.796,223.191,-0.83772,0,ground
221.807,223.192,-0.838733,0,ground
221.817,223.194,-0.839592,0,ground
221.828,223.196,-0.840408,0,ground
221.839,223.196,-0.841162,0,ground
221.871,223.181,-0.844449,0,ground
221.881,223.183,-0.845399,0,ground
221.892,223.184,-0.846359,0,ground
221.903,223.184,-0.847276,0,ground
221.913,223.186,-0.848027,0,ground
221.923,223.189,-0.848466,0,ground
221.944,223.181,-0.849782,0,ground
221.955,223.182,-0.850375,0,ground
221.965,223.184,-0.85068,0,ground
221.986,223.177,-0.850877,0,ground
222.007,223.17,-0.851512,0,ground
222.018,223.172,-0.851773,0,ground
222.028,223.173,-0.852002,0,ground
222.038,223.174,-0.852186,0,ground
222.049,223.177,-0.852263,0,ground
222.062,223.177,-0.85237,0,ground
222.072,223.181,-0.852309,0,ground
222.082,223.183,-0.852223,0,ground
222.092,223.184,-0.852101,0,ground
222.103,223.186,-0.851951,0,ground
222.114,223.188,-0.85173,0,ground
222.125,223.187,-0.851542,0,ground
222.136,223.188,-0.851377,0,ground
222.146,223.191,-0.850937,0,ground
222.156,223.192,-0.850508,0,ground
222.166,223.194,-0.850031,0,ground
222.177,223.195,-0.849563,0,ground
222.187,223.196,-0.849051,0,ground
222.197,223.197,-0.848566,0,ground
222.208,223.2,-0.847979,0,ground
222.219,223.2,-0.847439,0,ground
222.23,223.203,-0.846854,0,ground
222.24,223.204,-0.846281,0,ground
222.25,223.206,-0.845704,0,ground
222.26,223.208,-0.84511,0,ground
222.27,223.211,-0.844274,0,ground
222.291,223.203,-0.843147,0,ground
222.302,223.206,-0.842513,0,ground
222.312,223.207,-0.841933,0,ground
222.322,223.208,-0.841393,0,ground
222.332,223.208,-0.840866,0,ground
222.342,223.207,-0.840413,0,ground
222.355,223.208,-0.839887,0,ground
222.365,223.207,-0.839501,0,ground
222.376,223.208,-0.839127,0,ground
222.386,223.21,-0.83874,0,ground
222.396,223.21,-0.838375,0,ground
222.407,223.21,-0.837846,0,ground
222.427,223.205,-0.836541,0,ground
222.448,223.2,-0.835675,0,ground
222.458,223.2,-0.835259,0,ground
222.469,223.203,-0.834809,0,ground
222.48,223.204,-0.83434,0,ground
222.501,223.195,-0.834112,0,ground
222.511,223.198,-0.833928,0,ground
222.521,223.199,-0.833705,0,ground
222.531,223.2,-0.83351,0,ground
222.542,223.201,-0.833306,0,ground
222.553,223.203,-0.833071,0,ground
222.564,223.204,-0.832834,0,ground
222.574,223.205,-0.832397,0,ground
222.595,223.197,-0.832127,0,ground
222.617,223.188,-0.832507,0,ground
222.627,223.189,-0.832677,0,ground
222.64,223.189,-0.832893,0,ground
222.65,223.191,-0.832985,0,ground
222.67,223.184,-0.833593,0,ground
222.68,223.186,-0.833822,0,ground
222.691,223.187,-0.834063,0,ground
222.702,223.188,-0.83426,0,ground
222.713,223.19,-0.834163,0,ground
222.734,223.181,-0.834542,0,ground
222.744,223.184,-0.834653,0,ground
222.757,223.182,-0.834873,0,ground
222.767,223.185,-0.83495,0,ground
222.777,223.186,-0.835006,0,ground
222.787,223.188,-0.835032,0,ground
222.798,223.19,-0.835008,0,ground
222.811,223.189,-0.835025,0,ground
222.822,223.191,-0.834996,0,ground
222.842,223.186,-0.83533,0,ground
222.852,223.188,-0.835433,0,ground
222.863,223.19,-0.835485,0,ground
222.874,223.191,-0.835511,0,ground
222.884,223.192,-0.835504,0,ground
222.895,223.195,-0.835432,0,ground
222.906,223.198,-0.835247,0,ground
222.916,223.199,-0.835099,0,ground
222.948,223.183,-0.836222,0,ground
222.958,223.185,-0.836553,0,ground
222.969,223.185,-0.836864,0,ground
222.982,223.185,-0.837251,0,ground
222.992,223.185,-0.837564,0,ground
223.002,223.186,-0.837609,0,ground
223.023,223.18,-0.837392,0,ground
223.033,223.182,-0.83724,0,ground
223.044,223.184,-0.837035,0,ground
223.055,223.184,-0.83688,0,ground
223.066,223.186,-0.836701,0,ground
223.076,223.186,-0.836513,0,ground
223.086,223.189,-0.836263,0,ground
223.097,223.19,-0.835986,0,ground
223.108,223.191,-0.835701,0,ground
223.119,223.192,-0.835431,0,ground
223.129,223.193,-0.834952,0,ground
223.15,223.186,-0.834561,0,ground
223.16,223.187,-0.834356,0,ground
223.171,223.189,-0.83409,0,ground
223.181,223.193,-0.833741,0,ground
223.192,223.197,-0.833323,0,ground
223.202,223.199,-0.832864,0,ground
223.212,223.202,-0.832363,0,ground
223.223,223.202,-0.831882,0,ground
223.234,223.205,-0.831336,0,ground
223.244,223.208,-0.830776,0,ground
223.254,223.212,-0.830165,0,ground
223.264,223.212,-0.829564,0,ground
223.275,223.213,-0.828966,0,ground
223.285,223.215,-0.828375,0,ground
223.296,223.215,-0.827791,0,ground
223.307,223.215,-0.827225,0,ground
223.317,223.217,-0.826709,0,ground
223.328,223.216,-0.826233,0,ground
223.338,223.218,-0.825741,0,ground
223.348,223.219,-0.825279,0,ground
223.359,223.221,-0.824788,0,ground
223.37,223.22,-0.824348,0,ground
223.381,223.22,-0.823917,0,ground
223.391,223.222,-0.823512,0,ground
223.401,223.224,-0.823081,0,ground
223.412,223.224,-0.82268,0,ground
223.422,223.225,-0.822308,0,ground
223.432,223.224,-0.822004,0,ground
223.442,223.225,-0.821728,0,ground
223.452,223.225,-0.821472,0,ground
223.463,223.223,-0.82131,0,ground
223.484,223.215,-0.821601,0,ground
223.494,223.213,-0.821832,0,ground
223.504,223.213,-0.82205,0,ground
223.516,223.213,-0.822303,0,ground
223.527,223.212,-0.822576,0,ground
223.537,223.214,-0.822594,0,ground
223.559,223.207,-0.823078,0,ground
223.569,223.209,-0.823268,0,ground
223.579,223.21,-0.823448,0,ground
223.59,223.211,-0.823612,0,ground
223.6,223.212,-0.823755,0,ground
223.611,223.21,-0.823981,0,ground
223.621,223.211,-0.824184,0,ground
223.631,223.213,-0.824334,0,ground
223.641,223.213,-0.824494,0,ground
223.651,223.213,-0.824673,0,ground
223.673,223.204,-0.824889,0,ground
223.693,223.196,-0.82567,0,ground
223.703,223.196,-0.826029,0,ground
223.714,223.196,-0.826409,0,ground
223.725,223.196,-0.826813,0,ground
223.735,223.197,-0.827146,0,ground
223.756,223.19,-0.828234,0,ground
223.766,223.191,-0.828737,0,ground
223.777,223.192,-0.829029,0,ground
223.798,223.183,-0.830084,0,ground
223.809,223.183,-0.830614,0,ground
223.83,223.174,-0.832155,0,ground
223.841,223.174,-0.8329,0,ground
223.851,223.176,-0.833556,0,ground
223.861,223.177,-0.834161,0,ground
223.871,223.179,-0.83465,0,ground
223.882,223.179,-0.834953,0,ground
223.903,223.171,-0.836031,0,ground
223.924,223.165,-0.837375,0,ground
223.935,223.167,-0.838012,0,ground
223.945,223.167,-0.838596,0,ground
223.955,223.168,-0.839136,0,ground
223.965,223.168,-0.839655,0,ground
223.976,223.169,-0.840175,0,ground
223.987,223.171,-0.840603,0,ground
223.997,223.171,-0.84099,0,ground
224.007,223.173,-0.841306,0,ground
224.018,223.174,-0.841602,0,ground
224.029,223.177,-0.841799,0,ground
224.039,223.178,-0.841984,0,ground
224.05,223.179,-0.842115,0,ground
224.06,223.18,-0.842217,0,ground
224.07,223.182,-0.842267,0,ground
224.083,223.183,-0.84234,0,ground
224.093,223.184,-0.842167,0,ground
224.125,223.168,-0.841572,0,ground
224.147,223.16,-0.841817,0,ground
224.158,223.162,-0.841894,0,ground
224.169,223.163,-0.841914,0,ground
224.179,223.166,-0.841866,0,ground
224.199,223.159,-0.842239,0,ground
224.209,223.161,-0.842387,0,ground
224.219,223.165,-0.842408,0,ground
224.229,223.167,-0.842386,0,ground
224.24,223.167,-0.842361,0,ground
224.251,223.169,-0.842292,0,ground
224.261,223.171,-0.842171,0,ground
224.271,223.172,-0.842054,0,ground
224.282,223.174,-0.841873,0,ground
224.292,223.175,-0.841727,0,ground
224.303,223.176,-0.84153,0,ground
224.314,223.177,-0.841327,0,ground
224.325,223.179,-0.841082,0,ground
224.336,223.18,-0.84083,0,ground
224.346,223.18,-0.840634,0,ground
224.356,223.182,-0.840402,0,ground
224.367,223.182,-0.840186,0,ground
224.378,223.182,-0.839982,0,ground
224.399,223.174,-0.840198,0,ground
224.409,223.175,-0.840275,0,ground
224.419,223.177,-0.840295,0,ground
224.43,223.179,-0.840044,0,ground
224.44,223.179,-0.839827,0,ground
224.45,223.18,-0.839591,0,ground
224.481,223.166,-0.840334,0,ground
224.492,223.167,-0.840536,0,ground
224.503,223.169,-0.840676,0,ground
224.513,223.171,-0.840766,0,ground
224.523,223.175,-0.84073,0,ground
224.533,223.177,-0.840645,0,ground
224.544,223.177,-0.84058,0,ground
224.554,223.179,-0.84048,0,ground
224.564,223.181,-0.840319,0,ground
224.575,223.183,-0.840118,0,ground
224.586,223.184,-0.839898,0,ground
224.597,223.183,-0.839751,0,ground
224.607,223.186,-0.839318,0,ground
224.628,223.178,-0.839022,0,ground
224.638,223.181,-0.83883,0,ground
224.659,223.174,-0.838229,0,ground
224.68,223.168,-0.837215,0,ground
224.711,223.154,-0.837126,0,ground
224.732,223.148,-0.836601,0,ground
224.753,223.143,-0.836553,0,ground
224.763,223.147,-0.836202,0,ground
224.784,223.141,-0.835159,0,ground
224.805,223.136,-0.833829,0,ground
224.826,223.131,-0.832987,0,ground
224.837,223.135,-0.832461,0,ground
224.848,223.139,-0.831864,0,ground
224.858,223.143,-0.831176,0,ground
224.869,223.145,-0.83047,0,ground
224.88,223.148,-0.829692,0,ground
224.89,223.15,-0.828948,0,ground
224.9,223.153,-0.827953,0,ground
224.932,223.139,-0.826448,0,ground
224.942,223.144,-0.825885,0,ground
224.952,223.148,-0.825221,0,ground
224.962,223.151,-0.824507,0,ground
224.973,223.156,-0.82368,0,ground
224.983,223.156,-0.822858,0,ground
224.994,223.159,-0.822008,0,ground
225.004,223.161,-0.821175,0,ground
225.014,223.163,-0.820353,0,ground
225.025,223.17,-0.819377,0,ground
225.035,223.174,-0.818152,0,ground
225.056,223.167,-0.816337,0,ground
225.066,223.171,-0.815367,0,ground
225.077,223.177,-0.814093,0,ground
225.098,223.166,-0.81244,0,ground
225.108,223.17,-0.811637,0,ground
225.118,223.173,-0.810791,0,ground
225.129,223.177,-0.809802,0,ground
225.139,223.181,-0.808804,0,ground
225.15,223.185,-0.807792,0,ground
225.16,223.187,-0.806834,0,ground
225.171,223.188,-0.805805,0,ground
225.191,223.185,-0.804432,0,ground
225.202,223.19,-0.803578,0,ground
225.212,223.192,-0.80276,0,ground
225.223,223.199,-0.801768,0,ground
225.244,223.188,-0.800758,0,ground
225.264,223.188,-0.799185,0,ground
225.286,223.186,-0.797133,0,ground
225.317,223.175,-0.795624,0,ground
225.328,223.176,-0.795154,0,ground
225.339,223.184,-0.794454,0,ground
225.349,223.189,-0.793681,0,ground
225.359,223.184,-0.792945,0,ground
225.402,223.149,-0.75906,0,ground
225.413,223.102,-0.732099,0,ground
225.444,223.22,-0.539543,0,ground
225.454,223.281,-0.462283,0,ground
225.465,223.39,-0.365252,0,ground
225.476,223.409,-0.257225,0,ground
225.487,223.432,-0.13901,0,ground
225.498,223.496,-0.0131106,0,ground
225.508,223.577,0.117051,0,ground
225.52,223.587,0.277112,0,ground
225.53,223.674,0.426743,0,ground
225.54,223.754,0.580496,0,ground
225.551,223.753,0.754555,0,ground
225.582,223.957,1.30832,0,ground
225.593,224.066,1.51262,0,ground
225.604,224.196,1.7223,0,ground
225.615,224.36,1.94118,0,ground
225.625,224.415,2.15344,0,ground
225.636,224.528,2.38038,0,ground
225.646,224.642,2.59782,0,ground
225.667,224.946,3.08154,0,ground
225.688,225.178,3.56694,0,ground
225.698,225.348,3.81501,0,ground
225.709,225.478,4.08458,0,ground
225.719,225.643,4.34919,0,ground
225.73,225.825,4.6118,0,ground
225.74,226,4.87678,0,ground
Engine burn at t = 225.7514 s
225.751,226.188,5.18089,0,burn
225.762,226.362,5.45247,0,burn
225.783,226.718,6.02959,0,burn
225.794,226.957,6.33448,0,burn
225.816,227.36,6.96577,0,burn
225.826,227.575,7.26258,0,burn
225.837,227.824,7.55306,0,burn
225.847,228.075,7.84621,0,burn
225.857,228.325,8.14646,0,burn
225.867,228.597,8.46465,0,burn
225.878,228.898,8.78967,0,burn
225.889,229.174,9.08877,0,burn
225.9,229.491,9.41224,0,burn
225.91,229.796,9.7271,0,burn
225.92,230.091,10.019,0,burn
225.931,230.393,10.3148,0,burn
225.941,230.704,10.5991,0,burn
225.952,231.041,10.8915,0,burn
225.963,231.378,11.1781,0,burn
225.973,231.684,11.4475,0,burn
225.983,232.011,11.7141,0,burn
225.994,232.363,11.9969,0,burn
226.004,232.705,12.254,0,burn
226.036,233.496,13.0668,0,burn
226.057,234.095,13.6107,0,burn
226.067,234.532,13.8849,0,burn
226.078,234.972,14.1757,0,burn
226.093,235.484,14.5938,0,burn
226.104,235.941,14.8975,0,burn
226.114,236.398,15.1978,0,burn
226.124,236.846,15.5009,0,burn
226.134,237.326,15.8101,0,burn
226.157,238.122,16.5135,0,burn
226.168,238.651,16.8458,0,burn
226.179,239.174,17.178,0,burn
226.189,239.689,17.4962,0,burn
226.221,240.78,18.51,0,burn
226.231,241.356,18.8559,0,burn
226.241,241.922,19.192,0,burn
226.251,242.496,19.5386,0,burn
226.262,243.109,19.919,0,burn
226.273,243.716,20.3057,0,burn
226.283,244.347,20.6958,0,burn
226.294,244.953,21.0767,0,burn
226.315,245.917,21.8738,0,burn
226.325,246.559,22.2573,0,burn
226.336,247.217,22.6567,0,burn
226.346,247.855,23.0424,0,burn
226.357,248.547,23.4671,0,burn
226.367,249.21,23.8559,0,burn
226.378,249.908,24.2757,0,burn
226.388,250.573,24.6622,0,burn
226.399,251.302,25.0858,0,burn
226.409,252.029,25.5044,0,burn
226.435,253.295,26.4594,0,burn
226.446,254.029,26.8375,0,burn
226.456,254.788,27.2223,0,burn
226.466,255.55,27.6054,0,burn
226.498,257.122,28.7423,0,burn
226.508,257.938,29.1159,0,burn
226.519,258.789,29.5328,0,burn
226.529,259.614,29.9205,0,burn
226.539,260.437,30.3194,0,burn
226.55,261.3,30.7551,0,burn
226.56,262.205,31.2009,0,burn
226.571,263.115,31.6518,0,burn
226.582,264.013,32.1111,0,burn
226.626,266.417,33.9666,0,burn
226.636,267.395,34.4048,0,burn
226.646,268.375,34.8567,0,burn
226.657,269.391,35.338,0,burn
226.667,270.405,35.8083,0,burn
226.678,271.436,36.2746,0,burn
226.688,272.486,36.7442,0,burn
226.698,273.525,37.1954,0,burn
226.708,274.594,37.6472,0,burn
226.72,275.782,38.1835,0,burn
226.73,276.865,38.6366,0,burn
226.762,279.127,40.047,0,burn
226.772,280.337,40.5187,0,burn
226.782,281.532,40.9685,0,burn
226.803,283.355,41.9181,0,burn
226.813,284.613,42.3747,0,burn
226.823,285.878,42.8348,0,burn
226.834,287.134,43.2955,0,burn
226.866,289.708,44.7409,0,burn
226.887,291.704,45.694,0,burn
226.897,293.078,46.1479,0,burn
226.918,295.116,47.0755,0,burn
226.939,297.226,48.0361,0,burn
226.949,298.699,48.4962,0,burn
226.991,302.251,50.3721,0,burn
227.001,303.797,50.8232,0,burn
227.012,305.415,51.3114,0,burn
227.022,307.003,51.7893,0,burn
227.033,308.601,52.2556,0,burn
227.064,311.723,53.6714,0,burn
227.077,313.544,54.2324,0,burn
227.087,315.212,54.7021,0,burn
227.098,316.934,55.1958,0,burn
227.109,318.659,55.6785,0,burn
227.119,320.338,56.1337,0,burn
227.131,322.158,56.6769,0,burn
227.141,323.845,57.1335,0,burn
227.151,325.509,57.586,0,burn
227.162,327.277,58.0811,0,burn
227.172,328.951,58.5343,0,burn
227.183,330.712,59.0293,0,burn
227.194,332.472,59.5182,0,burn
227.205,334.254,60.0119,0,burn
227.216,336.048,60.5008,0,burn
227.226,337.785,60.9588,0,burn
227.237,339.531,61.4237,0,burn
227.247,341.327,61.9139,0,burn
227.257,343.058,62.3657,0,burn
227.268,344.837,62.8361,0,burn
227.278,346.607,63.3044,0,burn
227.289,348.354,63.7651,0,burn
227.363,356.138,67.1283,0,burn
227.373,358.113,67.5815,0,burn
227.384,360.176,68.0759,0,burn
227.406,363.245,69.0296,0,burn
227.417,365.368,69.5261,0,burn
227.427,367.437,70.0026,0,burn
227.438,369.475,70.473,0,burn
227.449,371.589,70.9667,0,burn
227.459,373.619,71.4185,0,burn
227.469,375.694,71.8936,0,burn
227.479,377.751,72.3557,0,burn
227.49,379.811,72.8206,0,burn
227.5,381.835,73.2724,0,burn
227.584,391.965,77.0689,0,burn
227.594,394.237,77.5214,0,burn
227.605,396.622,78.0164,0,burn
227.615,398.896,78.4689,0,burn
227.626,401.277,78.9647,0,burn
227.636,403.551,79.4165,0,burn
227.647,405.914,79.8979,0,burn
227.657,408.203,80.349,0,burn
227.668,410.585,80.8331,0,burn
227.689,414.205,81.769,0,burn
227.712,418.177,82.8154,0,burn
227.723,420.646,83.3009,0,burn
227.733,423.04,83.7671,0,burn
227.744,425.413,84.2381,0,burn
227.754,427.742,84.6982,0,burn
227.765,430.148,85.1919,0,burn
227.775,432.464,85.6595,0,burn
227.785,434.75,86.1244,0,burn
Engine burnout at t = 227.7958 s
227.796,437.042,86.5878,0,coast
227.806,439.293,87.0376,1228.42,coast
227.816,441.497,87.4908,1237.66,coast
227.837,445.106,88.4404,1246.9,coast
227.858,448.78,89.3942,1256.07,coast
227.868,451.039,89.8556,1266.19,coast
227.879,453.312,90.3184,1276.09,coast
227.889,455.645,90.7949,1285.87,coast
227.899,457.893,91.2467,1296.09,coast
227.91,460.286,91.7418,1306.1,coast
227.931,463.951,92.6729,1315.7,coast
227.941,466.255,93.1357,1325.71,coast
227.951,468.523,93.5875,1335.78,coast
227.962,470.926,94.0833,1345.7,coast
227.973,473.283,94.5605,1356.7,coast
227.983,475.563,95.0199,1366.46,coast
227.993,477.85,95.482,1376.63,coast
228.004,480.229,95.9763,1387.17,coast
228.015,482.542,96.4494,1397.06,coast
228.025,484.834,96.915,1406.73,coast
228.035,487.077,97.3737,1415.94,coast
228.046,489.341,97.8372,1425.33,coast
228.067,493.048,98.7751,1434.02,coast
228.087,496.791,99.709,1443.24,coast
228.109,500.61,100.672,1451.45,coast
228.152,507.444,102.61,1458.15,coast
228.162,509.769,103.063,1468.57,coast
228.172,512.104,103.527,1478.41,coast
228.193,515.925,104.482,1486.95,coast
228.215,519.79,105.434,1495.91,coast
228.235,523.599,106.36,1505.31,coast
228.245,525.948,106.821,1515.23,coast
228.255,528.264,107.274,1525.28,coast
228.266,530.71,107.768,1535.02,coast
228.277,533.082,108.243,1544.75,coast
228.287,535.41,108.702,1554.29,coast
228.298,537.712,109.166,1563.5,coast
228.318,541.518,110.102,1571.76,coast
228.329,543.876,110.58,1580.97,coast
228.339,546.198,111.045,1590.25,coast
228.35,548.505,111.512,1599.16,coast
228.381,553.873,112.93,1606.43,coast
228.391,556.151,113.388,1615.48,coast
228.403,558.669,113.92,1624.33,coast
228.413,560.946,114.372,1633.47,coast
228.424,563.279,114.853,1642.2,coast
228.434,565.606,115.329,1651.04,coast
228.445,567.856,115.791,1659.46,coast
228.467,571.838,116.782,1667.29,coast
228.477,574.066,117.24,1675.78,coast
228.488,576.395,117.733,1684.02,coast
228.499,578.687,118.216,1692.3,coast
228.509,580.892,118.675,1700.35,coast
228.52,583.16,119.158,1708.28,coast
228.53,585.443,119.64,1716.31,coast
228.541,587.655,120.111,1723.8,coast
228.551,589.854,120.575,1731.47,coast
228.561,591.988,121.026,1738.81,coast
228.572,594.261,121.518,1746.17,coast
228.582,596.376,121.969,1753.16,coast
228.592,598.476,122.42,1760.1,coast
228.613,602.26,123.374,1765.69,coast
228.624,604.497,123.864,1772.31,coast
228.635,606.766,124.355,1779.21,coast
228.645,608.921,124.822,1785.86,coast
228.655,611.009,125.276,1791.97,coast
228.688,616.476,126.717,1796.63,coast
228.708,620.217,127.652,1802.3,coast
228.719,622.366,128.117,1808.6,coast
228.729,624.469,128.567,1814.89,coast
228.74,626.692,129.061,1820.87,coast
228.75,628.802,129.528,1826.43,coast
228.76,630.9,129.987,1832.34,coast
228.771,633.069,130.466,1838.19,coast
228.782,635.278,130.962,1843.79,coast
228.792,637.376,131.431,1848.98,coast
228.803,639.49,131.9,1854.46,coast
228.814,641.632,132.388,1859.32,coast
228.825,643.798,132.884,1864.25,coast
228.835,645.917,133.364,1869.04,coast
228.877,652.97,135.265,1871.13,coast
228.888,655.026,135.723,1876.12,coast
228.898,657.1,136.19,1880.93,coast
228.908,659.12,136.642,1885.76,coast
228.92,661.421,137.179,1890.16,coast
228.931,663.558,137.672,1894.53,coast
228.941,665.632,138.143,1899.15,coast
228.952,667.678,138.612,1903.44,coast
228.962,669.687,139.073,1907.62,coast
228.973,671.74,139.552,1911.48,coast
228.983,673.788,140.03,1915.27,coast
229.015,679.167,141.467,1917,coast
229.025,681.134,141.92,1920.87,coast
229.036,683.243,142.41,1925.04,coast
229.046,685.182,142.861,1928.77,coast
229.057,687.283,143.356,1932.43,coast
229.067,689.215,143.808,1935.91,coast
229.078,691.183,144.269,1939.54,coast
229.088,693.175,144.74,1942.9,coast
229.1,695.464,145.296,1946.02,coast
229.11,697.365,145.748,1949.12,coast
229.121,699.447,146.244,1952.49,coast
229.174,707.929,148.142,1951.07,coast
229.184,709.824,148.496,1954.14,coast
229.195,711.859,148.866,1957.13,coast
229.215,715.434,149.496,1959.34,coast
229.226,717.337,149.797,1962.26,coast
229.236,719.209,150.081,1965.27,coast
229.246,721.1,150.359,1968.37,coast
229.256,723.007,150.632,1971.25,coast
229.267,725.001,150.911,1973.83,coast
229.278,727.006,151.178,1976.68,coast
229.32,733.942,151.982,1977.1,coast
229.331,735.834,152.17,1979.99,coast
229.341,737.744,152.355,1982.94,coast
229.351,739.61,152.532,1985.65,coast
229.361,741.445,152.7,1988.17,coast
229.372,743.414,152.876,1990.43,coast
229.384,745.451,153.05,1992.74,coast
229.394,747.352,153.206,1995.03,coast
229.405,749.266,153.357,1997.34,coast
229.415,751.112,153.496,1999.63,coast
229.426,753.055,153.639,2001.68,coast
229.437,754.945,153.77,2003.81,coast
229.458,758.493,153.999,2004.93,coast
229.468,760.274,154.102,2006.89,coast
229.49,763.828,154.289,2007.85,coast
229.5,765.632,154.374,2009.74,coast
229.51,767.445,154.456,2011.58,coast
229.521,769.365,154.54,2013.45,coast
229.531,771.162,154.614,2015.48,coast
229.541,772.957,154.686,2017.36,coast
229.552,774.801,154.756,2018.92,coast
229.562,776.544,154.819,2020.49,coast
229.573,778.437,154.884,2022.02,coast
229.584,780.314,154.944,2023.68,coast
229.594,782.093,154.998,2025.28,coast
229.605,783.865,155.049,2026.42,coast
229.616,785.737,155.098,2027.86,coast
229.626,787.473,155.141,2029.32,coast
229.636,789.26,155.182,2030.66,coast
229.647,791.01,155.219,2031.9,coast
229.657,792.75,155.252,2032.97,coast
229.667,794.491,155.283,2034.22,coast
229.678,796.295,155.312,2035.66,coast
229.688,798.081,155.337,2036.56,coast
229.699,799.82,155.358,2037.78,coast
229.709,801.569,155.378,2039.03,coast
229.719,803.248,155.394,2040.06,coast
229.73,805.083,155.409,2041.07,coast
229.74,806.787,155.419,2042.04,coast
229.751,808.619,155.428,2043.2,coast
229.761,810.287,155.434,2044.04,coast
229.772,812.101,155.437,2044.82,coast
229.783,813.859,155.437,2045.74,coast
229.825,820.473,155.365,2045.11,coast
229.846,823.826,155.315,2045.56,coast
229.857,825.583,155.288,2046.23,coast
229.867,827.316,155.258,2046.76,coast
229.878,829.085,155.227,2047.57,coast
229.888,830.752,155.196,2048.06,coast
229.898,832.402,155.163,2048.81,coast
229.919,835.663,155.087,2049.08,coast
229.93,837.372,155.045,2049.49,coast
229.94,839.077,155.002,2049.78,coast
229.951,840.702,154.958,2050.14,coast
229.961,842.366,154.913,2050.69,coast
229.972,844.123,154.863,2051.13,coast
229.992,847.274,154.764,2051.48,coast
230.002,848.875,154.714,2051.88,coast
230.022,852.01,154.605,2052.03,coast
230.033,853.773,154.545,2052.66,coast
230.044,855.476,154.484,2052.95,coast
230.076,860.476,154.286,2052.93,coast
230.087,862.186,154.217,2053.22,coast
230.099,864.008,154.144,2053.61,coast
230.11,865.704,154.074,2053.8,coast
230.141,870.509,153.858,2053.65,coast
230.154,872.455,153.767,2053.38,coast
230.165,874.161,153.687,2053.46,coast
230.175,875.732,153.613,2053.78,coast
230.185,877.378,153.536,2054.03,coast
230.195,878.98,153.46,2054.43,coast
230.206,880.646,153.38,2054.6,coast
230.217,882.303,153.299,2054.69,coast
230.228,883.997,153.215,2054.64,coast
230.239,885.662,153.131,2054.64,coast
230.249,887.235,153.049,2054.39,coast
230.281,892.04,152.782,2053.46,coast
230.291,893.608,152.693,2053.19,coast
230.301,895.153,152.604,2052.81,coast
230.332,899.845,152.322,2052.05,coast
230.343,901.433,152.224,2051.53,coast
230.353,902.97,152.127,2051.07,coast
230.375,906.157,151.921,2050.19,coast
230.386,907.803,151.814,2049.78,coast
230.396,909.361,151.711,2049.4,coast
230.407,910.953,151.603,2048.94,coast
230.417,912.417,151.502,2048.28,coast
230.428,914.036,151.387,2047.59,coast
230.441,915.938,151.252,2047,coast
230.461,918.923,151.037,2046.21,coast
230.472,920.536,150.918,2045.49,coast
230.483,922.147,150.799,2044.93,coast
230.496,924.04,150.656,2044.24,coast
230.506,925.585,150.539,2043.65,coast
230.516,927.054,150.426,2043.25,coast
230.526,928.514,150.313,2042.82,coast
230.537,930.077,150.19,2042.14,coast
230.548,931.652,150.068,2041.76,coast
230.559,933.221,149.945,2041.33,coast
230.57,934.81,149.818,2040.75,coast
230.58,936.284,149.702,2040.43,coast
230.59,937.753,149.586,2040.19,coast
230.6,939.198,149.469,2039.59,coast
230.611,940.781,149.341,2039.08,coast
230.632,943.853,149.096,2038.65,coast
230.642,945.31,148.978,2038.17,coast
230.652,946.787,148.859,2037.77,coast
230.662,948.259,148.74,2037.43,coast
230.673,949.824,148.61,2036.81,coast
230.683,951.243,148.491,2036.1,coast
230.694,952.727,148.364,2035.3,coast
230.704,954.191,148.24,2034.85,coast
230.714,955.645,148.115,2034.02,coast
230.725,957.105,147.99,2033.57,coast
230.735,958.624,147.857,2032.76,coast
230.746,960.122,147.725,2032,coast
230.756,961.557,147.597,2031.26,coast
230.777,964.578,147.332,2030.33,coast
230.788,966.128,147.193,2029.64,coast
230.799,967.554,147.065,2028.97,coast
230.809,969.009,146.933,2028.26,coast
230.82,970.532,146.795,2027.57,coast
230.83,971.937,146.666,2026.88,coast
230.841,973.475,146.525,2026.3,coast
230.851,974.922,146.392,2025.66,coast
230.862,976.381,146.256,2024.85,coast
230.872,977.819,146.121,2024.13,coast
230.883,979.33,145.979,2023.35,coast
230.894,980.825,145.836,2022.46,coast
230.905,982.324,145.69,2021.45,coast
230.915,983.78,145.547,2020.57,coast
230.926,985.183,145.41,2019.79,coast
230.936,986.549,145.274,2018.92,coast
230.946,987.94,145.137,2018.18,coast
230.956,989.327,144.999,2017.44,coast
230.967,990.907,144.843,2016.79,coast
230.977,992.283,144.703,2015.79,coast
230.988,993.684,144.561,2014.92,coast
230.998,995.047,144.421,2014.08,coast
231.008,996.41,144.28,2013.17,coast
231.018,997.791,144.138,2012.49,coast
231.051,1002.28,143.697,2011.44,coast
231.061,1003.71,143.551,2010.74,coast
231.095,1008.38,143.099,2009.77,coast
231.105,1009.75,142.961,2009,coast
231.115,1011.12,142.821,2008.13,coast
231.126,1012.57,142.67,2007.07,coast
231.138,1014.14,142.51,2006.32,coast
231.149,1015.54,142.365,2005.42,coast
231.159,1016.91,142.222,2004.58,coast
231.169,1018.26,142.079,2003.61,coast
231.179,1019.57,141.939,2002.59,coast
231.19,1021.02,141.785,2001.76,coast
231.201,1022.44,141.631,2000.76,coast
231.211,1023.77,141.488,1999.93,coast
231.221,1025.09,141.345,1999.1,coast
231.232,1026.51,141.191,1998.2,coast
231.243,1027.95,141.034,1997.24,coast
231.275,1032.29,140.584,1996.09,coast
231.286,1033.72,140.431,1995.28,coast
231.307,1036.54,140.132,1993.95,coast
231.318,1037.95,139.977,1992.95,coast
231.328,1039.28,139.83,1991.88,coast
231.339,1040.59,139.686,1991.02,coast
231.349,1041.9,139.54,1990.04,coast
231.359,1043.3,139.382,1989.08,coast
231.37,1044.69,139.225,1988.03,coast
231.392,1047.52,138.914,1986.75,coast
231.402,1048.86,138.764,1985.94,coast
231.413,1050.22,138.608,1984.85,coast
231.424,1051.63,138.447,1983.89,coast
231.445,1054.44,138.136,1982.88,coast
231.455,1055.75,137.986,1981.89,coast
231.466,1057.08,137.834,1980.97,coast
231.477,1058.46,137.674,1980,coast
231.509,1062.73,137.21,1978.94,coast
231.52,1064.05,137.058,1978,coast
231.53,1065.36,136.91,1977.11,coast
231.541,1066.72,136.751,1976.12,coast
231.551,1068.03,136.597,1974.98,coast
231.562,1069.3,136.445,1973.93,coast
231.572,1070.61,136.291,1972.97,coast
231.583,1071.99,136.128,1972.12,coast
231.593,1073.26,135.974,1971.04,coast
231.604,1074.58,135.815,1970.07,coast
231.614,1075.86,135.66,1969.09,coast
231.625,1077.11,135.509,1968.23,coast
231.635,1078.35,135.357,1967.33,coast
231.645,1079.7,135.193,1966.53,coast
231.658,1081.27,135.006,1965.66,coast
231.669,1082.6,134.845,1964.91,coast
231.679,1083.83,134.694,1963.97,coast
231.69,1085.18,134.53,1963.18,coast
231.701,1086.52,134.367,1962.3,coast
231.711,1087.79,134.212,1961.53,coast
231.721,1089.05,134.059,1960.7,coast
231.731,1090.31,133.906,1959.97,coast
231.742,1091.63,133.742,1959.08,coast
231.753,1092.93,133.583,1958.25,coast
231.763,1094.2,133.425,1957.35,coast
231.776,1095.75,133.237,1956.53,coast
231.786,1097,133.085,1955.81,coast
231.797,1098.33,132.922,1954.98,coast
231.807,1099.6,132.767,1954.22,coast
231.818,1100.88,132.609,1953.43,coast
231.829,1102.25,132.442,1952.72,coast
231.84,1103.56,132.279,1951.72,coast
231.85,1104.82,132.123,1950.85,coast
231.881,1108.78,131.665,1950.06,coast
231.892,1110.02,131.512,1949.1,coast
231.902,1111.25,131.359,1948.01,coast
231.912,1112.46,131.207,1947.01,coast
231.933,1114.98,130.908,1946.07,coast
231.944,1116.3,130.746,1945.17,coast
231.965,1118.86,130.441,1944.27,coast
231.975,1120.06,130.292,1943.28,coast
231.985,1121.24,130.144,1942.22,coast
232.038,1127.92,129.393,1941.24,coast
232.049,1129.11,129.248,1940.21,coast
232.059,1130.28,129.104,1939.21,coast
232.069,1131.51,128.952,1938.12,coast
232.08,1132.8,128.792,1937.17,coast
232.101,1135.32,128.492,1936.09,coast
232.112,1136.54,128.339,1935.07,coast
232.123,1137.86,128.172,1934.03,coast
232.134,1139.09,128.016,1933.04,coast
232.144,1140.27,127.865,1932.09,coast
232.154,1141.43,127.715,1931.05,coast
232.164,1142.6,127.563,1930.11,coast
232.175,1143.78,127.41,1929.21,coast
232.185,1144.94,127.258,1928.26,coast
232.195,1146.09,127.107,1927.32,coast
232.205,1147.23,126.955,1926.27,coast
232.216,1148.49,126.787,1925.34,coast
232.227,1149.72,126.622,1924.32,coast
232.238,1150.98,126.453,1923.37,coast
232.248,1152.13,126.299,1922.49,coast
232.259,1153.39,126.13,1921.56,coast
232.269,1154.6,125.967,1920.67,coast
232.304,1158.74,125.452,1919.75,coast
232.314,1159.87,125.302,1918.82,coast
232.324,1161.02,125.149,1917.89,coast
232.345,1163.52,124.831,1916.88,coast
232.355,1164.64,124.679,1915.85,coast
232.387,1168.38,124.217,1914.82,coast
232.397,1169.53,124.063,1913.63,coast
232.408,1170.66,123.912,1912.62,coast
232.418,1171.79,123.759,1911.65,coast
232.428,1172.92,123.603,1910.49,coast
232.439,1174.14,123.435,1909.41,coast
232.449,1175.23,123.282,1908.29,coast
232.459,1176.37,123.122,1907.2,coast
232.47,1177.52,122.961,1906.21,coast
232.48,1178.63,122.805,1905.28,coast
232.491,1179.81,122.638,1904.28,coast
232.512,1182.28,122.311,1903.52,coast
232.532,1184.61,122.001,1902.49,coast
232.543,1185.78,121.839,1901.46,coast
232.553,1186.91,121.681,1900.49,coast
232.574,1189.22,121.371,1899.41,coast
232.585,1190.42,121.202,1898.29,coast
232.595,1191.52,121.045,1897.35,coast
232.605,1192.67,120.883,1896.38,coast
232.616,1193.78,120.724,1895.45,coast
232.626,1194.88,120.564,1894.4,coast
232.636,1195.96,120.407,1893.44,coast
232.646,1197.04,120.25,1892.47,coast
232.667,1199.46,119.914,1891.44,coast
232.678,1200.59,119.751,1890.47,coast
232.688,1201.69,119.591,1889.54,coast
232.699,1202.86,119.42,1888.61,coast
232.709,1203.97,119.257,1887.64,coast
232.72,1205.07,119.094,1886.71,coast
232.73,1206.17,118.931,1885.81,coast
232.75,1208.41,118.618,1884.88,coast
232.76,1209.47,118.462,1884.02,coast
232.77,1210.53,118.304,1883.09,coast
232.78,1211.6,118.144,1882.28,coast
232.79,1212.66,117.986,1881.4,coast
232.801,1213.84,117.814,1880.61,coast
232.813,1215.11,117.63,1879.96,coast
232.824,1216.21,117.468,1879.2,coast
232.834,1217.26,117.311,1878.3,coast
232.844,1218.33,117.154,1877.62,coast
232.854,1219.43,116.993,1877.02,coast
232.864,1220.49,116.836,1876.22,coast
232.874,1221.54,116.679,1875.47,coast
232.885,1222.71,116.508,1874.71,coast
232.895,1223.77,116.351,1874.02,coast
232.906,1223.86,116.16,1864.04,coast
232.916,1224.93,115.972,1863.44,coast
232.927,1226.14,115.766,1863,coast
232.938,1227.3,115.568,1862.43,coast
232.949,1228.47,115.372,1861.98,coast
232.959,1229.56,115.19,1861.46,coast
232.97,1230.64,115.012,1860.93,coast
232.98,1231.72,114.835,1860.42,coast
232.99,1232.79,114.661,1859.91,coast
233.001,1233.93,114.479,1859.54,coast
233.012,1235.05,114.301,1859.12,coast
233.022,1236.15,114.133,1858.85,coast
233.032,1237.22,113.964,1858.28,coast
233.043,1238.38,113.786,1857.88,coast
233.053,1239.45,113.622,1857.4,coast
233.064,1240.51,113.46,1856.94,coast
233.074,1241.55,113.301,1856.5,coast
233.106,1245.01,112.816,1856.24,coast
233.116,1246.06,112.663,1855.77,coast
233.126,1247.1,112.513,1855.28,coast
233.136,1248.13,112.364,1854.82,coast
233.146,1249.19,112.215,1854.52,coast
233.157,1250.3,112.056,1854.06,coast
233.167,1251.38,111.905,1853.74,coast
233.178,1252.44,111.754,1853.2,coast
233.209,1255.79,111.309,1852.78,coast
233.219,1256.83,111.167,1852.38,coast
233.23,1257.89,111.021,1851.9,coast
233.24,1258.91,110.881,1851.42,coast
233.261,1261.16,110.585,1851.09,coast
233.272,1262.22,110.443,1850.7,coast
233.282,1263.26,110.301,1850.17,coast
233.292,1264.29,110.163,1849.74,coast
233.303,1265.38,110.014,1849.2,coast
233.314,1266.46,109.869,1848.86,coast
233.324,1267.49,109.73,1848.38,coast
233.334,1268.51,109.591,1847.91,coast
233.345,1269.62,109.442,1847.48,coast
233.355,1270.61,109.306,1846.96,coast
233.366,1271.71,109.158,1846.55,coast
233.376,1272.72,109.022,1846.14,coast
233.387,1273.82,108.874,1845.75,coast
233.397,1274.84,108.74,1845.54,coast
233.408,1275.86,108.603,1845.13,coast
233.418,1276.92,108.463,1844.88,coast
233.428,1277.93,108.33,1844.58,coast
233.438,1278.94,108.198,1844.28,coast
233.45,1280.17,108.04,1844.09,coast
233.461,1281.22,107.902,1843.78,coast
233.471,1282.24,107.77,1843.53,coast
233.482,1283.28,107.635,1843.19,coast
233.493,1284.37,107.493,1842.89,coast
233.504,1285.53,107.343,1842.51,coast
233.515,1286.58,107.208,1842.27,coast
233.525,1287.6,107.076,1841.95,coast
233.536,1288.62,106.946,1841.69,coast
233.546,1289.6,106.818,1841.36,coast
233.557,1290.7,106.681,1841.25,coast
233.567,1291.75,106.546,1840.97,coast
233.578,1292.84,106.409,1840.81,coast
233.588,1293.82,106.284,1840.5,coast
233.599,1294.9,106.148,1840.24,coast
233.61,1295.91,106.021,1840.03,coast
233.62,1296.93,105.893,1839.76,coast
233.631,1297.96,105.762,1839.41,coast
233.642,1299.04,105.627,1839.22,coast
233.652,1300.02,105.504,1838.98,coast
233.662,1301.06,105.376,1838.74,coast
233.673,1302.06,105.25,1838.49,coast
233.683,1303.08,105.123,1838.19,coast
233.705,1305.24,104.864,1838.12,coast
233.715,1306.22,104.743,1837.77,coast
233.725,1307.19,104.621,1837.36,coast
233.735,1308.16,104.498,1836.93,coast
233.745,1309.13,104.374,1836.52,coast
233.756,1310.18,104.243,1836.23,coast
233.767,1311.2,104.114,1835.84,coast
233.777,1312.18,103.99,1835.49,coast
233.787,1313.18,103.864,1835.11,coast
233.801,1314.44,103.704,1834.72,coast
233.832,1317.59,103.322,1834.41,coast
233.843,1318.62,103.189,1833.89,coast
233.875,1321.76,102.808,1833.41,coast
233.886,1322.75,102.679,1832.78,coast
233.896,1323.7,102.554,1832.18,coast
233.907,1324.69,102.423,1831.61,coast
233.917,1325.61,102.298,1830.96,coast
233.948,1328.63,101.915,1830.37,coast
233.99,1332.69,101.407,1829.64,coast
234.001,1333.71,101.271,1828.97,coast
234.012,1334.71,101.134,1828.27,coast
234.022,1335.68,101.002,1827.67,coast
234.033,1336.65,100.865,1826.89,coast
234.043,1337.56,100.736,1826.28,coast
234.053,1338.48,100.606,1825.65,coast
234.063,1339.45,100.468,1825.06,coast
234.095,1342.42,100.061,1824.1,coast
234.116,1344.41,99.7828,1823.29,coast
234.127,1345.41,99.6384,1822.66,coast
234.138,1346.37,99.4959,1821.91,coast
234.148,1347.28,99.3591,1821.22,coast
234.159,1348.24,99.2142,1820.5,coast
234.19,1351.21,98.7929,1819.68,coast
234.2,1352.08,98.6581,1818.95,coast
234.21,1352.96,98.5217,1818.22,coast
234.22,1353.85,98.3847,1817.55,coast
234.24,1355.7,98.1107,1816.88,coast
234.25,1356.58,97.9724,1816.2,coast
234.261,1357.54,97.8237,1815.58,coast
234.271,1358.42,97.6834,1814.91,coast
234.281,1359.29,97.5428,1814.13,coast
234.292,1360.24,97.3875,1813.37,coast
234.302,1361.12,97.2445,1812.74,coast
234.313,1362.04,97.097,1812.22,coast
234.324,1362.99,96.9425,1811.63,coast
234.334,1363.94,96.7872,1810.97,coast
234.344,1364.8,96.6423,1810.28,coast
234.355,1365.76,96.4845,1809.74,coast
234.366,1366.68,96.3354,1809.27,coast
234.376,1367.55,96.1908,1808.78,coast
234.386,1368.44,96.0428,1808.29,coast
234.396,1369.3,95.8984,1807.72,coast
234.407,1370.25,95.7402,1807.16,coast
234.418,1371.15,95.5888,1806.65,coast
234.428,1372.04,95.4425,1806.28,coast
234.44,1373.06,95.2764,1805.96,coast
234.461,1374.98,94.9778,1805.73,coast
234.482,1376.83,94.6921,1805.46,coast
234.492,1377.71,94.5529,1805.11,coast
234.503,1378.66,94.4041,1804.83,coast
234.524,1380.53,94.1242,1804.71,coast
234.545,1382.31,93.8618,1804.55,coast
234.556,1383.23,93.7193,1804.18,coast
234.566,1384.13,93.5836,1803.87,coast
234.576,1384.98,93.4527,1803.53,coast
234.621,1388.94,92.902,1803.62,coast
234.631,1389.82,92.7732,1803.3,coast
234.642,1390.69,92.6456,1802.94,coast
234.652,1391.53,92.5182,1802.48,coast
234.662,1392.4,92.3865,1802.02,coast
234.673,1393.27,92.2558,1801.61,coast
234.683,1394.15,92.1227,1801.23,coast
234.694,1393.95,91.955,1792.62,coast
234.705,1394.87,91.781,1792.37,coast
234.715,1395.71,91.6238,1792.15,coast
234.726,1396.63,91.4537,1791.89,coast
234.736,1397.49,91.2967,1791.67,coast
234.747,1398.41,91.1302,1791.46,coast
234.757,1399.25,90.9796,1791.17,coast
234.768,1400.14,90.8218,1790.95,coast
234.78,1401.18,90.6416,1790.78,coast
234.791,1402.05,90.489,1790.54,coast
234.822,1404.76,90.0459,1790.4,coast
234.833,1405.63,89.9018,1790.17,coast
234.843,1406.48,89.7581,1789.84,coast
234.864,1408.24,89.4745,1789.58,coast
234.874,1409.12,89.3319,1789.38,coast
234.885,1409.96,89.1939,1789.1,coast
234.895,1410.81,89.0543,1788.8,coast
234.906,1411.71,88.9072,1788.5,coast
234.916,1412.53,88.7731,1788.2,coast
234.927,1413.44,88.6269,1787.91,coast
234.937,1414.25,88.4932,1787.53,coast
234.948,1415.14,88.3469,1787.17,coast
234.969,1416.89,88.07,1786.8,coast
234.98,1417.76,87.9316,1786.54,coast
234.99,1418.62,87.7953,1786.27,coast
235,1419.44,87.6637,1785.96,coast
235.011,1420.29,87.5239,1785.52,coast
235.022,1421.18,87.3817,1785.22,coast
235.032,1422,87.2465,1784.79,coast
235.043,1422.84,87.1096,1784.46,coast
235.076,1425.62,86.6716,1783.71,coast
235.086,1426.42,86.5399,1783.27,coast
235.096,1427.23,86.4061,1782.84,coast
235.107,1428.02,86.2735,1782.37,coast
235.118,1428.9,86.1278,1781.98,coast
235.128,1429.7,85.9935,1781.53,coast
235.139,1430.57,85.847,1781.07,coast
235.149,1431.36,85.7121,1780.56,coast
235.159,1432.15,85.577,1780.09,coast
235.169,1432.94,85.4399,1779.57,coast
235.18,1433.8,85.2894,1779.1,coast
235.19,1434.62,85.1449,1778.57,coast
235.201,1435.4,85.0065,1778.04,coast
235.212,1436.26,84.8549,1777.55,coast
235.222,1437.06,84.713,1777.08,coast
235.232,1437.84,84.5735,1776.61,coast
235.242,1438.63,84.4294,1776.14,coast
235.253,1439.48,84.2759,1775.66,coast
235.263,1440.26,84.1346,1775.15,coast
235.274,1441.07,83.9873,1774.71,coast
235.284,1441.85,83.8433,1774.21,coast
235.294,1442.65,83.6953,1773.7,coast
235.347,1446.83,82.969,1772.58,coast
235.357,1447.62,82.8241,1772.06,coast
235.368,1448.42,82.6767,1771.6,coast
235.378,1449.18,82.534,1771.08,coast
235.388,1449.95,82.3926,1770.71,coast
235.399,1450.73,82.2486,1770.31,coast
235.432,1453.31,81.7909,1769.53,coast
235.443,1454.09,81.6434,1769,coast
235.454,1454.91,81.4908,1768.58,coast
235.465,1455.8,81.325,1768.13,coast
235.476,1456.61,81.1727,1767.66,coast
235.487,1457.4,81.0254,1767.26,coast
235.518,1459.79,80.5967,1766.63,coast
235.529,1460.56,80.4502,1766.18,coast
235.539,1461.32,80.3073,1765.79,coast
235.55,1462.09,80.1625,1765.39,coast
235.561,1462.89,80.0108,1765,coast
235.571,1463.63,79.8722,1764.64,coast
235.602,1465.99,79.4457,1764.08,coast
235.612,1466.71,79.3091,1763.69,coast
235.644,1469.1,78.8835,1763.15,coast
235.654,1469.81,78.7485,1762.72,coast
235.676,1471.42,78.4562,1762.21,coast
235.687,1472.17,78.3158,1761.9,coast
235.719,1474.52,77.8949,1761.28,coast
235.729,1475.25,77.7592,1760.9,coast
235.739,1475.96,77.6253,1760.53,coast
235.754,1477.03,77.4291,1760.2,coast
235.764,1477.75,77.297,1759.96,coast
235.774,1478.48,77.1602,1759.59,coast
235.784,1479.17,77.0276,1759.18,coast
235.795,1479.93,76.8839,1758.83,coast
235.817,1481.51,76.5927,1758.31,coast
235.828,1482.25,76.4535,1758.03,coast
235.848,1483.71,76.183,1757.53,coast
235.869,1485.19,75.9058,1756.97,coast
235.88,1485.91,75.7675,1756.59,coast
235.901,1487.43,75.4865,1756.14,coast
235.911,1488.13,75.3524,1755.78,coast
235.922,1488.82,75.214,1755.31,coast
235.932,1489.52,75.0778,1754.94,coast
235.942,1490.22,74.9414,1754.55,coast
235.953,1490.92,74.8054,1754.25,coast
235.963,1491.6,74.6711,1753.88,coast
235.974,1492.35,74.5245,1753.59,coast
235.984,1493.04,74.3899,1753.26,coast
235.995,1493.79,74.2429,1752.94,coast
236.005,1494.47,74.1077,1752.6,coast
236.016,1495.21,73.9595,1752.21,coast
236.038,1496.79,73.6565,1751.77,coast
236.048,1497.46,73.5223,1751.44,coast
236.058,1498.15,73.3886,1751.19,coast
236.089,1500.28,72.9796,1750.58,coast
236.1,1500.98,72.8389,1750.21,coast
236.111,1501.72,72.6932,1749.89,coast
236.142,1503.87,72.2807,1749.34,coast
236.163,1505.31,72.0023,1748.89,coast
236.174,1505.99,71.8679,1748.59,coast
236.204,1508.05,71.4691,1748,coast
236.226,1509.47,71.1938,1747.56,coast
236.257,1511.57,70.7883,1746.96,coast
236.29,1513.76,70.3686,1746.39,coast
236.324,1516.01,69.9354,1745.78,coast
236.334,1516.69,69.7972,1745.39,coast
236.345,1517.35,69.6637,1745.08,coast
236.355,1518.02,69.5291,1744.74,coast
236.366,1518.72,69.387,1744.47,coast
236.377,1519.39,69.2469,1744.11,coast
236.388,1520.06,69.1085,1743.81,coast
236.398,1520.73,68.9702,1743.46,coast
236.409,1521.43,68.8265,1743.2,coast
236.441,1523.52,68.4142,1742.81,coast
236.452,1524.18,68.2759,1742.48,coast
236.485,1526.29,67.8586,1742,coast
236.496,1526.95,67.7194,1741.67,coast
236.506,1527.61,67.5829,1741.4,coast
236.528,1528.99,67.3035,1741.09,coast
236.539,1529.65,67.1654,1740.79,coast
236.55,1530.33,67.0281,1740.59,coast
236.56,1530.94,66.8993,1740.32,coast
236.571,1531.62,66.7591,1740.1,coast
236.581,1532.25,66.6277,1739.89,coast
236.602,1533.53,66.3693,1739.69,coast
236.612,1534.14,66.2421,1739.45,coast
236.623,1534.81,66.1031,1739.24,coast
236.633,1535.47,65.9694,1739.1,coast
236.643,1536.09,65.8406,1738.87,coast
236.656,1536.83,65.6866,1738.66,coast
236.666,1537.45,65.5578,1738.44,coast
236.677,1538.1,65.4228,1738.3,coast
236.687,1538.74,65.2904,1738.13,coast
236.698,1539.35,65.162,1737.91,coast
236.708,1539.97,65.0334,1737.73,coast
236.719,1540.62,64.8969,1737.53,coast
236.73,1541.29,64.7603,1737.41,coast
236.741,1541.95,64.6247,1737.27,coast
236.751,1542.56,64.5004,1737.14,coast
236.796,1545.31,63.9575,1736.89,coast
236.806,1545.96,63.8289,1736.79,coast
236.817,1546.56,63.7064,1736.64,coast
236.827,1547.19,63.5803,1736.54,coast
236.838,1547.84,63.4507,1736.41,coast
236.848,1548.45,63.3257,1736.27,coast
236.859,1549.07,63.2026,1736.19,coast
Overshoot at t = 236.8901 s
236.89,1550.94,62.8327,1735.95,overshoot
236.922,1552.86,62.4525,1735.95,overshoot
236.933,1553.51,62.3234,1735.95,overshoot
236.944,1554.09,62.2045,1735.95,overshoot
236.954,1554.7,62.0816,1735.95,overshoot
236.986,1556.57,61.7081,1735.95,overshoot
236.998,1557.27,61.567,1735.95,overshoot
237.03,1559.13,61.1949,1735.95,overshoot
237.04,1559.7,61.0757,1735.95,overshoot
237.05,1560.28,60.9581,1735.95,overshoot
237.061,1560.89,60.833,1735.95,overshoot
237.072,1561.52,60.7045,1735.95,overshoot
237.082,1562.11,60.5832,1735.95,overshoot
237.093,1562.71,60.4576,1735.95,overshoot
237.103,1563.32,60.332,1735.95,overshoot
237.113,1563.89,60.2146,1735.95,overshoot
237.124,1564.51,60.0889,1735.95,overshoot
237.155,1566.29,59.7236,1735.95,overshoot
237.166,1566.85,59.6061,1735.95,overshoot
237.176,1567.46,59.4791,1735.95,overshoot
237.208,1569.25,59.1116,1735.95,overshoot
237.229,1570.41,58.8706,1735.95,overshoot
237.239,1570.99,58.7505,1735.95,overshoot
237.261,1572.18,58.5062,1735.95,overshoot
237.292,1573.94,58.1458,1735.95,overshoot
237.334,1576.27,57.6649,1735.95,overshoot
237.357,1577.52,57.4055,1735.95,overshoot
237.367,1578.07,57.2912,1735.95,overshoot
237.399,1579.81,56.9266,1735.95,overshoot
237.41,1580.38,56.8035,1735.95,overshoot
237.421,1580.93,56.6865,1735.95,overshoot
237.431,1581.51,56.5643,1735.95,overshoot
237.463,1583.22,56.2043,1735.95,overshoot
237.474,1583.78,56.0823,1735.95,overshoot
237.484,1584.31,55.9688,1735.95,overshoot
237.494,1584.84,55.8547,1735.95,overshoot
237.505,1585.42,55.7297,1735.95,overshoot
237.515,1585.94,55.6156,1735.95,overshoot
237.526,1586.51,55.4928,1735.95,overshoot
237.536,1587.04,55.3788,1735.95,overshoot
237.547,1587.62,55.2558,1735.95,overshoot
237.557,1588.14,55.1423,1735.95,overshoot
237.567,1588.66,55.0283,1735.95,overshoot
237.61,1590.89,54.5442,1735.95,overshoot
237.621,1591.46,54.42,1735.95,overshoot
237.631,1592,54.2989,1735.95,overshoot
237.642,1592.53,54.1817,1735.95,overshoot
237.652,1593.06,54.0641,1735.95,overshoot
237.663,1593.58,53.9483,1735.95,overshoot
237.696,1595.32,53.5662,1735.95,overshoot
237.707,1595.88,53.4429,1735.95,overshoot
237.739,1597.48,53.0878,1735.95,overshoot
237.77,1599.04,52.7439,1735.95,overshoot
237.801,1600.59,52.3969,1735.95,overshoot
237.811,1601.1,52.2837,1735.95,overshoot
237.821,1601.6,52.1723,1735.95,overshoot
237.853,1603.13,51.8261,1735.95,overshoot
237.873,1604.16,51.5946,1735.95,overshoot
237.884,1604.68,51.4754,1735.95,overshoot
237.894,1605.17,51.364,1735.95,overshoot
237.905,1605.71,51.2427,1735.95,overshoot
237.916,1606.24,51.123,1735.95,overshoot
237.927,1606.77,51.0026,1735.95,overshoot
237.937,1607.25,50.8913,1735.95,overshoot
237.957,1608.21,50.6696,1735.95,overshoot
237.968,1608.73,50.5483,1735.95,overshoot
237.979,1609.26,50.4266,1735.95,overshoot
237.99,1609.79,50.3063,1735.95,overshoot
238,1610.26,50.1957,1735.95,overshoot
238.021,1611.23,49.9711,1735.95,overshoot
238.031,1611.72,49.8611,1735.95,overshoot
238.041,1612.22,49.7471,1735.95,overshoot
238.051,1612.72,49.6338,1735.95,overshoot
238.062,1613.21,49.5211,1735.95,overshoot
238.072,1613.68,49.4119,1735.95,overshoot
238.093,1614.67,49.1812,1735.95,overshoot
238.103,1615.17,49.0667,1735.95,overshoot
238.115,1615.69,48.9438,1735.95,overshoot
238.125,1616.16,48.832,1735.95,overshoot
238.136,1616.66,48.7145,1735.95,overshoot
238.157,1617.62,48.4848,1735.95,overshoot
238.168,1618.11,48.366,1735.95,overshoot
238.178,1618.59,48.2554,1735.95,overshoot
238.21,1620.06,47.9038,1735.95,overshoot
238.22,1620.52,47.7951,1735.95,overshoot
238.231,1621.02,47.6754,1735.95,overshoot
238.252,1621.98,47.448,1735.95,overshoot
238.284,1623.43,47.1038,1735.95,overshoot
238.295,1623.91,46.9921,1735.95,overshoot
238.305,1624.35,46.8822,1735.95,overshoot
238.315,1624.83,46.7697,1735.95,overshoot
238.326,1625.32,46.6521,1735.95,overshoot
238.358,1626.71,46.318,1735.95,overshoot
238.368,1627.14,46.2104,1735.95,overshoot
238.378,1627.59,46.1017,1735.95,overshoot
238.389,1628.07,45.9871,1735.95,overshoot
238.399,1628.53,45.876,1735.95,overshoot
238.413,1629.14,45.7299,1735.95,overshoot
238.423,1629.57,45.6228,1735.95,overshoot
238.433,1630.02,45.517,1735.95,overshoot
238.444,1630.49,45.4031,1735.95,overshoot
238.454,1630.94,45.292,1735.95,overshoot
238.466,1631.47,45.1629,1735.95,overshoot
238.477,1631.94,45.0462,1735.95,overshoot
238.488,1632.4,44.933,1735.95,overshoot
238.498,1632.83,44.826,1735.95,overshoot
238.508,1633.27,44.7184,1735.95,overshoot
238.539,1634.56,44.3932,1735.95,overshoot
238.55,1635.02,44.2783,1735.95,overshoot
238.56,1635.45,44.1686,1735.95,overshoot
238.571,1635.89,44.0581,1735.95,overshoot
238.581,1636.35,43.9452,1735.95,overshoot
238.592,1636.78,43.8394,1735.95,overshoot
238.613,1637.65,43.6181,1735.95,overshoot
238.623,1638.08,43.5129,1735.95,overshoot
238.655,1639.4,43.1728,1735.95,overshoot
238.666,1639.84,43.06,1735.95,overshoot
238.676,1640.26,42.9546,1735.95,overshoot
238.688,1640.76,42.828,1735.95,overshoot
238.698,1641.17,42.7225,1735.95,overshoot
238.708,1641.6,42.6165,1735.95,overshoot
238.729,1642.46,42.3936,1735.95,overshoot
238.74,1642.9,42.281,1735.95,overshoot
238.751,1643.33,42.1671,1735.95,overshoot
238.772,1644.17,41.9465,1735.95,overshoot
238.783,1644.6,41.8317,1735.95,overshoot
238.793,1645.01,41.7266,1735.95,overshoot
238.803,1645.41,41.6221,1735.95,overshoot
238.814,1645.84,41.5078,1735.95,overshoot
238.825,1646.27,41.393,1735.95,overshoot
238.835,1646.66,41.2879,1735.95,overshoot
238.845,1647.06,41.1812,1735.95,overshoot
238.856,1647.46,41.0733,1735.95,overshoot
238.866,1647.88,40.9627,1735.95,overshoot
238.886,1648.66,40.7535,1735.95,overshoot
238.897,1649.06,40.6456,1735.95,overshoot
238.907,1649.47,40.5367,1735.95,overshoot
238.918,1649.88,40.428,1735.95,overshoot
238.928,1650.29,40.3158,1735.95,overshoot
238.939,1650.72,40.2014,1735.95,overshoot
238.95,1651.1,40.0959,1735.95,overshoot
238.96,1651.49,39.991,1735.95,overshoot
238.97,1651.88,39.8844,1735.95,overshoot
238.981,1652.29,39.7702,1735.95,overshoot
238.992,1652.7,39.6584,1735.95,overshoot
239.013,1653.5,39.4385,1735.95,overshoot
239.024,1653.9,39.3285,1735.95,overshoot
239.034,1654.28,39.2243,1735.95,overshoot
239.044,1654.66,39.1189,1735.95,overshoot
239.054,1655.03,39.0151,1735.95,overshoot
239.064,1655.41,38.9099,1735.95,overshoot
239.074,1655.78,38.8043,1735.95,overshoot
239.084,1656.15,38.7003,1735.95,overshoot
239.097,1656.64,38.565,1735.95,overshoot
239.129,1657.8,38.2352,1735.95,overshoot
239.151,1658.58,38.0128,1735.95,overshoot
239.161,1658.94,37.9088,1735.95,overshoot
239.171,1659.31,37.8021,1735.95,overshoot
239.182,1659.71,37.6887,1735.95,overshoot
239.193,1660.09,37.5795,1735.95,overshoot
239.203,1660.45,37.4754,1735.95,overshoot
239.213,1660.81,37.3713,1735.95,overshoot
239.223,1661.18,37.2656,1735.95,overshoot
239.234,1661.53,37.161,1735.95,overshoot
239.244,1661.92,37.051,1735.95,overshoot
239.255,1662.3,36.9424,1735.95,overshoot
239.276,1663.04,36.7251,1735.95,overshoot
239.286,1663.39,36.6219,1735.95,overshoot
239.297,1663.77,36.5092,1735.95,overshoot
239.308,1664.13,36.4018,1735.95,overshoot
239.318,1664.49,36.2964,1735.95,overshoot
239.329,1664.86,36.1845,1735.95,overshoot
239.339,1665.21,36.0821,1735.95,overshoot
239.349,1665.57,35.9764,1735.95,overshoot
239.36,1665.93,35.8673,1735.95,overshoot
239.371,1666.3,35.7567,1735.95,overshoot
239.382,1666.68,35.6445,1735.95,overshoot
239.392,1667.02,35.5423,1735.95,overshoot
239.402,1667.38,35.4347,1735.95,overshoot
239.413,1667.73,35.3287,1735.95,overshoot
239.45,1668.96,34.954,1735.95,overshoot
239.46,1669.31,34.8484,1735.95,overshoot
239.471,1669.66,34.7401,1735.95,overshoot
239.482,1670.02,34.6284,1735.95,overshoot
239.514,1671.07,34.3008,1735.95,overshoot
239.524,1671.4,34.1978,1735.95,overshoot
239.534,1671.72,34.0953,1735.95,overshoot
239.545,1672.07,33.9858,1735.95,overshoot
239.555,1672.41,33.877,1735.95,overshoot
239.566,1672.75,33.7727,1735.95,overshoot
239.576,1673.07,33.6672,1735.95,overshoot
239.586,1673.4,33.5625,1735.95,overshoot
239.597,1673.74,33.4536,1735.95,overshoot
239.607,1674.07,33.3462,1735.95,overshoot
239.618,1674.39,33.2416,1735.95,overshoot
239.628,1674.72,33.1347,1735.95,overshoot
239.638,1675.04,33.033,1735.95,overshoot
239.648,1675.36,32.9308,1735.95,overshoot
239.659,1675.71,32.8191,1735.95,overshoot
239.67,1676.03,32.7142,1735.95,overshoot
239.681,1676.37,32.6028,1735.95,overshoot
239.691,1676.68,32.5009,1735.95,overshoot
239.701,1677.01,32.3953,1735.95,overshoot
239.711,1677.32,32.2918,1735.95,overshoot
239.724,1677.72,32.1607,1735.95,overshoot
239.755,1678.66,31.8443,1735.95,overshoot
239.766,1678.99,31.7331,1735.95,overshoot
239.782,1679.45,31.579,1735.95,overshoot
239.792,1679.75,31.4776,1735.95,overshoot
239.846,1681.34,30.9257,1735.95,overshoot
239.856,1681.64,30.8241,1735.95,overshoot
239.866,1681.93,30.7225,1735.95,overshoot
239.898,1682.84,30.4011,1735.95,overshoot
239.908,1683.14,30.2978,1735.95,overshoot
239.96,1684.6,29.7671,1735.95,overshoot
239.97,1684.89,29.6653,1735.95,overshoot
239.981,1685.18,29.5632,1735.95,overshoot
239.991,1685.47,29.462,1735.95,overshoot
240.002,1685.78,29.3515,1735.95,overshoot
240.012,1686.09,29.2438,1735.95,overshoot
240.023,1686.39,29.1337,1735.95,overshoot
240.033,1686.67,29.0329,1735.95,overshoot
240.043,1686.96,28.9325,1735.95,overshoot
240.054,1687.26,28.8234,1735.95,overshoot
240.066,1687.59,28.7057,1735.95,overshoot
240.077,1687.89,28.5969,1735.95,overshoot
240.088,1688.19,28.4875,1735.95,overshoot
240.099,1688.49,28.382,1735.95,overshoot
240.109,1688.77,28.2783,1735.95,overshoot
240.12,1689.08,28.1675,1735.95,overshoot
240.131,1689.37,28.0601,1735.95,overshoot
240.141,1689.64,27.9592,1735.95,overshoot
240.151,1689.91,27.8593,1735.95,overshoot
240.162,1690.18,27.7591,1735.95,overshoot
240.172,1690.45,27.6601,1735.95,overshoot
240.182,1690.71,27.5603,1735.95,overshoot
240.192,1690.98,27.4609,1735.95,overshoot
240.224,1691.8,27.1404,1735.95,overshoot
240.245,1692.34,26.9315,1735.95,overshoot
240.256,1692.61,26.8284,1735.95,overshoot
240.266,1692.88,26.7229,1735.95,overshoot
240.277,1693.15,26.6169,1735.95,overshoot
240.288,1693.43,26.5097,1735.95,overshoot
240.299,1693.71,26.4026,1735.95,overshoot
240.309,1693.96,26.3019,1735.95,overshoot
240.319,1694.22,26.2004,1735.95,overshoot
240.329,1694.48,26.1005,1735.95,overshoot
240.339,1694.73,26.0017,1735.95,overshoot
240.35,1694.99,25.8947,1735.95,overshoot
240.361,1695.25,25.7896,1735.95,overshoot
240.371,1695.5,25.6889,1735.95,overshoot
240.381,1695.75,25.5863,1735.95,overshoot
240.413,1696.5,25.2688,1735.95,overshoot
240.424,1696.75,25.1688,1735.95,overshoot
240.434,1696.99,25.0685,1735.95,overshoot
240.445,1697.25,24.9598,1735.95,overshoot
240.465,1697.72,24.7606,1735.95,overshoot
240.476,1697.97,24.6518,1735.95,overshoot
240.487,1698.23,24.5424,1735.95,overshoot
240.497,1698.45,24.4426,1735.95,overshoot
240.507,1698.69,24.3401,1735.95,overshoot
240.518,1698.93,24.2347,1735.95,overshoot
240.528,1699.16,24.1344,1735.95,overshoot
240.538,1699.39,24.035,1735.95,overshoot
240.548,1699.62,23.9357,1735.95,overshoot
240.558,1699.84,23.8358,1735.95,overshoot
240.568,1700.08,23.7327,1735.95,overshoot
240.579,1700.31,23.627,1735.95,overshoot
240.59,1700.55,23.5177,1735.95,overshoot
240.601,1700.8,23.4085,1735.95,overshoot
240.611,1701.02,23.3077,1735.95,overshoot
240.621,1701.24,23.2078,1735.95,overshoot
240.632,1701.46,23.1048,1735.95,overshoot
240.642,1701.7,22.9966,1735.95,overshoot
240.663,1702.13,22.7913,1735.95,overshoot
240.694,1702.77,22.4836,1735.95,overshoot
240.715,1703.21,22.273,1735.95,overshoot
240.726,1703.42,22.1699,1735.95,overshoot
240.736,1703.63,22.0687,1735.95,overshoot
240.761,1704.15,21.8116,1735.95,overshoot
240.772,1704.35,21.7072,1735.95,overshoot
240.782,1704.57,21.6011,1735.95,overshoot
240.792,1704.77,21.501,1735.95,overshoot
240.803,1704.97,21.4001,1735.95,overshoot
240.813,1705.16,21.2996,1735.95,overshoot
240.83,1705.49,21.129,1735.95,overshoot
240.84,1705.69,21.0282,1735.95,overshoot
240.851,1705.9,20.9178,1735.95,overshoot
240.861,1706.1,20.8137,1735.95,overshoot
240.871,1706.3,20.7115,1735.95,overshoot
240.883,1706.52,20.5896,1735.95,overshoot
240.894,1706.73,20.4787,1735.95,overshoot
240.905,1706.93,20.3716,1735.95,overshoot
240.915,1707.12,20.27,1735.95,overshoot
240.925,1707.31,20.1676,1735.95,overshoot
240.945,1707.68,19.964,1735.95,overshoot
240.956,1707.87,19.8558,1735.95,overshoot
240.967,1708.07,19.748,1735.95,overshoot
240.988,1708.45,19.5318,1735.95,overshoot
240.999,1708.65,19.4229,1735.95,overshoot
241.009,1708.83,19.318,1735.95,overshoot
241.041,1709.38,18.9945,1735.95,overshoot
241.062,1709.74,18.7816,1735.95,overshoot
241.073,1709.91,18.6799,1735.95,overshoot
241.083,1710.09,18.576,1735.95,overshoot
241.109,1710.52,18.3152,1735.95,overshoot
241.129,1710.85,18.1115,1735.95,overshoot
241.139,1711.02,18.0102,1735.95,overshoot
241.15,1711.2,17.8994,1735.95,overshoot
241.171,1711.54,17.6873,1735.95,overshoot
241.181,1711.7,17.5835,1735.95,overshoot
241.191,1711.87,17.4823,1735.95,overshoot
241.213,1712.21,17.2639,1735.95,overshoot
241.234,1712.54,17.0526,1735.95,overshoot
241.244,1712.7,16.952,1735.95,overshoot
241.255,1712.87,16.8417,1735.95,overshoot
241.266,1713.03,16.7392,1735.95,overshoot
241.276,1713.18,16.6383,1735.95,overshoot
241.286,1713.34,16.5346,1735.95,overshoot
241.296,1713.49,16.434,1735.95,overshoot
241.306,1713.64,16.3342,1735.95,overshoot
241.327,1713.95,16.1226,1735.95,overshoot
241.338,1714.1,16.0172,1735.95,overshoot
241.348,1714.25,15.9157,1735.95,overshoot
241.358,1714.4,15.8112,1735.95,overshoot
241.392,1714.87,15.4696,1735.95,overshoot
241.402,1715.01,15.3685,1735.95,overshoot
241.413,1715.15,15.2654,1735.95,overshoot
241.423,1715.3,15.1594,1735.95,overshoot
241.433,1715.44,15.0572,1735.95,overshoot
241.456,1715.75,14.8289,1735.95,overshoot
241.488,1716.15,14.512,1735.95,overshoot
241.509,1716.42,14.3047,1735.95,overshoot
241.519,1716.55,14.2043,1735.95,overshoot
241.529,1716.68,14.1039,1735.95,overshoot
241.54,1716.81,14.0013,1735.95,overshoot
241.55,1716.94,13.8996,1735.95,overshoot
241.56,1717.08,13.7958,1735.95,overshoot
241.581,1717.33,13.5862,1735.95,overshoot
241.592,1717.46,13.4835,1735.95,overshoot
241.602,1717.58,13.3835,1735.95,overshoot
241.613,1717.72,13.2743,1735.95,overshoot
241.624,1717.85,13.1662,1735.95,overshoot
241.635,1717.98,13.0567,1735.95,overshoot
241.645,1718.1,12.9568,1735.95,overshoot
241.656,1718.23,12.8477,1735.95,overshoot
241.666,1718.35,12.7451,1735.95,overshoot
241.676,1718.48,12.6439,1735.95,overshoot
241.687,1718.6,12.5393,1735.95,overshoot
241.698,1718.72,12.4301,1735.95,overshoot
241.729,1719.04,12.1202,1735.95,overshoot
241.74,1719.16,12.0096,1735.95,overshoot
241.751,1719.28,11.9004,1735.95,overshoot
241.762,1719.39,11.7958,1735.95,overshoot
241.772,1719.51,11.6883,1735.95,overshoot
241.783,1719.62,11.5865,1735.95,overshoot
241.804,1719.82,11.3762,1735.95,overshoot
241.814,1719.92,11.2763,1735.95,overshoot
241.825,1720.04,11.1673,1735.95,overshoot
241.835,1720.14,11.068,1735.95,overshoot
241.856,1720.34,10.8612,1735.95,overshoot
241.878,1720.54,10.6464,1735.95,overshoot
241.888,1720.64,10.5407,1735.95,overshoot
241.899,1720.74,10.4321,1735.95,overshoot
241.931,1721.01,10.1206,1735.95,overshoot
241.942,1721.11,10.0143,1735.95,overshoot
241.962,1721.29,9.80853,1735.95,overshoot
241.973,1721.38,9.70049,1735.95,overshoot
241.984,1721.48,9.59585,1735.95,overshoot
242.005,1721.64,9.39305,1735.95,overshoot
242.015,1721.73,9.29401,1735.95,overshoot
242.025,1721.82,9.18634,1735.95,overshoot
242.036,1721.91,9.08724,1735.95,overshoot
242.046,1721.99,8.98873,1735.95,overshoot
242.056,1722.07,8.88074,1735.95,overshoot
242.088,1722.29,8.57074,1735.95,overshoot
242.099,1722.37,8.46225,1735.95,overshoot
242.109,1722.45,8.36296,1735.95,overshoot
242.119,1722.53,8.25949,1735.95,overshoot
242.13,1722.61,8.15716,1735.95,overshoot
242.162,1722.82,7.83602,1735.95,overshoot
242.173,1722.9,7.72706,1735.95,overshoot
242.183,1722.97,7.62308,1735.95,overshoot
242.195,1723.04,7.51161,1735.95,overshoot
242.205,1723.11,7.41104,1735.95,overshoot
242.236,1723.28,7.09832,1735.95,overshoot
242.247,1723.36,6.98878,1735.95,overshoot
242.258,1723.43,6.87936,1735.95,overshoot
242.269,1723.49,6.77749,1735.95,overshoot
242.279,1723.55,6.67265,1735.95,overshoot
242.289,1723.62,6.57262,1735.95,overshoot
242.32,1722.51,6.1462,1735.95,overshoot
242.331,1722.58,6.00588,1735.95,overshoot
242.341,1722.67,5.87058,1735.95,overshoot
242.383,1722.83,5.34216,1735.95,overshoot
242.394,1722.9,5.21438,1735.95,overshoot
242.426,1723.03,4.82395,1735.95,overshoot
242.437,1723.11,4.69627,1735.95,overshoot
242.447,1723.18,4.57527,1735.95,overshoot
242.481,1723.3,4.19578,1735.95,overshoot
242.492,1723.37,4.07701,1735.95,overshoot
242.502,1723.43,3.96698,1735.95,overshoot
242.513,1723.49,3.84813,1735.95,overshoot
242.523,1723.56,3.74125,1735.95,overshoot
242.534,1723.61,3.6256,1735.95,overshoot
242.544,1723.67,3.51554,1735.95,overshoot
242.555,1723.74,3.40307,1735.95,overshoot
242.577,1723.81,3.18544,1735.95,overshoot
242.587,1723.87,3.08485,1735.95,overshoot
242.597,1723.93,2.98467,1735.95,overshoot
242.618,1723.99,2.77672,1735.95,overshoot
242.628,1724.04,2.6764,1735.95,overshoot
242.639,1724.09,2.57896,1735.95,overshoot
242.649,1724.14,2.48051,1735.95,overshoot
242.66,1724.19,2.37779,1735.95,overshoot
242.67,1724.24,2.28326,1735.95,overshoot
242.681,1724.29,2.18104,1735.95,overshoot
242.692,1724.33,2.08059,1735.95,overshoot
Apogee reached at t = 242.7027 s, altitude = 1724.37 m
242.703,1724.37,1.98146,1735.95,descent
242.729,1724.41,1.73631,1735.95,descent
242.74,1724.46,1.63616,1735.95,descent
242.75,1724.5,1.5458,1735.95,descent
242.774,1724.53,1.33942,1735.95,descent
242.784,1724.56,1.24257,1735.95,descent
242.795,1724.59,1.15173,1735.95,descent
242.805,1724.63,1.0624,1735.95,descent
242.816,1724.65,0.96581,1735.95,descent
242.846,1724.67,0.690099,1735.95,descent
242.857,1724.7,0.601788,1735.95,descent
242.878,1724.71,0.413549,1735.95,descent
242.888,1724.75,0.323101,1735.95,descent
242.909,1724.76,0.139912,1735.95,descent
242.919,1724.78,0.0466942,1735.95,descent
242.93,1724.81,-0.0471225,1735.95,descent
242.94,1724.83,-0.136563,1735.95,descent
242.951,1724.86,-0.226055,1735.95,descent
242.962,1724.88,-0.321451,1735.95,descent
242.972,1724.9,-0.408123,1735.95,descent
242.992,1724.89,-0.583912,1735.95,descent
243.003,1724.91,-0.678084,1735.95,descent
243.013,1724.93,-0.765426,1735.95,descent
243.023,1724.95,-0.855399,1735.95,descent
243.034,1724.96,-0.948476,1735.95,descent
243.045,1724.97,-1.04219,1735.95,descent
243.061,1724.97,-1.1819,1735.95,descent
243.071,1724.98,-1.27234,1735.95,descent
243.082,1724.98,-1.36043,1735.95,descent
243.092,1724.99,-1.44861,1735.95,descent
243.102,1725,-1.53682,1735.95,descent
243.115,1725,-1.64715,1735.95,descent
243.146,1724.93,-1.92019,1735.95,descent
243.156,1724.94,-2.00788,1735.95,descent
243.167,1724.94,-2.10381,1735.95,descent
243.178,1724.94,-2.1966,1735.95,descent
243.188,1724.94,-2.28844,1735.95,descent
243.199,1724.94,-2.37978,1735.95,descent
243.209,1724.93,-2.46661,1735.95,descent
243.219,1724.93,-2.55401,1735.95,descent
243.23,1724.92,-2.6485,1735.95,descent
243.241,1724.91,-2.74101,1735.95,descent
243.251,1724.9,-2.82923,1735.95,descent
243.261,1724.9,-2.9176,1735.95,descent
243.272,1724.88,-3.00812,1735.95,descent
243.293,1724.82,-3.19048,1735.95,descent
243.303,1724.81,-3.28084,1735.95,descent
243.335,1724.68,-3.55508,1735.95,descent
243.366,1724.55,-3.82785,1735.95,descent
243.388,1724.46,-4.01968,1735.95,descent
243.4,1724.43,-4.13048,1735.95,descent
243.41,1724.42,-4.21903,1735.95,descent
243.42,1724.4,-4.30706,1735.95,descent
243.43,1724.38,-4.3956,1735.95,descent
243.441,1724.35,-4.48462,1735.95,descent
243.451,1724.33,-4.57444,1735.95,descent
243.462,1724.31,-4.67002,1735.95,descent
243.472,1724.29,-4.76177,1735.95,descent
243.483,1724.27,-4.8509,1735.95,descent
243.493,1724.23,-4.93958,1735.95,descent
243.503,1724.21,-5.0273,1735.95,descent
243.535,1724.03,-5.30829,1735.95,descent
243.555,1723.93,-5.49083,1735.95,descent
243.566,1723.89,-5.58912,1735.95,descent
243.577,1723.86,-5.6852,1735.95,descent
243.588,1723.83,-5.78056,1735.95,descent
243.598,1723.79,-5.87444,1735.95,descent
243.609,1723.74,-5.972,1735.95,descent
243.619,1723.7,-6.06107,1735.95,descent
243.63,1723.66,-6.15049,1735.95,descent
243.661,1723.45,-6.42478,1735.95,descent
243.672,1723.39,-6.5212,1735.95,descent
243.682,1723.33,-6.61319,1735.95,descent
243.692,1723.26,-6.70388,1735.95,descent
243.702,1723.2,-6.79603,1735.95,descent
243.712,1723.13,-6.88677,1735.95,descent
243.723,1723.07,-6.97787,1735.95,descent
243.733,1723,-7.06921,1735.95,descent
243.743,1722.92,-7.16176,1735.95,descent
243.754,1722.83,-7.26881,1735.95,descent
243.764,1722.75,-7.36424,1735.95,descent
243.775,1722.68,-7.46312,1735.95,descent
243.786,1722.59,-7.56539,1735.95,descent
243.796,1722.5,-7.66355,1735.95,descent
243.807,1722.42,-7.76234,1735.95,descent
243.85,1722.01,-8.18306,1735.95,descent
243.86,1721.93,-8.28144,1735.95,descent
243.871,1721.84,-8.38723,1735.95,descent
243.881,1722.9,-8.44848,1735.95,descent
243.902,1722.68,-8.58848,1735.95,descent
243.912,1722.58,-8.65733,1735.95,descent
243.922,1722.47,-8.72823,1735.95,descent
243.932,1722.36,-8.80124,1735.95,descent
243.942,1722.25,-8.87649,1735.95,descent
243.952,1722.14,-8.95428,1735.95,descent
243.962,1722.03,-9.03276,1735.95,descent
243.973,1721.91,-9.11995,1735.95,descent
244.005,1721.56,-9.3816,1735.95,descent
244.016,1721.43,-9.47502,1735.95,descent
244.026,1721.32,-9.56548,1735.95,descent
244.037,1721.19,-9.66238,1735.95,descent
244.048,1721.07,-9.75703,1735.95,descent
244.058,1720.94,-9.85091,1735.95,descent
244.068,1720.83,-9.94195,1735.95,descent
244.078,1720.71,-10.034,1735.95,descent
244.098,1720.47,-10.2205,1735.95,descent
244.109,1720.35,-10.3162,1735.95,descent
244.12,1720.22,-10.419,1735.95,descent
244.131,1720.07,-10.5225,1735.95,descent
244.142,1719.93,-10.6262,1735.95,descent
244.153,1719.78,-10.7316,1735.95,descent
244.163,1719.64,-10.8291,1735.95,descent
244.174,1719.5,-10.9365,1735.95,descent
244.184,1719.35,-11.0364,1735.95,descent
244.194,1719.21,-11.1362,1735.95,descent
244.204,1719.06,-11.2369,1735.95,descent
244.215,1718.9,-11.3475,1735.95,descent
244.226,1718.74,-11.4577,1735.95,descent
244.237,1718.58,-11.5672,1735.95,descent
244.247,1718.41,-11.6775,1735.95,descent
244.258,1718.25,-11.7851,1735.95,descent
244.269,1718.07,-11.8983,1735.95,descent
244.279,1717.9,-12.0069,1735.95,descent
244.29,1717.73,-12.1194,1735.95,descent
244.31,1717.41,-12.3368,1735.95,descent
244.331,1717.08,-12.5602,1735.95,descent
244.342,1716.89,-12.678,1735.95,descent
244.374,1716.4,-13.0149,1735.95,descent
244.385,1716.21,-13.136,1735.95,descent
244.395,1716.03,-13.247,1735.95,descent
244.405,1715.85,-13.3598,1735.95,descent
244.416,1715.67,-13.4793,1735.95,descent
244.426,1715.49,-13.5884,1735.95,descent
244.437,1715.31,-13.7022,1735.95,descent
244.468,1714.78,-14.0439,1735.95,descent
244.479,1714.6,-14.1579,1735.95,descent
244.51,1714.07,-14.4942,1735.95,descent
244.52,1713.89,-14.6042,1735.95,descent
244.531,1713.71,-14.7196,1735.95,descent
244.541,1713.53,-14.8312,1735.95,descent
244.552,1713.34,-14.941,1735.95,descent
244.603,1711.25,-15.3981,1735.95,descent
244.614,1710.99,-15.4865,1735.95,descent
244.624,1710.79,-15.5723,1735.95,descent
244.655,1710.26,-15.8375,1735.95,descent
244.666,1710.03,-15.9324,1735.95,descent
244.677,1709.82,-16.0255,1735.95,descent
244.687,1709.64,-16.1146,1735.95,descent
244.697,1709.47,-16.2027,1735.95,descent
244.708,1709.31,-16.2913,1735.95,descent
244.718,1709.13,-16.3776,1735.95,descent
244.729,1708.93,-16.4713,1735.95,descent
244.739,1708.73,-16.5634,1735.95,descent
244.749,1708.53,-16.6527,1735.95,descent
244.76,1708.31,-16.7464,1735.95,descent
244.771,1708.09,-16.8454,1735.95,descent
244.782,1707.84,-16.9516,1735.95,descent
244.793,1707.61,-17.0501,1735.95,descent
244.825,1706.98,-17.3456,1735.95,descent
244.836,1706.8,-17.4474,1735.95,descent
244.846,1706.59,-17.5403,1735.95,descent
244.857,1706.37,-17.6428,1735.95,descent
244.867,1706.17,-17.7367,1735.95,descent
244.878,1705.93,-17.8406,1735.95,descent
244.888,1705.7,-17.9405,1735.95,descent
244.898,1705.48,-18.0372,1735.95,descent
244.909,1705.24,-18.1377,1735.95,descent
244.92,1705,-18.2429,1735.95,descent
244.931,1704.77,-18.3495,1735.95,descent
244.941,1704.54,-18.4477,1735.95,descent
244.951,1704.32,-18.5464,1735.95,descent
244.972,1703.87,-18.756,1735.95,descent
244.982,1703.64,-18.856,1735.95,descent
244.993,1703.4,-18.9619,1735.95,descent
245.003,1703.15,-19.065,1735.95,descent
245.013,1702.92,-19.1683,1735.95,descent
245.024,1702.68,-19.2783,1735.95,descent
245.035,1702.43,-19.3854,1735.95,descent
245.045,1702.2,-19.4899,1735.95,descent
245.055,1701.97,-19.5925,1735.95,descent
245.066,1701.73,-19.6969,1735.95,descent
245.079,1701.46,-19.8316,1735.95,descent
245.089,1701.19,-19.9354,1735.95,descent
245.12,1700.48,-20.2626,1735.95,descent
245.132,1700.2,-20.3878,1735.95,descent
245.142,1699.94,-20.4966,1735.95,descent
245.152,1699.71,-20.603,1735.95,descent
245.163,1699.5,-20.7101,1735.95,descent
245.173,1699.3,-20.8142,1735.95,descent
245.183,1699,-20.924,1735.95,descent
245.194,1698.72,-21.0434,1735.95,descent
245.204,1698.45,-21.1683,1735.95,descent
245.215,1698.15,-21.2963,1735.95,descent
245.225,1697.88,-21.4267,1735.95,descent
245.236,1697.58,-21.5665,1735.95,descent
245.246,1697.29,-21.7025,1735.95,descent
245.267,1696.76,-21.9536,1735.95,descent
245.288,1696.2,-22.2334,1735.95,descent
245.298,1695.92,-22.3708,1735.95,descent
245.309,1695.6,-22.5297,1735.95,descent
245.32,1695.28,-22.696,1735.95,descent
245.33,1694.99,-22.8496,1735.95,descent
245.341,1694.7,-23.0092,1735.95,descent
245.351,1694.4,-23.177,1735.95,descent
245.364,1694.05,-23.3755,1735.95,descent
245.374,1693.75,-23.5285,1735.95,descent
245.385,1693.48,-23.6855,1735.95,descent
245.396,1693.21,-23.8412,1735.95,descent
245.406,1692.95,-23.9859,1735.95,descent
245.417,1692.65,-24.142,1735.95,descent
245.427,1692.38,-24.2804,1735.95,descent
245.438,1692.11,-24.4187,1735.95,descent
245.448,1691.85,-24.5518,1735.95,descent
245.458,1691.6,-24.6806,1735.95,descent
245.468,1691.33,-24.808,1735.95,descent
245.479,1691.08,-24.9411,1735.95,descent
245.49,1690.8,-25.0723,1735.95,descent
245.501,1690.53,-25.2002,1735.95,descent
245.522,1690.03,-25.4371,1735.95,descent
245.533,1689.81,-25.5563,1735.95,descent
245.543,1689.6,-25.6634,1735.95,descent
245.553,1689.38,-25.7679,1735.95,descent
245.564,1689.14,-25.8732,1735.95,descent
245.585,1688.61,-26.0836,1735.95,descent
245.595,1688.36,-26.1857,1735.95,descent
245.605,1688.1,-26.2857,1735.95,descent
245.616,1687.83,-26.3878,1735.95,descent
245.637,1687.32,-26.5882,1735.95,descent
245.658,1686.75,-26.7864,1735.95,descent
245.678,1686.26,-26.9759,1735.95,descent
245.689,1686,-27.0742,1735.95,descent
245.699,1685.71,-27.1714,1735.95,descent
245.724,1685.05,-27.3906,1735.95,descent
245.735,1684.74,-27.4898,1735.95,descent
245.745,1684.45,-27.5817,1735.95,descent
245.755,1684.16,-27.6737,1735.95,descent
245.777,1683.51,-27.8785,1735.95,descent
245.787,1683.19,-27.9752,1735.95,descent
245.798,1682.83,-28.0757,1735.95,descent
245.809,1682.51,-28.175,1735.95,descent
245.841,1681.55,-28.48,1735.95,descent
245.851,1681.25,-28.5771,1735.95,descent
245.861,1680.89,-28.6734,1735.95,descent
245.871,1680.54,-28.7724,1735.95,descent
245.882,1680.18,-28.8779,1735.95,descent
245.902,1679.51,-29.073,1735.95,descent
245.913,1679.13,-29.1804,1735.95,descent
245.923,1678.78,-29.279,1735.95,descent
245.934,1678.36,-29.3867,1735.95,descent
245.945,1677.96,-29.4984,1735.95,descent
245.966,1677.25,-29.712,1735.95,descent
245.976,1676.88,-29.8166,1735.95,descent
245.988,1676.43,-29.9414,1735.95,descent
245.998,1676.03,-30.0494,1735.95,descent
246.008,1675.59,-30.1602,1735.95,descent
246.019,1675.21,-30.2709,1735.95,descent
246.029,1674.79,-30.3815,1735.95,descent
246.04,1674.38,-30.5,1735.95,descent
246.05,1674.01,-30.6105,1735.95,descent
246.06,1673.62,-30.7224,1735.95,descent
246.071,1673.2,-30.835,1735.95,descent
246.081,1672.8,-30.9442,1735.95,descent
246.091,1672.42,-31.0527,1735.95,descent
246.101,1672.05,-31.1599,1735.95,descent
246.143,1670.59,-31.5896,1735.95,descent
246.153,1670.22,-31.6909,1735.95,descent
246.165,1669.79,-31.8104,1735.95,descent
246.176,1669.38,-31.9208,1735.95,descent
246.186,1669.03,-32.0225,1735.95,descent
246.208,1668.27,-32.2314,1735.95,descent
246.218,1667.9,-32.3339,1735.95,descent
246.229,1667.5,-32.4407,1735.95,descent
246.24,1667.11,-32.544,1735.95,descent
246.292,1665.29,-33.0365,1735.95,descent
246.302,1664.96,-33.131,1735.95,descent
246.312,1664.63,-33.2237,1735.95,descent
246.323,1664.27,-33.3176,1735.95,descent
246.333,1663.97,-33.408,1735.95,descent
246.343,1663.64,-33.4994,1735.95,descent
246.354,1663.28,-33.5923,1735.95,descent
246.364,1662.88,-33.6846,1735.95,descent
246.375,1662.52,-33.7772,1735.95,descent
246.419,1660.95,-34.1617,1735.95,descent
246.429,1660.63,-34.2482,1735.95,descent
246.439,1660.24,-34.335,1735.95,descent
246.451,1659.77,-34.4411,1735.95,descent
246.461,1659.41,-34.531,1735.95,descent
246.472,1659.02,-34.6227,1735.95,descent
246.482,1658.65,-34.7095,1735.95,descent
246.492,1658.27,-34.7965,1735.95,descent
246.502,1657.88,-34.8849,1735.95,descent
246.513,1657.48,-34.9796,1735.95,descent
246.524,1657.06,-35.0765,1735.95,descent
246.556,1655.81,-35.3642,1735.95,descent
246.566,1655.4,-35.4555,1735.95,descent
246.576,1655,-35.5481,1735.95,descent
246.586,1654.56,-35.6401,1735.95,descent
246.597,1654.13,-35.7406,1735.95,descent
246.607,1653.71,-35.8327,1735.95,descent
246.617,1653.29,-35.9253,1735.95,descent
246.628,1652.84,-36.0261,1735.95,descent
246.638,1652.4,-36.1197,1735.95,descent
246.649,1651.96,-36.219,1735.95,descent
246.659,1651.52,-36.3157,1735.95,descent
246.67,1651.05,-36.4176,1735.95,descent
246.681,1650.61,-36.5205,1735.95,descent
246.691,1650.18,-36.6161,1735.95,descent
246.701,1649.71,-36.7167,1735.95,descent
246.711,1649.24,-36.8161,1735.95,descent
246.732,1648.37,-37.0134,1735.95,descent
246.743,1647.88,-37.1197,1735.95,descent
246.753,1647.43,-37.2245,1735.95,descent
246.785,1646.11,-37.5306,1735.95,descent
246.796,1645.63,-37.6324,1735.95,descent
246.806,1645.17,-37.7271,1735.95,descent
246.817,1644.65,-37.8259,1735.95,descent
246.828,1644.16,-37.9207,1735.95,descent
246.838,1643.69,-38.0086,1735.95,descent
246.848,1643.22,-38.0974,1735.95,descent
246.859,1642.73,-38.1899,1735.95,descent
246.869,1642.28,-38.2744,1735.95,descent
246.89,1641.4,-38.4369,1735.95,descent
246.9,1640.94,-38.5153,1735.95,descent
246.911,1640.52,-38.5889,1735.95,descent
246.921,1640.09,-38.6601,1735.95,descent
246.942,1639.23,-38.796,1735.95,descent
246.953,1638.79,-38.8622,1735.95,descent
246.963,1638.34,-38.9241,1735.95,descent
246.973,1637.92,-38.9801,1735.95,descent
246.983,1637.51,-39.0315,1735.95,descent
246.994,1637.07,-39.0819,1735.95,descent
247.005,1636.63,-39.1251,1735.95,descent
247.015,1636.22,-39.175,1735.95,descent
247.031,1635.6,-39.2404,1735.95,descent
247.041,1635.21,-39.2763,1735.95,descent
247.052,1634.79,-39.3085,1735.95,descent
247.063,1634.39,-39.3335,1735.95,descent
247.073,1634.01,-39.3508,1735.95,descent
247.085,1633.58,-39.3812,1735.95,descent
247.138,1631.57,-39.4067,1735.95,descent
247.17,1630.36,-39.3705,1735.95,descent
247.18,1630.01,-39.3501,1735.95,descent
247.19,1629.68,-39.3226,1735.95,descent
247.201,1629.34,-39.2846,1735.95,descent
247.211,1629.02,-39.2423,1735.95,descent
247.221,1628.78,-39.1884,1735.95,descent
247.232,1628.65,-39.1127,1735.95,descent
247.242,1628.56,-39.0288,1735.95,descent
247.252,1628.55,-38.9469,1735.95,descent
247.284,1627.96,-38.6081,1735.95,descent
247.295,1628.34,-38.4868,1735.95,descent
247.326,1628.09,-38.0624,1735.95,descent
247.336,1628.54,-37.9019,1735.95,descent
247.346,1629.01,-37.7176,1735.95,descent
247.356,1629.41,-37.5144,1735.95,descent
247.366,1629.83,-37.3092,1735.95,descent
247.398,1629.33,-36.697,1735.95,descent
247.42,1629.14,-36.351,1735.95,descent
247.44,1628.96,-36.041,1735.95,descent
247.451,1629.11,-35.882,1735.95,descent
247.462,1629.22,-35.7187,1735.95,descent
247.472,1629.28,-35.5666,1735.95,descent
247.483,1629.3,-35.4207,1735.95,descent
247.493,1629.3,-35.2801,1735.95,descent
247.503,1629.38,-35.1563,1735.95,descent
247.524,1629.07,-34.961,1735.95,descent
247.555,1628.5,-34.7713,1735.95,descent
247.565,1628.59,-34.7075,1735.95,descent
247.599,1628.05,-34.6342,1735.95,descent
247.62,1627.86,-34.6274,1735.95,descent
247.63,1627.99,-34.6125,1735.95,descent
247.662,1627.63,-34.6113,1735.95,descent
247.672,1628.03,-34.6007,1735.95,descent
247.683,1628.4,-34.5822,1735.95,descent
247.693,1628.73,-34.5581,1735.95,descent
247.703,1629.08,-34.5282,1735.95,descent
247.714,1629.34,-34.4961,1735.95,descent
247.725,1629.58,-34.4637,1735.95,descent
247.735,1629.82,-34.4304,1735.95,descent
247.745,1629.99,-34.398,1735.95,descent
247.755,1630.13,-34.367,1735.95,descent
247.765,1630.27,-34.3359,1735.95,descent
247.775,1630.5,-34.2994,1735.95,descent
247.785,1630.77,-34.257,1735.95,descent
247.796,1631.06,-34.211,1735.95,descent
247.806,1631.28,-34.1632,1735.95,descent
247.816,1631.58,-34.1124,1735.95,descent
247.827,1631.84,-34.054,1735.95,descent
247.837,1632.05,-33.9979,1735.95,descent
247.847,1632.24,-33.9411,1735.95,descent
247.858,1632.37,-33.884,1735.95,descent
247.868,1632.54,-33.8137,1735.95,descent
247.879,1632.58,-33.748,1735.95,descent
247.89,1632.61,-33.6851,1735.95,descent
247.9,1632.53,-33.6328,1735.95,descent
247.91,1632.44,-33.5842,1735.95,descent
247.92,1632.36,-33.5389,1735.95,descent
247.952,1631.51,-33.4712,1735.95,descent
247.974,1631,-33.4522,1735.95,descent
247.984,1630.84,-33.445,1735.95,descent
247.995,1630.68,-33.4401,1735.95,descent
248.005,1630.51,-33.4345,1735.95,descent
248.026,1629.97,-33.442,1735.95,descent
248.036,1629.85,-33.4434,1735.95,descent
248.057,1629.45,-33.4455,1735.95,descent
248.068,1629.43,-33.4392,1735.95,descent
248.078,1629.38,-33.4285,1735.95,descent
248.112,1628.43,-33.4157,1735.95,descent
248.122,1628.26,-33.4112,1735.95,descent
248.132,1628.14,-33.4036,1735.95,descent
248.143,1627.86,-33.3987,1735.95,descent
248.153,1627.6,-33.3959,1735.95,descent
248.163,1627.35,-33.3943,1735.95,descent
248.173,1627.11,-33.3949,1735.95,descent
248.184,1626.84,-33.4015,1735.95,descent
248.227,1625.46,-33.5122,1735.95,descent
248.238,1625.13,-33.5432,1735.95,descent
248.248,1624.81,-33.5751,1735.95,descent
248.258,1624.52,-33.6102,1735.95,descent
248.279,1623.8,-33.6979,1735.95,descent
248.29,1623.41,-33.7488,1735.95,descent
248.301,1622.99,-33.8053,1735.95,descent
248.312,1622.59,-33.865,1735.95,descent
248.323,1622.17,-33.9274,1735.95,descent
248.333,1621.77,-33.9882,1735.95,descent
248.344,1621.34,-34.054,1735.95,descent
248.354,1620.97,-34.1147,1735.95,descent
248.365,1620.52,-34.1795,1735.95,descent
248.375,1620.15,-34.2464,1735.95,descent
248.408,1618.89,-34.437,1735.95,descent
248.419,1618.47,-34.4961,1735.95,descent
248.429,1618.1,-34.55,1735.95,descent
248.449,1617.33,-34.6716,1735.95,descent
248.46,1616.9,-34.7344,1735.95,descent
248.471,1616.46,-34.7966,1735.95,descent
248.481,1616.08,-34.853,1735.95,descent
248.492,1615.64,-34.9141,1735.95,descent
248.513,1614.85,-35.0312,1735.95,descent
248.524,1614.46,-35.0957,1735.95,descent
248.534,1614.1,-35.1553,1735.95,descent
248.544,1613.71,-35.2184,1735.95,descent
248.555,1613.33,-35.2866,1735.95,descent
248.565,1612.95,-35.3523,1735.95,descent
248.596,1611.82,-35.5507,1735.95,descent
248.607,1611.45,-35.6172,1735.95,descent
248.629,1610.68,-35.7477,1735.95,descent
248.639,1610.36,-35.8066,1735.95,descent
248.649,1610.04,-35.8641,1735.95,descent
248.66,1609.73,-35.9207,1735.95,descent
248.671,1609.39,-35.977,1735.95,descent
248.686,1608.88,-36.0556,1735.95,descent
248.696,1608.54,-36.1071,1735.95,descent
248.707,1608.22,-36.1609,1735.95,descent
248.717,1607.87,-36.2116,1735.95,descent
248.728,1607.54,-36.2597,1735.95,descent
248.739,1607.14,-36.318,1735.95,descent
248.77,1606.03,-36.4775,1735.95,descent
248.781,1605.67,-36.5302,1735.95,descent
248.792,1605.31,-36.58,1735.95,descent
248.803,1604.93,-36.6368,1735.95,descent
248.824,1604.18,-36.7676,1735.95,descent
248.856,1603.03,-36.9457,1735.95,descent
248.866,1602.73,-36.9975,1735.95,descent
248.877,1602.45,-37.0434,1735.95,descent
248.887,1603.28,-37.0468,1735.95,descent
248.897,1602.97,-37.0481,1735.95,descent
248.91,1602.56,-37.0472,1735.95,descent
248.92,1602.24,-37.0434,1735.95,descent
248.931,1601.9,-37.0483,1735.95,descent
248.951,1601.18,-37.0546,1735.95,descent
248.962,1600.88,-37.0531,1735.95,descent
248.972,1600.6,-37.0584,1735.95,descent
248.993,1599.99,-37.0554,1735.95,descent
249.003,1599.76,-37.0476,1735.95,descent
249.014,1599.52,-37.0319,1735.95,descent
249.028,1599.21,-37.0219,1735.95,descent
249.049,1598.66,-37.0318,1735.95,descent
249.07,1598.05,-37.0167,1735.95,descent
249.081,1597.79,-37.0005,1735.95,descent
249.092,1597.58,-36.9746,1735.95,descent
249.102,1597.37,-36.9418,1735.95,descent
249.113,1597.16,-36.9004,1735.95,descent
249.144,1596.08,-36.7501,1735.95,descent
249.155,1595.78,-36.6928,1735.95,descent
249.186,1594.85,-36.5025,1735.95,descent
249.197,1594.64,-36.43,1735.95,descent
249.218,1594.07,-36.2789,1735.95,descent
249.228,1593.81,-36.2023,1735.95,descent
249.239,1593.61,-36.1136,1735.95,descent
249.249,1593.41,-36.0262,1735.95,descent
249.26,1593.24,-35.9262,1735.95,descent
249.271,1593.07,-35.8195,1735.95,descent
249.281,1592.88,-35.7122,1735.95,descent
249.302,1592.36,-35.4978,1735.95,descent
249.312,1592.2,-35.3913,1735.95,descent
249.334,1591.66,-35.1791,1735.95,descent
249.344,1591.49,-35.0729,1735.95,descent
249.354,1591.32,-34.9637,1735.95,descent
249.37,1590.99,-34.795,1735.95,descent
249.38,1590.81,-34.6772,1735.95,descent
249.39,1590.61,-34.5681,1735.95,descent
249.423,1589.8,-34.233,1735.95,descent
249.434,1589.66,-34.1188,1735.95,descent
249.444,1589.52,-34.0019,1735.95,descent
249.455,1589.4,-33.8868,1735.95,descent
249.465,1589.25,-33.7636,1735.95,descent
249.476,1589.09,-33.64,1735.95,descent
249.507,1588.31,-33.3022,1735.95,descent
249.518,1588.15,-33.1905,1735.95,descent
249.549,1587.31,-32.9101,1735.95,descent
249.559,1587.12,-32.8269,1735.95,descent
249.57,1586.88,-32.7399,1735.95,descent
249.58,1586.62,-32.6645,1735.95,descent
249.601,1585.99,-32.5351,1735.95,descent
249.612,1585.62,-32.4784,1735.95,descent
249.674,1583.6,-32.3632,1735.95,descent
249.684,1583.23,-32.3501,1735.95,descent
249.695,1582.86,-32.3428,1735.95,descent
249.706,1582.47,-32.3415,1735.95,descent
249.716,1582.1,-32.3455,1735.95,descent
249.726,1581.75,-32.3541,1735.95,descent
249.736,1581.42,-32.3662,1735.95,descent
249.747,1581.1,-32.3813,1735.95,descent
249.757,1580.76,-32.4,1735.95,descent
249.767,1580.44,-32.4215,1735.95,descent
249.778,1580.11,-32.4475,1735.95,descent
249.788,1579.75,-32.4756,1735.95,descent
249.799,1579.47,-32.5055,1735.95,descent
249.81,1579.14,-32.5387,1735.95,descent
249.823,1578.73,-32.5811,1735.95,descent
249.833,1578.42,-32.6163,1735.95,descent
249.844,1578.09,-32.6539,1735.95,descent
249.855,1577.8,-32.693,1735.95,descent
249.875,1577.27,-32.7638,1735.95,descent
249.885,1577.08,-32.7973,1735.95,descent
249.906,1576.57,-32.8625,1735.95,descent
249.917,1576.42,-32.8927,1735.95,descent
249.928,1576.3,-32.9174,1735.95,descent
249.938,1576.22,-32.9363,1735.95,descent
249.98,1575.2,-33.0263,1735.95,descent
249.99,1575.18,-33.0409,1735.95,descent
250,1575.21,-33.0465,1735.95,descent
250.021,1574.87,-33.0549,1735.95,descent
250.032,1574.93,-33.0498,1735.95,descent
250.043,1574.97,-33.0366,1735.95,descent
250.053,1575.13,-33.015,1735.95,descent
250.074,1574.88,-32.9658,1735.95,descent
250.084,1574.93,-32.9334,1735.95,descent
250.094,1574.98,-32.8978,1735.95,descent
250.126,1574.46,-32.8139,1735.95,descent
250.147,1574.37,-32.7458,1735.95,descent
250.157,1574.66,-32.7004,1735.95,descent
250.168,1574.94,-32.6378,1735.95,descent
250.19,1574.86,-32.5142,1735.95,descent
250.2,1575.11,-32.4446,1735.95,descent
250.21,1575.39,-32.3641,1735.95,descent
250.221,1575.66,-32.2708,1735.95,descent
250.241,1575.5,-32.0933,1735.95,descent
250.252,1575.55,-32.002,1735.95,descent
250.262,1575.61,-31.9118,1735.95,descent
250.272,1575.67,-31.8203,1735.95,descent
250.282,1575.62,-31.7297,1735.95,descent
250.314,1574.7,-31.5329,1735.95,descent
250.325,1574.55,-31.4705,1735.95,descent
250.336,1574.41,-31.4149,1735.95,descent
250.347,1574.04,-31.3627,1735.95,descent
250.357,1573.85,-31.3225,1735.95,descent
250.368,1573.57,-31.2852,1735.95,descent
250.379,1573.31,-31.2549,1735.95,descent
250.389,1572.94,-31.2342,1735.95,descent
250.4,1572.61,-31.2188,1735.95,descent
250.41,1572.33,-31.2102,1735.95,descent
250.421,1571.91,-31.2114,1735.95,descent
250.431,1571.61,-31.2179,1735.95,descent
250.441,1571.29,-31.2299,1735.95,descent
250.463,1570.65,-31.2714,1735.95,descent
250.473,1570.26,-31.2992,1735.95,descent
250.505,1569.09,-31.421,1735.95,descent
250.515,1568.52,-31.4704,1735.95,descent
250.526,1568.06,-31.5219,1735.95,descent
250.537,1567.49,-31.579,1735.95,descent
250.557,1566.6,-31.715,1735.95,descent
250.588,1565.4,-31.9364,1735.95,descent
250.599,1564.87,-32.0224,1735.95,descent
250.631,1563.48,-32.2978,1735.95,descent
250.642,1562.84,-32.3994,1735.95,descent
250.653,1562.27,-32.5025,1735.95,descent
250.663,1561.71,-32.6061,1735.95,descent
250.673,1561.06,-32.7226,1735.95,descent
250.684,1560.46,-32.844,1735.95,descent
250.695,1559.84,-32.9725,1735.95,descent
250.705,1559.21,-33.1037,1735.95,descent
250.716,1558.52,-33.2469,1735.95,descent
250.726,1557.88,-33.3823,1735.95,descent
250.737,1557.23,-33.5341,1735.95,descent
250.748,1556.62,-33.6824,1735.95,descent
250.758,1555.96,-33.8309,1735.95,descent
250.779,1554.89,-34.1487,1735.95,descent
250.79,1554.21,-34.307,1735.95,descent
250.8,1553.55,-34.4631,1735.95,descent
250.81,1552.9,-34.6207,1735.95,descent
250.82,1552.23,-34.7823,1735.95,descent
250.83,1551.55,-34.9507,1735.95,descent
250.841,1550.86,-35.1209,1735.95,descent
250.851,1550.17,-35.2945,1735.95,descent
250.862,1549.46,-35.4808,1735.95,descent
250.872,1548.75,-35.656,1735.95,descent
250.882,1548.05,-35.8426,1735.95,descent
250.913,1546.51,-36.3594,1735.95,descent
250.924,1545.79,-36.5372,1735.95,descent
250.934,1545.06,-36.7245,1735.95,descent
250.945,1544.38,-36.9049,1735.95,descent
250.955,1543.7,-37.0906,1735.95,descent
250.965,1543.07,-37.2725,1735.95,descent
250.976,1542.46,-37.4553,1735.95,descent
250.986,1541.83,-37.647,1735.95,descent
250.997,1541.23,-37.8324,1735.95,descent
251.007,1540.68,-38.0156,1735.95,descent
251.017,1540.14,-38.1919,1735.95,descent
251.031,1539.46,-38.4334,1735.95,descent
251.042,1538.94,-38.6063,1735.95,descent
251.052,1538.42,-38.7797,1735.95,descent
251.062,1537.91,-38.9455,1735.95,descent
251.072,1537.39,-39.1094,1735.95,descent
251.085,1536.75,-39.3159,1735.95,descent
251.096,1536.17,-39.4888,1735.95,descent
251.126,1534.72,-39.9622,1735.95,descent
251.137,1534.08,-40.1306,1735.95,descent
251.148,1533.46,-40.2948,1735.95,descent
251.158,1532.84,-40.4563,1735.95,descent
251.168,1532.23,-40.6149,1735.95,descent
251.179,1531.58,-40.7882,1735.95,descent
251.189,1530.99,-40.9464,1735.95,descent
251.2,1530.35,-41.1174,1735.95,descent
251.22,1529.31,-41.4253,1735.95,descent
251.231,1528.7,-41.584,1735.95,descent
251.241,1528.13,-41.7472,1735.95,descent
251.263,1527.06,-42.0776,1735.95,descent
251.306,1525.14,-42.6529,1735.95,descent
251.317,1524.69,-42.7937,1735.95,descent
251.327,1524.23,-42.9251,1735.95,descent
251.348,1523.32,-43.1684,1735.95,descent
251.359,1522.85,-43.2902,1735.95,descent
251.369,1522.42,-43.3971,1735.95,descent
251.38,1522,-43.5067,1735.95,descent
251.412,1520.55,-43.8256,1735.95,descent
251.422,1520.12,-43.9194,1735.95,descent
251.443,1519.17,-44.1092,1735.95,descent
251.454,1518.68,-44.203,1735.95,descent
251.465,1518.17,-44.2956,1735.95,descent
251.475,1517.72,-44.3778,1735.95,descent
251.486,1517.23,-44.4709,1735.95,descent
251.507,1516.28,-44.6703,1735.95,descent
251.541,1514.75,-44.9559,1735.95,descent
251.552,1514.3,-45.0439,1735.95,descent
251.562,1513.87,-45.1209,1735.95,descent
251.572,1513.47,-45.1938,1735.95,descent
251.582,1513.13,-45.2616,1735.95,descent
251.614,1511.78,-45.4531,1735.95,descent
251.625,1511.41,-45.5127,1735.95,descent
251.656,1510.15,-45.6568,1735.95,descent
251.666,1509.99,-45.6927,1735.95,descent
251.677,1509.75,-45.7226,1735.95,descent
251.698,1509.19,-45.792,1735.95,descent
251.719,1508.63,-45.835,1735.95,descent
251.729,1508.62,-45.8409,1735.95,descent
251.74,1508.65,-45.8307,1735.95,descent
251.75,1508.72,-45.8063,1735.95,descent
251.761,1508.8,-45.7652,1735.95,descent
251.772,1508.99,-45.7017,1735.95,descent
251.782,1509.14,-45.6374,1735.95,descent
251.814,1508.58,-45.4067,1735.95,descent
251.825,1508.98,-45.3016,1735.95,descent
251.836,1509.41,-45.1707,1735.95,descent
251.846,1509.88,-45.0398,1735.95,descent
251.867,1509.91,-44.7602,1735.95,descent
251.878,1510.34,-44.598,1735.95,descent
251.888,1510.8,-44.4317,1735.95,descent
251.898,1511.18,-44.2628,1735.95,descent
251.919,1511.15,-43.9278,1735.95,descent
251.93,1511.39,-43.7492,1735.95,descent
251.94,1511.55,-43.5797,1735.95,descent
251.95,1511.67,-43.4128,1735.95,descent
251.96,1511.75,-43.2436,1735.95,descent
251.971,1511.75,-43.0683,1735.95,descent
251.986,1511.55,-42.8535,1735.95,descent
251.996,1511.63,-42.7076,1735.95,descent
252.006,1511.61,-42.567,1735.95,descent
252.016,1511.53,-42.4346,1735.95,descent
252.027,1511.62,-42.2912,1735.95,descent
252.04,1511.45,-42.1411,1735.95,descent
252.05,1511.34,-42.0199,1735.95,descent
252.061,1511.38,-41.8998,1735.95,descent
252.072,1511.35,-41.7778,1735.95,descent
252.093,1510.84,-41.5838,1735.95,descent
252.104,1510.8,-41.4894,1735.95,descent
252.115,1510.71,-41.3941,1735.95,descent
252.125,1510.73,-41.3001,1735.95,descent
252.135,1510.69,-41.2045,1735.95,descent
252.145,1510.66,-41.1077,1735.95,descent
252.156,1510.65,-41.0031,1735.95,descent
252.166,1510.67,-40.902,1735.95,descent
252.176,1510.67,-40.799,1735.95,descent
252.187,1510.61,-40.6832,1735.95,descent
252.197,1510.62,-40.5707,1735.95,descent
252.207,1510.61,-40.4624,1735.95,descent
252.239,1509.92,-40.1222,1735.95,descent
252.249,1509.99,-40.0003,1735.95,descent
252.259,1510.07,-39.8762,1735.95,descent
252.28,1509.77,-39.6448,1735.95,descent
252.301,1509.49,-39.3984,1735.95,descent
252.322,1509.3,-39.1177,1735.95,descent
252.333,1509.49,-38.9569,1735.95,descent
252.344,1509.71,-38.7839,1735.95,descent
252.354,1509.97,-38.6006,1735.95,descent
252.365,1510.25,-38.4064,1735.95,descent
252.375,1510.53,-38.2045,1735.95,descent
252.396,1510.4,-37.7898,1735.95,descent
252.417,1510.3,-37.3896,1735.95,descent
252.427,1510.5,-37.1918,1735.95,descent
252.458,1509.98,-36.64,1735.95,descent
252.469,1510.12,-36.4433,1735.95,descent
252.479,1510.28,-36.2597,1735.95,descent
252.49,1510.41,-36.0565,1735.95,descent
252.501,1510.46,-35.8683,1735.95,descent
252.511,1510.48,-35.6807,1735.95,descent
252.521,1510.5,-35.4998,1735.95,descent
252.531,1510.56,-35.3195,1735.95,descent
252.542,1510.61,-35.1312,1735.95,descent
252.552,1510.64,-34.9497,1735.95,descent
252.562,1510.79,-34.7623,1735.95,descent
252.572,1510.81,-34.5823,1735.95,descent
252.583,1510.87,-34.386,1735.95,descent
252.594,1510.87,-34.1929,1735.95,descent
252.604,1510.86,-34.0124,1735.95,descent
252.615,1510.91,-33.8295,1735.95,descent
252.626,1510.88,-33.6374,1735.95,descent
252.636,1510.99,-33.4546,1735.95,descent
252.647,1511.09,-33.2665,1735.95,descent
252.678,1510.47,-32.7651,1735.95,descent
252.688,1510.49,-32.5924,1735.95,descent
252.699,1510.52,-32.4222,1735.95,descent
252.709,1510.43,-32.2563,1735.95,descent
252.719,1510.36,-32.0909,1735.95,descent
252.729,1510.35,-31.9288,1735.95,descent
252.75,1509.99,-31.63,1735.95,descent
252.771,1509.57,-31.3508,1735.95,descent
252.781,1509.41,-31.2222,1735.95,descent
252.792,1509.19,-31.0902,1735.95,descent
252.802,1508.92,-30.9696,1735.95,descent
252.813,1508.67,-30.8615,1735.95,descent
252.834,1508.05,-30.6708,1735.95,descent
252.855,1507.39,-30.5143,1735.95,descent
252.886,1506.39,-30.3579,1735.95,descent
252.897,1505.96,-30.3171,1735.95,descent
252.907,1505.54,-30.2883,1735.95,descent
252.917,1505.23,-30.2657,1735.95,descent
252.928,1504.77,-30.2524,1735.95,descent
252.938,1504.43,-30.2468,1735.95,descent
252.949,1504.11,-30.2473,1735.95,descent
252.959,1503.82,-30.2529,1735.95,descent
252.98,1503.05,-30.2976,1735.95,descent
252.99,1502.55,-30.3316,1735.95,descent
253.001,1502.11,-30.3744,1735.95,descent
253.011,1501.63,-30.426,1735.95,descent
253.021,1501.19,-30.4862,1735.95,descent
253.032,1500.71,-30.5583,1735.95,descent
253.042,1500.3,-30.6306,1735.95,descent
253.053,1499.86,-30.7152,1735.95,descent
253.064,1499.41,-30.8058,1735.95,descent
253.075,1498.96,-30.9042,1735.95,descent
253.099,1498.1,-31.134,1735.95,descent
253.13,1496.99,-31.4599,1735.95,descent
253.141,1496.62,-31.5731,1735.95,descent
253.151,1496.27,-31.6879,1735.95,descent
253.162,1495.94,-31.8024,1735.95,descent
253.172,1495.58,-31.9173,1735.95,descent
253.183,1495.2,-32.04,1735.95,descent
253.204,1494.6,-32.2731,1735.95,descent
253.247,1493.33,-32.726,1735.95,descent
253.257,1493.14,-32.8277,1735.95,descent
253.278,1492.7,-33.0089,1735.95,descent
253.288,1492.58,-33.0894,1735.95,descent
253.298,1492.45,-33.1608,1735.95,descent
253.308,1492.34,-33.2239,1735.95,descent
253.32,1492.15,-33.2898,1735.95,descent
253.33,1492.03,-33.335,1735.95,descent
253.341,1491.93,-33.3723,1735.95,descent
253.351,1491.86,-33.3978,1735.95,descent
253.362,1491.83,-33.4106,1735.95,descent
253.373,1491.77,-33.4211,1735.95,descent
253.415,1490.71,-33.3927,1735.95,descent
253.426,1490.6,-33.373,1735.95,descent
253.436,1490.48,-33.3435,1735.95,descent
253.447,1490.34,-33.3069,1735.95,descent
253.458,1490.09,-33.2636,1735.95,descent
253.468,1489.93,-33.2173,1735.95,descent
253.478,1489.73,-33.1688,1735.95,descent
253.51,1488.77,-33.0167,1735.95,descent
253.521,1488.51,-32.9624,1735.95,descent
253.531,1488.25,-32.9192,1735.95,descent
253.554,1487.61,-32.8525,1735.95,descent
253.575,1486.88,-32.8037,1735.95,descent
253.585,1486.62,-32.7789,1735.95,descent
253.595,1486.3,-32.755,1735.95,descent
253.606,1485.91,-32.7316,1735.95,descent
253.617,1485.49,-32.7197,1735.95,descent
253.648,1484.46,-32.7004,1735.95,descent
253.66,1484.1,-32.6945,1735.95,descent
253.67,1483.7,-32.6921,1735.95,descent
253.681,1483.3,-32.6933,1735.95,descent
253.712,1482.27,-32.7581,1735.95,descent
253.744,1481.2,-32.8453,1735.95,descent
253.754,1480.77,-32.8776,1735.95,descent
253.764,1480.43,-32.9108,1735.95,descent
253.775,1480,-32.9483,1735.95,descent
253.785,1479.61,-32.9876,1735.95,descent
253.805,1478.86,-33.0804,1735.95,descent
253.816,1478.46,-33.1384,1735.95,descent
253.826,1478.01,-33.1995,1735.95,descent
253.837,1477.59,-33.2681,1735.95,descent
253.848,1477.13,-33.3371,1735.95,descent
253.859,1476.71,-33.4162,1735.95,descent
253.869,1476.24,-33.4958,1735.95,descent
253.879,1475.84,-33.5797,1735.95,descent
253.89,1475.52,-33.6711,1735.95,descent
253.9,1475.19,-33.7594,1735.95,descent
253.91,1474.92,-33.8434,1735.95,descent
253.921,1474.64,-33.9279,1735.95,descent
253.932,1474.36,-34.0175,1735.95,descent
253.974,1472.84,-34.4135,1735.95,descent
253.984,1472.58,-34.5058,1735.95,descent
253.995,1472.2,-34.6073,1735.95,descent
254.006,1471.93,-34.7028,1735.95,descent
254.026,1471.24,-34.8836,1735.95,descent
254.037,1471.01,-34.9698,1735.95,descent
254.047,1470.87,-35.0512,1735.95,descent
254.058,1470.65,-35.1268,1735.95,descent
254.068,1470.5,-35.1951,1735.95,descent
254.1,1469.54,-35.3923,1735.95,descent
254.111,1469.25,-35.4563,1735.95,descent
254.121,1469.04,-35.5126,1735.95,descent
254.173,1467.3,-35.7538,1735.95,descent
254.186,1467.12,-35.7997,1735.95,descent
254.197,1467,-35.8346,1735.95,descent
254.207,1466.77,-35.8615,1735.95,descent
254.217,1466.71,-35.8764,1735.95,descent
254.228,1466.53,-35.8848,1735.95,descent
254.238,1466.44,-35.8898,1735.95,descent
254.26,1465.85,-35.8906,1735.95,descent
254.27,1465.79,-35.8812,1735.95,descent
254.28,1465.69,-35.8699,1735.95,descent
254.304,1465.18,-35.8301,1735.95,descent
254.314,1465.1,-35.805,1735.95,descent
254.324,1465.09,-35.7702,1735.95,descent
254.334,1464.95,-35.7324,1735.95,descent
254.345,1464.88,-35.6841,1735.95,descent
254.357,1464.82,-35.6205,1735.95,descent
254.368,1464.67,-35.5598,1735.95,descent
254.379,1464.61,-35.4945,1735.95,descent
254.389,1464.51,-35.4275,1735.95,descent
254.399,1464.34,-35.3581,1735.95,descent
254.41,1464.23,-35.2821,1735.95,descent
254.421,1464.18,-35.206,1735.95,descent
254.431,1464.1,-35.1256,1735.95,descent
254.441,1463.98,-35.0519,1735.95,descent
254.462,1463.37,-34.9194,1735.95,descent
254.473,1463.04,-34.8583,1735.95,descent
254.483,1462.72,-34.8074,1735.95,descent
254.494,1462.34,-34.7594,1735.95,descent
254.505,1462,-34.7186,1735.95,descent
254.516,1461.81,-34.682,1735.95,descent
254.538,1461.26,-34.6288,1735.95,descent
254.549,1461.06,-34.6064,1735.95,descent
254.581,1460.08,-34.5993,1735.95,descent
254.592,1459.96,-34.596,1735.95,descent
254.602,1459.7,-34.5968,1735.95,descent
254.612,1459.54,-34.5991,1735.95,descent
254.645,1458.68,-34.6601,1735.95,descent
254.655,1458.5,-34.6809,1735.95,descent
254.677,1457.93,-34.7418,1735.95,descent
254.687,1457.77,-34.7705,1735.95,descent
254.699,1457.51,-34.8085,1735.95,descent
254.709,1457.32,-34.8428,1735.95,descent
254.719,1457.1,-34.8794,1735.95,descent
254.73,1457.01,-34.9102,1735.95,descent
254.751,1456.53,-34.9814,1735.95,descent
254.761,1456.46,-35.0089,1735.95,descent
254.771,1456.35,-35.0353,1735.95,descent
254.782,1456.23,-35.0613,1735.95,descent
254.792,1456.07,-35.0866,1735.95,descent
254.802,1455.86,-35.1136,1735.95,descent
254.813,1455.73,-35.139,1735.95,descent
254.823,1455.54,-35.1633,1735.95,descent
254.834,1455.25,-35.1883,1735.95,descent
254.845,1454.99,-35.2159,1735.95,descent
254.855,1454.73,-35.2423,1735.95,descent
254.866,1454.5,-35.2709,1735.95,descent
254.877,1454.13,-35.3038,1735.95,descent
254.888,1453.82,-35.3412,1735.95,descent
254.898,1453.68,-35.3723,1735.95,descent
254.908,1453.46,-35.4041,1735.95,descent
254.919,1453.28,-35.4307,1735.95,descent
254.94,1452.74,-35.4809,1735.95,descent
254.951,1452.46,-35.5043,1735.95,descent
254.962,1452.09,-35.5294,1735.95,descent
254.973,1451.75,-35.5533,1735.95,descent
254.983,1451.46,-35.5758,1735.95,descent
254.993,1451.15,-35.5979,1735.95,descent
255.004,1450.73,-35.6232,1735.95,descent
255.014,1450.38,-35.6515,1735.95,descent
255.035,1449.51,-35.7176,1735.95,descent
255.046,1448.99,-35.7565,1735.95,descent
255.056,1448.42,-35.7994,1735.95,descent
255.066,1447.98,-35.8449,1735.95,descent
255.077,1447.32,-35.9039,1735.95,descent
255.087,1446.69,-35.9665,1735.95,descent
255.098,1446,-36.0454,1735.95,descent
255.109,1445.46,-36.1262,1735.95,descent
255.12,1444.78,-36.2146,1735.95,descent
255.13,1444.11,-36.3154,1735.95,descent
255.141,1443.38,-36.4348,1735.95,descent
255.183,1441.48,-36.8751,1735.95,descent
255.194,1440.8,-36.9856,1735.95,descent
255.204,1440.11,-37.1042,1735.95,descent
255.214,1439.45,-37.221,1735.95,descent
255.225,1438.74,-37.3443,1735.95,descent
255.235,1438.02,-37.4729,1735.95,descent
255.245,1437.34,-37.6029,1735.95,descent
255.256,1436.59,-37.7425,1735.95,descent
255.266,1435.84,-37.887,1735.95,descent
255.297,1434.29,-38.2803,1735.95,descent
255.307,1433.58,-38.4142,1735.95,descent
255.317,1432.89,-38.5522,1735.95,descent
255.33,1432.04,-38.7497,1735.95,descent
255.362,1430.43,-39.1922,1735.95,descent
255.372,1429.69,-39.3394,1735.95,descent
255.382,1428.94,-39.4922,1735.95,descent
255.393,1428.24,-39.6563,1735.95,descent
255.403,1427.63,-39.8074,1735.95,descent
255.435,1426.09,-40.2557,1735.95,descent
255.447,1425.39,-40.4285,1735.95,descent
255.458,1424.77,-40.5808,1735.95,descent
255.468,1424.19,-40.7291,1735.95,descent
255.478,1423.69,-40.8727,1735.95,descent
255.489,1423.14,-41.0191,1735.95,descent
255.5,1422.52,-41.1758,1735.95,descent
255.511,1422.02,-41.3287,1735.95,descent
255.521,1421.5,-41.479,1735.95,descent
255.532,1421.01,-41.6179,1735.95,descent
255.564,1419.53,-42.0388,1735.95,descent
255.606,1417.64,-42.5635,1735.95,descent
255.617,1417.24,-42.6957,1735.95,descent
255.628,1416.76,-42.82,1735.95,descent
255.659,1415.46,-43.1925,1735.95,descent
255.691,1414.36,-43.5384,1735.95,descent
255.701,1414.03,-43.6456,1735.95,descent
255.711,1413.79,-43.7472,1735.95,descent
255.722,1413.41,-43.8576,1735.95,descent
255.733,1413.17,-43.9607,1735.95,descent
255.743,1412.87,-44.0512,1735.95,descent
255.786,1411.17,-44.4583,1735.95,descent
255.796,1410.95,-44.5556,1735.95,descent
255.807,1410.69,-44.6604,1735.95,descent
255.817,1410.49,-44.7557,1735.95,descent
255.827,1410.52,-44.8341,1735.95,descent
255.861,1409.53,-45.1231,1735.95,descent
255.871,1409.54,-45.2026,1735.95,descent
255.881,1409.51,-45.2781,1735.95,descent
255.891,1409.52,-45.3482,1735.95,descent
255.901,1409.5,-45.4113,1735.95,descent
255.912,1409.59,-45.4711,1735.95,descent
255.922,1409.64,-45.5189,1735.95,descent
255.933,1409.7,-45.5577,1735.95,descent
255.956,1409.27,-45.6502,1735.95,descent
255.967,1409.61,-45.6769,1735.95,descent
255.978,1409.68,-45.6953,1735.95,descent
255.988,1409.89,-45.7026,1735.95,descent
255.999,1409.95,-45.7004,1735.95,descent
256.021,1409.56,-45.711,1735.95,descent
256.042,1409.09,-45.7267,1735.95,descent
256.084,1407.6,-45.8811,1735.95,descent
256.094,1407.54,-45.9155,1735.95,descent
256.105,1407.26,-45.957,1735.95,descent
256.115,1407.07,-45.9959,1735.95,descent
256.125,1406.82,-46.0362,1735.95,descent
256.135,1406.73,-46.072,1735.95,descent
256.156,1405.95,-46.1612,1735.95,descent
256.166,1405.66,-46.2053,1735.95,descent
256.177,1405.28,-46.2528,1735.95,descent
256.188,1404.86,-46.3029,1735.95,descent
256.199,1404.5,-46.3539,1735.95,descent
256.232,1403.08,-46.5268,1735.95,descent
256.242,1402.78,-46.5766,1735.95,descent
256.252,1402.47,-46.6246,1735.95,descent
256.263,1402.13,-46.6708,1735.95,descent
256.284,1401.22,-46.7669,1735.95,descent
256.294,1400.83,-46.8143,1735.95,descent
256.315,1399.96,-46.9063,1735.95,descent
256.326,1399.55,-46.9519,1735.95,descent
256.337,1399.14,-46.9937,1735.95,descent
256.348,1398.75,-47.0347,1735.95,descent
256.358,1398.38,-47.0723,1735.95,descent
256.38,1397.53,-47.1444,1735.95,descent
256.391,1397.16,-47.1783,1735.95,descent
256.401,1396.87,-47.2058,1735.95,descent
256.412,1396.49,-47.2342,1735.95,descent
256.423,1396.14,-47.2604,1735.95,descent
256.433,1395.83,-47.282,1735.95,descent
256.454,1395.09,-47.3242,1735.95,descent
256.464,1394.81,-47.3419,1735.95,descent
256.475,1394.53,-47.357,1735.95,descent
256.485,1394.27,-47.3686,1735.95,descent
256.495,1394.02,-47.3778,1735.95,descent
256.517,1393.18,-47.407,1735.95,descent
256.528,1392.86,-47.418,1735.95,descent
256.549,1392.06,-47.4489,1735.95,descent
256.57,1391.36,-47.4839,1735.95,descent
256.58,1391.09,-47.5008,1735.95,descent
256.591,1390.84,-47.5128,1735.95,descent
256.623,1389.56,-47.5594,1735.95,descent
256.644,1388.85,-47.5868,1735.95,descent
256.675,1387.69,-47.6471,1735.95,descent
256.686,1387.53,-47.6616,1735.95,descent
256.697,1387.43,-47.6675,1735.95,descent
256.707,1387.36,-47.6661,1735.95,descent
256.717,1387.23,-47.6591,1735.95,descent
256.727,1387.13,-47.6457,1735.95,descent
256.737,1387.02,-47.6258,1735.95,descent
256.747,1386.93,-47.5982,1735.95,descent
256.759,1386.76,-47.5573,1735.95,descent
256.77,1386.65,-47.5116,1735.95,descent
256.78,1386.55,-47.4613,1735.95,descent
256.791,1386.43,-47.4011,1735.95,descent
256.801,1386.34,-47.3345,1735.95,descent
256.812,1386.23,-47.2573,1735.95,descent
256.833,1385.67,-47.105,1735.95,descent
256.843,1385.59,-47.0249,1735.95,descent
256.854,1385.48,-46.9339,1735.95,descent
256.907,1383.43,-46.6086,1735.95,descent
256.917,1383.26,-46.5357,1735.95,descent
256.933,1382.76,-46.4265,1735.95,descent
256.943,1382.51,-46.3562,1735.95,descent
256.954,1382.19,-46.2782,1735.95,descent
256.965,1381.9,-46.2049,1735.95,descent
256.975,1381.6,-46.1278,1735.95,descent
256.987,1381.22,-46.0448,1735.95,descent
257.029,1379.65,-45.7615,1735.95,descent
257.039,1379.45,-45.6843,1735.95,descent
257.05,1379.21,-45.5914,1735.95,descent
257.061,1378.99,-45.4881,1735.95,descent
257.072,1378.67,-45.3822,1735.95,descent
257.082,1378.47,-45.2711,1735.95,descent
257.093,1378.21,-45.1611,1735.95,descent
257.124,1377.18,-44.8269,1735.95,descent
257.134,1377.31,-44.7006,1735.95,descent
257.145,1377.33,-44.5615,1735.95,descent
257.155,1377.36,-44.4009,1735.95,descent
257.165,1377.4,-44.2428,1735.95,descent
257.176,1377.32,-44.0687,1735.95,descent
257.186,1377.39,-43.8864,1735.95,descent
257.197,1377.36,-43.7072,1735.95,descent
257.219,1376.94,-43.32,1735.95,descent
257.23,1376.9,-43.1229,1735.95,descent
257.24,1376.93,-42.9263,1735.95,descent
257.251,1376.92,-42.7312,1735.95,descent
257.272,1376.63,-42.3317,1735.95,descent
257.282,1376.79,-42.1343,1735.95,descent
257.292,1376.82,-41.9327,1735.95,descent
257.303,1376.84,-41.7102,1735.95,descent
257.313,1376.93,-41.5012,1735.95,descent
257.324,1376.96,-41.2718,1735.95,descent
257.334,1377.1,-41.0576,1735.95,descent
257.355,1376.72,-40.6421,1735.95,descent
257.365,1376.69,-40.4471,1735.95,descent
257.376,1376.65,-40.2452,1735.95,descent
257.386,1376.62,-40.051,1735.95,descent
257.396,1376.57,-39.8572,1735.95,descent
257.406,1376.47,-39.6747,1735.95,descent
257.416,1376.37,-39.4986,1735.95,descent
257.426,1376.2,-39.3297,1735.95,descent
257.436,1375.99,-39.169,1735.95,descent
257.447,1375.74,-39.0071,1735.95,descent
257.457,1375.52,-38.8664,1735.95,descent
257.468,1375.26,-38.7221,1735.95,descent
257.479,1375.03,-38.5953,1735.95,descent
257.5,1374.36,-38.3705,1735.95,descent
257.522,1373.7,-38.1856,1735.95,descent
257.532,1373.4,-38.1034,1735.95,descent
257.543,1373.19,-38.0249,1735.95,descent
257.553,1372.93,-37.9506,1735.95,descent
257.564,1372.61,-37.8792,1735.95,descent
257.574,1372.41,-37.8168,1735.95,descent
257.595,1371.77,-37.7094,1735.95,descent
257.605,1371.5,-37.6617,1735.95,descent
257.619,1371.1,-37.6023,1735.95,descent
257.629,1370.74,-37.564,1735.95,descent
257.64,1370.55,-37.527,1735.95,descent
257.661,1369.91,-37.4651,1735.95,descent
257.683,1369.14,-37.4259,1735.95,descent
257.693,1368.76,-37.4113,1735.95,descent
257.704,1368.35,-37.4025,1735.95,descent
257.714,1367.99,-37.3982,1735.95,descent
257.724,1367.61,-37.3988,1735.95,descent
257.736,1367.14,-37.406,1735.95,descent
257.747,1366.67,-37.4192,1735.95,descent
257.757,1366.26,-37.4357,1735.95,descent
257.768,1365.76,-37.4607,1735.95,descent
257.778,1365.28,-37.4904,1735.95,descent
257.789,1364.79,-37.5259,1735.95,descent
257.799,1364.3,-37.5661,1735.95,descent
257.809,1363.8,-37.6115,1735.95,descent
257.819,1363.29,-37.6625,1735.95,descent
257.829,1362.77,-37.7211,1735.95,descent
257.839,1362.26,-37.7828,1735.95,descent
257.85,1361.74,-37.8517,1735.95,descent
257.87,1360.84,-37.9972,1735.95,descent
257.881,1360.34,-38.0741,1735.95,descent
257.891,1359.86,-38.1528,1735.95,descent
257.924,1358.55,-38.3978,1735.95,descent
257.935,1358.12,-38.4779,1735.95,descent
257.945,1357.72,-38.5547,1735.95,descent
257.956,1357.33,-38.6304,1735.95,descent
257.967,1356.94,-38.7091,1735.95,descent
257.978,1356.56,-38.7866,1735.95,descent
257.988,1356.22,-38.8604,1735.95,descent
258.009,1355.49,-38.9986,1735.95,descent
258.02,1355.23,-39.0614,1735.95,descent
258.041,1354.53,-39.1896,1735.95,descent
258.062,1353.91,-39.3047,1735.95,descent
258.072,1353.76,-39.3531,1735.95,descent
258.083,1353.61,-39.3964,1735.95,descent
258.093,1353.51,-39.4318,1735.95,descent
258.103,1353.42,-39.4606,1735.95,descent
258.113,1353.37,-39.4806,1735.95,descent
258.135,1352.95,-39.5124,1735.95,descent
258.155,1352.54,-39.5353,1735.95,descent
258.165,1352.58,-39.537,1735.95,descent
258.176,1352.55,-39.5319,1735.95,descent
258.187,1352.45,-39.5224,1735.95,descent
258.197,1352.43,-39.5063,1735.95,descent
258.207,1352.44,-39.4831,1735.95,descent
258.217,1352.39,-39.4555,1735.95,descent
258.237,1351.86,-39.411,1735.95,descent
258.247,1351.77,-39.3859,1735.95,descent
258.258,1351.73,-39.3564,1735.95,descent
258.299,1350.48,-39.3008,1735.95,descent
258.332,1349.64,-39.2842,1735.95,descent
258.342,1349.62,-39.2736,1735.95,descent
258.352,1349.66,-39.255,1735.95,descent
258.362,1349.74,-39.2278,1735.95,descent
258.373,1349.9,-39.1844,1735.95,descent
258.384,1350.06,-39.1289,1735.95,descent
258.405,1349.81,-39.0151,1735.95,descent
258.415,1349.9,-38.953,1735.95,descent
258.425,1349.94,-38.8824,1735.95,descent
258.435,1349.93,-38.8051,1735.95,descent
258.445,1349.96,-38.7202,1735.95,descent
258.455,1349.91,-38.6276,1735.95,descent
258.488,1349.03,-38.3482,1735.95,descent
258.498,1348.83,-38.2531,1735.95,descent
258.509,1348.7,-38.16,1735.95,descent
258.573,1346.6,-37.6819,1735.95,descent
258.583,1346.4,-37.5999,1735.95,descent
258.593,1346.02,-37.5177,1735.95,descent
258.604,1345.79,-37.4302,1735.95,descent
258.615,1345.51,-37.3407,1735.95,descent
258.625,1345.26,-37.2576,1735.95,descent
258.636,1343.64,-37.2141,1735.95,descent
258.667,1342.49,-37.1056,1735.95,descent
258.678,1342.16,-37.0683,1735.95,descent
258.688,1341.87,-37.0323,1735.95,descent
258.699,1341.68,-36.9939,1735.95,descent
258.709,1341.45,-36.9545,1735.95,descent
258.719,1341.19,-36.9154,1735.95,descent
258.73,1340.92,-36.8783,1735.95,descent
258.74,1340.74,-36.8365,1735.95,descent
258.751,1340.67,-36.792,1735.95,descent
258.761,1340.65,-36.7397,1735.95,descent
258.772,1340.53,-36.6831,1735.95,descent
258.784,1340.45,-36.6226,1735.95,descent
258.805,1340.08,-36.5257,1735.95,descent
258.816,1340.1,-36.4735,1735.95,descent
258.827,1340.09,-36.4174,1735.95,descent
258.838,1339.86,-36.3693,1735.95,descent
258.848,1339.63,-36.3292,1735.95,descent
258.858,1339.44,-36.2915,1735.95,descent
258.868,1339.23,-36.2592,1735.95,descent
258.879,1338.95,-36.2311,1735.95,descent
258.92,1337.65,-36.2349,1735.95,descent
258.941,1337.07,-36.2602,1735.95,descent
258.952,1336.82,-36.2779,1735.95,descent
258.962,1336.54,-36.2997,1735.95,descent
258.973,1336.2,-36.3269,1735.95,descent
258.983,1335.94,-36.3539,1735.95,descent
258.994,1335.57,-36.3897,1735.95,descent
259.005,1335.21,-36.4292,1735.95,descent
259.026,1334.49,-36.5241,1735.95,descent
259.037,1334.16,-36.576,1735.95,descent
259.047,1333.82,-36.6286,1735.95,descent
259.068,1333.06,-36.7478,1735.95,descent
259.089,1332.31,-36.8784,1735.95,descent
259.099,1331.93,-36.9456,1735.95,descent
259.11,1331.49,-37.0173,1735.95,descent
259.12,1331.15,-37.0867,1735.95,descent
259.133,1330.58,-37.1842,1735.95,descent
259.143,1330.14,-37.2673,1735.95,descent
259.154,1329.74,-37.3498,1735.95,descent
259.164,1329.28,-37.436,1735.95,descent
259.174,1328.79,-37.5259,1735.95,descent
259.185,1328.29,-37.6279,1735.95,descent
259.196,1327.77,-37.733,1735.95,descent
259.206,1327.23,-37.8415,1735.95,descent
259.216,1326.77,-37.9466,1735.95,descent
259.248,1325.43,-38.285,1735.95,descent
259.258,1324.92,-38.3969,1735.95,descent
259.268,1324.42,-38.5118,1735.95,descent
259.279,1323.88,-38.64,1735.95,descent
259.289,1323.37,-38.7616,1735.95,descent
259.31,1322.45,-39.0086,1735.95,descent
259.32,1321.97,-39.1301,1735.95,descent
259.33,1321.5,-39.2534,1735.95,descent
259.341,1321.01,-39.3866,1735.95,descent
259.351,1320.55,-39.5144,1735.95,descent
259.373,1319.59,-39.7779,1735.95,descent
259.383,1319.11,-39.9104,1735.95,descent
259.394,1318.69,-40.0335,1735.95,descent
259.404,1318.3,-40.1552,1735.95,descent
259.414,1317.88,-40.2762,1735.95,descent
259.424,1317.46,-40.3965,1735.95,descent
259.435,1317.04,-40.52,1735.95,descent
259.445,1316.61,-40.6446,1735.95,descent
259.456,1316.19,-40.7653,1735.95,descent
259.466,1315.8,-40.885,1735.95,descent
259.477,1315.39,-41.0082,1735.95,descent
259.529,1313.22,-41.6086,1735.95,descent
259.56,1311.95,-41.9739,1735.95,descent
259.57,1311.67,-42.0863,1735.95,descent
259.58,1311.39,-42.1957,1735.95,descent
259.594,1310.96,-42.3372,1735.95,descent
259.605,1310.69,-42.4474,1735.95,descent
259.615,1310.43,-42.5475,1735.95,descent
259.637,1309.73,-42.7467,1735.95,descent
259.647,1309.56,-42.8371,1735.95,descent
259.657,1309.35,-42.9216,1735.95,descent
259.667,1309.28,-42.9985,1735.95,descent
259.711,1307.54,-43.3787,1735.95,descent
259.721,1307.28,-43.4636,1735.95,descent
259.741,1306.61,-43.6396,1735.95,descent
259.752,1306.38,-43.725,1735.95,descent
259.783,1305.29,-44.0028,1735.95,descent
259.794,1305.18,-44.0882,1735.95,descent
259.825,1304.26,-44.3204,1735.95,descent
259.835,1304.21,-44.3861,1735.95,descent
259.846,1304.26,-44.4394,1735.95,descent
259.857,1304.27,-44.477,1735.95,descent
259.867,1304.22,-44.5025,1735.95,descent
259.877,1304.16,-44.5152,1735.95,descent
259.887,1304.12,-44.5152,1735.95,descent
259.909,1303.61,-44.4906,1735.95,descent
259.919,1303.55,-44.4658,1735.95,descent
259.934,1303.27,-44.4163,1735.95,descent
259.944,1303.17,-44.3737,1735.95,descent
259.955,1303.01,-44.3258,1735.95,descent
259.976,1302.37,-44.2279,1735.95,descent
259.989,1302.1,-44.1606,1735.95,descent
259.999,1301.9,-44.0999,1735.95,descent
260.01,1301.71,-44.0366,1735.95,descent
260.041,1300.58,-43.8629,1735.95,descent
260.052,1300.31,-43.8016,1735.95,descent
260.062,1300.06,-43.7439,1735.95,descent
260.072,1299.81,-43.6845,1735.95,descent
260.083,1299.48,-43.6206,1735.95,descent
260.093,1299.14,-43.5635,1735.95,descent
260.103,1298.79,-43.5122,1735.95,descent
260.124,1297.95,-43.425,1735.95,descent
260.135,1297.47,-43.3887,1735.95,descent
260.157,1296.44,-43.3558,1735.95,descent
260.189,1295.02,-43.3365,1735.95,descent
260.199,1294.51,-43.3332,1735.95,descent
260.209,1294.02,-43.3373,1735.95,descent
260.231,1293.12,-43.3463,1735.95,descent
260.241,1292.65,-43.351,1735.95,descent
260.272,1291.37,-43.3578,1735.95,descent
260.283,1290.96,-43.3643,1735.95,descent
260.304,1290.21,-43.3677,1735.95,descent
260.314,1289.88,-43.3663,1735.95,descent
260.325,1289.56,-43.3621,1735.95,descent
260.337,1289.14,-43.353,1735.95,descent
260.348,1288.83,-43.3409,1735.95,descent
260.358,1288.55,-43.3282,1735.95,descent
260.379,1287.76,-43.3017,1735.95,descent
260.39,1287.48,-43.2837,1735.95,descent
260.4,1287.15,-43.2639,1735.95,descent
260.41,1286.79,-43.243,1735.95,descent
260.421,1286.39,-43.2218,1735.95,descent
260.431,1286.02,-43.2016,1735.95,descent
260.442,1285.59,-43.183,1735.95,descent
260.473,1284.24,-43.1645,1735.95,descent
260.484,1283.85,-43.1587,1735.95,descent
260.494,1283.46,-43.1531,1735.95,descent
260.504,1283.1,-43.148,1735.95,descent
260.525,1282.28,-43.1421,1735.95,descent
260.535,1281.91,-43.1397,1735.95,descent
260.546,1281.52,-43.1363,1735.95,descent
260.556,1281.17,-43.132,1735.95,descent
260.567,1280.79,-43.1265,1735.95,descent
260.577,1280.48,-43.1203,1735.95,descent
260.588,1280.14,-43.1123,1735.95,descent
260.63,1278.57,-43.1063,1735.95,descent
260.641,1278.38,-43.0987,1735.95,descent
260.652,1278.2,-43.0856,1735.95,descent
260.662,1278.05,-43.0679,1735.95,descent
260.672,1277.94,-43.0455,1735.95,descent
260.682,1277.9,-43.0155,1735.95,descent
260.713,1276.98,-42.9494,1735.95,descent
260.724,1276.94,-42.9197,1735.95,descent
260.734,1276.92,-42.8866,1735.95,descent
260.745,1276.81,-42.851,1735.95,descent
260.755,1276.86,-42.8091,1735.95,descent
260.765,1276.75,-42.7668,1735.95,descent
260.775,1276.66,-42.7229,1735.95,descent
260.787,1276.55,-42.6712,1735.95,descent
260.798,1276.46,-42.623,1735.95,descent
260.808,1276.36,-42.5801,1735.95,descent
260.819,1276.4,-42.5299,1735.95,descent
260.829,1276.38,-42.4828,1735.95,descent
260.839,1276.34,-42.432,1735.95,descent
260.86,1275.84,-42.3484,1735.95,descent
260.871,1275.78,-42.3094,1735.95,descent
260.882,1275.71,-42.268,1735.95,descent
260.892,1275.71,-42.2287,1735.95,descent
260.902,1275.76,-42.1822,1735.95,descent
260.933,1274.68,-42.1155,1735.95,descent
260.944,1274.58,-42.0887,1735.95,descent
260.955,1274.42,-42.0628,1735.95,descent
260.966,1274.23,-42.0383,1735.95,descent
260.976,1274.16,-42.0132,1735.95,descent
260.986,1274.07,-41.987,1735.95,descent
261.019,1272.85,-41.9649,1735.95,descent
261.029,1272.72,-41.9545,1735.95,descent
261.039,1272.51,-41.9431,1735.95,descent
261.049,1272.22,-41.9334,1735.95,descent
261.059,1272,-41.9255,1735.95,descent
261.09,1270.71,-41.9334,1735.95,descent
261.1,1270.21,-41.9391,1735.95,descent
261.111,1269.73,-41.947,1735.95,descent
261.121,1269.21,-41.9575,1735.95,descent
261.131,1268.72,-41.9697,1735.95,descent
261.142,1268.16,-41.9861,1735.95,descent
261.153,1267.6,-42.0063,1735.95,descent
261.164,1267,-42.038,1735.95,descent
261.195,1265.48,-42.1491,1735.95,descent
261.206,1264.89,-42.1897,1735.95,descent
261.216,1264.29,-42.2321,1735.95,descent
261.226,1263.68,-42.2792,1735.95,descent
261.237,1263.06,-42.3294,1735.95,descent
261.247,1262.44,-42.3835,1735.95,descent
261.258,1261.8,-42.4417,1735.95,descent
261.268,1261.19,-42.5008,1735.95,descent
261.279,1260.55,-42.5621,1735.95,descent
261.29,1259.9,-42.6283,1735.95,descent
261.3,1259.3,-42.6991,1735.95,descent
261.31,1258.66,-42.7862,1735.95,descent
261.342,1257.13,-42.9851,1735.95,descent
261.352,1256.53,-43.0454,1735.95,descent
261.363,1255.93,-43.1052,1735.95,descent
261.373,1255.36,-43.1639,1735.95,descent
261.383,1254.81,-43.2274,1735.95,descent
261.415,1253.31,-43.4142,1735.95,descent
261.426,1252.73,-43.4777,1735.95,descent
261.436,1252.14,-43.5419,1735.95,descent
261.447,1251.57,-43.6047,1735.95,descent
261.457,1251.01,-43.6688,1735.95,descent
261.468,1250.47,-43.7318,1735.95,descent
261.478,1249.93,-43.7972,1735.95,descent
261.488,1249.38,-43.8627,1735.95,descent
261.499,1248.8,-43.9315,1735.95,descent
261.509,1248.26,-44.0005,1735.95,descent
261.52,1247.73,-44.0677,1735.95,descent
261.53,1247.2,-44.135,1735.95,descent
261.542,1246.61,-44.2125,1735.95,descent
261.553,1246.07,-44.2841,1735.95,descent
261.563,1245.58,-44.3544,1735.95,descent
261.617,1243.03,-44.743,1735.95,descent
261.627,1242.46,-44.8214,1735.95,descent
261.638,1241.9,-44.9076,1735.95,descent
261.649,1241.34,-44.9979,1735.95,descent
261.66,1240.76,-45.0876,1735.95,descent
261.671,1240.18,-45.1794,1735.95,descent
261.681,1239.63,-45.2686,1735.95,descent
261.691,1239.09,-45.3557,1735.95,descent
261.701,1238.54,-45.4441,1735.95,descent
261.713,1237.91,-45.5481,1735.95,descent
261.723,1237.36,-45.6401,1735.95,descent
261.733,1236.84,-45.7317,1735.95,descent
261.744,1236.27,-45.8313,1735.95,descent
261.754,1235.73,-45.9243,1735.95,descent
261.765,1235.15,-46.0253,1735.95,descent
261.776,1234.6,-46.1201,1735.95,descent
261.786,1234.07,-46.2146,1735.95,descent
261.817,1232.54,-46.5028,1735.95,descent
261.828,1231.99,-46.6025,1735.95,descent
261.839,1231.46,-46.7003,1735.95,descent
261.86,1230.46,-46.8789,1735.95,descent
261.87,1229.96,-46.9712,1735.95,descent
261.891,1228.95,-47.1463,1735.95,descent
261.901,1228.49,-47.2314,1735.95,descent
261.932,1227.03,-47.4766,1735.95,descent
261.966,1225.41,-47.7413,1735.95,descent
261.976,1224.94,-47.8187,1735.95,descent
261.987,1224.42,-47.9002,1735.95,descent
261.998,1223.92,-47.9828,1735.95,descent
262.019,1222.91,-48.1382,1735.95,descent
262.03,1222.46,-48.212,1735.95,descent
262.04,1222.04,-48.2799,1735.95,descent
262.051,1221.54,-48.353,1735.95,descent
262.061,1221.06,-48.4215,1735.95,descent
262.072,1220.59,-48.4874,1735.95,descent
262.082,1220.14,-48.5513,1735.95,descent
262.092,1219.69,-48.6111,1735.95,descent
262.103,1219.22,-48.6701,1735.95,descent
262.114,1218.71,-48.7271,1735.95,descent
262.124,1218.26,-48.7745,1735.95,descent
262.134,1217.81,-48.8182,1735.95,descent
262.145,1217.34,-48.857,1735.95,descent
262.155,1216.89,-48.9003,1735.95,descent
262.176,1215.9,-48.9812,1735.95,descent
262.187,1215.44,-49.0163,1735.95,descent
262.198,1215.03,-49.0547,1735.95,descent
262.239,1213.02,-49.3022,1735.95,descent
262.261,1212.05,-49.4024,1735.95,descent
262.288,1210.83,-49.4938,1735.95,descent
262.298,1210.46,-49.5222,1735.95,descent
262.308,1210.07,-49.5449,1735.95,descent
262.33,1209.11,-49.5679,1735.95,descent
262.362,1207.63,-49.5608,1735.95,descent
262.372,1207.26,-49.5492,1735.95,descent
262.383,1206.89,-49.5453,1735.95,descent
262.394,1206.48,-49.5316,1735.95,descent
262.404,1206.11,-49.5095,1735.95,descent
262.414,1205.75,-49.4782,1735.95,descent
262.424,1205.39,-49.4553,1735.95,descent
262.435,1205.05,-49.4227,1735.95,descent
262.445,1204.72,-49.3818,1735.95,descent
262.456,1204.3,-49.3256,1735.95,descent
262.487,1203,-49.2592,1735.95,descent
262.518,1201.67,-49.2734,1735.95,descent
262.54,1200.88,-49.2425,1735.95,descent
262.55,1200.68,-49.2133,1735.95,descent
262.56,1200.53,-49.167,1735.95,descent
262.571,1200.44,-49.0979,1735.95,descent
262.592,1199.96,-48.9135,1735.95,descent
262.613,1199.8,-48.6697,1735.95,descent
262.654,1198.79,-48.0654,1735.95,descent
262.665,1199.15,-47.8747,1735.95,descent
262.676,1199.49,-47.6662,1735.95,descent
262.686,1199.82,-47.4395,1735.95,descent
262.696,1200.11,-47.2153,1735.95,descent
262.729,1199.32,-46.5304,1735.95,descent
262.751,1198.89,-46.0672,1735.95,descent
262.761,1198.92,-45.8481,1735.95,descent
262.771,1198.96,-45.623,1735.95,descent
262.793,1198.52,-45.1726,1735.95,descent
262.804,1198.55,-44.9298,1735.95,descent
262.815,1198.61,-44.7099,1735.95,descent
262.825,1198.7,-44.4976,1735.95,descent
262.836,1198.8,-44.2805,1735.95,descent
262.868,1198.03,-43.7647,1735.95,descent
262.879,1198.04,-43.5883,1735.95,descent
262.889,1198.07,-43.4186,1735.95,descent
262.899,1198.13,-43.2626,1735.95,descent
262.91,1198.22,-43.1029,1735.95,descent
262.932,1197.84,-42.796,1735.95,descent
262.943,1197.96,-42.6429,1735.95,descent
262.953,1198.1,-42.5006,1735.95,descent
262.963,1198.27,-42.353,1735.95,descent
262.975,1198.35,-42.1752,1735.95,descent
262.997,1198.13,-41.8802,1735.95,descent
263.008,1198.3,-41.7343,1735.95,descent
263.018,1198.54,-41.5818,1735.95,descent
263.028,1198.83,-41.4277,1735.95,descent
263.039,1199.09,-41.2635,1735.95,descent
263.049,1199.35,-41.0827,1735.95,descent
263.06,1199.58,-40.8999,1735.95,descent
263.07,1199.94,-40.7123,1735.95,descent
263.081,1200.31,-40.5189,1735.95,descent
263.091,1200.67,-40.3178,1735.95,descent
263.101,1201.01,-40.1145,1735.95,descent
263.111,1201.27,-39.9066,1735.95,descent
263.121,1201.35,-39.6979,1735.95,descent
263.142,1201.19,-39.2855,1735.95,descent
263.153,1201.28,-39.0811,1735.95,descent
263.164,1201.33,-38.8833,1735.95,descent
263.174,1201.58,-38.686,1735.95,descent
263.195,1201.42,-38.3045,1735.95,descent
263.227,1200.76,-37.8279,1735.95,descent
263.238,1200.85,-37.6647,1735.95,descent
263.249,1200.98,-37.5015,1735.95,descent
263.264,1200.91,-37.2897,1735.95,descent
263.274,1201.11,-37.1372,1735.95,descent
263.285,1201.32,-36.9692,1735.95,descent
263.295,1201.48,-36.8125,1735.95,descent
263.306,1201.68,-36.6353,1735.95,descent
263.328,1201.72,-36.295,1735.95,descent
263.348,1201.7,-35.9779,1735.95,descent
263.369,1201.46,-35.6651,1735.95,descent
263.379,1201.68,-35.5028,1735.95,descent
263.389,1201.76,-35.3323,1735.95,descent
263.4,1202.03,-35.1559,1735.95,descent
263.41,1202.35,-34.966,1735.95,descent
263.42,1202.59,-34.7669,1735.95,descent
263.432,1202.81,-34.5247,1735.95,descent
263.442,1203.13,-34.3082,1735.95,descent
263.452,1203.41,-34.0835,1735.95,descent
263.462,1203.7,-33.8475,1735.95,descent
263.473,1203.84,-33.6037,1735.95,descent
263.483,1203.96,-33.367,1735.95,descent
263.504,1203.84,-32.9227,1735.95,descent
263.514,1204.06,-32.6927,1735.95,descent
263.524,1204.15,-32.4631,1735.95,descent
263.534,1204.23,-32.2362,1735.95,descent
263.545,1204.38,-31.9787,1735.95,descent
263.556,1204.51,-31.7271,1735.95,descent
263.566,1204.61,-31.4945,1735.95,descent
263.586,1204.46,-31.0546,1735.95,descent
263.597,1204.56,-30.8156,1735.95,descent
263.608,1204.64,-30.5923,1735.95,descent
263.618,1204.72,-30.3647,1735.95,descent
263.629,1204.75,-30.1429,1735.95,descent
263.639,1204.77,-29.9289,1735.95,descent
263.649,1204.78,-29.7258,1735.95,descent
263.66,1204.73,-29.5104,1735.95,descent
263.671,1204.68,-29.3138,1735.95,descent
263.681,1204.6,-29.1225,1735.95,descent
263.692,1204.51,-28.9414,1735.95,descent
263.702,1204.42,-28.7707,1735.95,descent
263.713,1204.3,-28.5929,1735.95,descent
263.724,1204.17,-28.4212,1735.95,descent
263.755,1203.51,-28.0443,1735.95,descent
263.776,1203.15,-27.8293,1735.95,descent
263.786,1202.99,-27.7321,1735.95,descent
263.796,1202.83,-27.6397,1735.95,descent
263.817,1202.37,-27.488,1735.95,descent
263.828,1202.19,-27.4152,1735.95,descent
263.839,1202.02,-27.3504,1735.95,descent
263.849,1201.81,-27.297,1735.95,descent
263.88,1200.97,-27.2076,1735.95,descent
263.892,1200.73,-27.1827,1735.95,descent
263.913,1200.22,-27.1616,1735.95,descent
263.934,1199.59,-27.1712,1735.95,descent
263.944,1199.46,-27.1776,1735.95,descent
263.976,1198.55,-27.2606,1735.95,descent
263.987,1198.33,-27.2926,1735.95,descent
263.997,1198.12,-27.327,1735.95,descent
264.008,1197.87,-27.3671,1735.95,descent
264.019,1197.56,-27.4147,1735.95,descent
264.03,1197.34,-27.4645,1735.95,descent
264.04,1197.1,-27.5174,1735.95,descent
264.05,1197,-27.5687,1735.95,descent
264.061,1196.97,-27.6184,1735.95,descent
264.082,1196.48,-27.731,1735.95,descent
264.092,1196.25,-27.7894,1735.95,descent
264.103,1196.05,-27.8526,1735.95,descent
264.137,1195.32,-28.0693,1735.95,descent
264.148,1195.06,-28.1429,1735.95,descent
264.158,1194.98,-28.2087,1735.95,descent
264.168,1194.8,-28.2747,1735.95,descent
264.179,1194.65,-28.3437,1735.95,descent
264.19,1194.58,-28.4094,1735.95,descent
264.2,1194.47,-28.4672,1735.95,descent
264.221,1194.06,-28.5916,1735.95,descent
264.243,1193.47,-28.7285,1735.95,descent
264.254,1193.25,-28.801,1735.95,descent
264.264,1193.17,-28.8637,1735.95,descent
264.274,1193.09,-28.9224,1735.95,descent
264.284,1192.89,-28.981,1735.95,descent
264.294,1192.79,-29.0376,1735.95,descent
264.315,1192.21,-29.1638,1735.95,descent
264.326,1192.15,-29.2206,1735.95,descent
264.336,1191.93,-29.2772,1735.95,descent
264.357,1191.57,-29.3872,1735.95,descent
264.367,1191.33,-29.4441,1735.95,descent
264.378,1191.11,-29.5017,1735.95,descent
264.388,1190.9,-29.5555,1735.95,descent
264.409,1190.28,-29.6787,1735.95,descent
264.43,1189.57,-29.808,1735.95,descent
264.44,1189.22,-29.871,1735.95,descent
264.451,1188.8,-29.9378,1735.95,descent
264.483,1187.59,-30.1604,1735.95,descent
264.493,1187.02,-30.2369,1735.95,descent
264.504,1186.42,-30.3279,1735.95,descent
264.514,1185.81,-30.4223,1735.95,descent
264.535,1184.67,-30.6404,1735.95,descent
264.546,1183.83,-30.7659,1735.95,descent
264.567,1182.63,-31.0277,1735.95,descent
264.578,1181.73,-31.1793,1735.95,descent
264.589,1180.86,-31.3324,1735.95,descent
264.6,1179.98,-31.4996,1735.95,descent
264.621,1178.67,-31.842,1735.95,descent
264.632,1177.78,-32.0126,1735.95,descent
264.642,1176.91,-32.1954,1735.95,descent
264.672,1175.32,-32.7635,1735.95,descent
264.683,1174.47,-32.9723,1735.95,descent
264.705,1173.25,-33.3889,1735.95,descent
264.715,1172.52,-33.5829,1735.95,descent
264.725,1171.76,-33.7904,1735.95,descent
264.736,1171.04,-33.998,1735.95,descent
264.747,1170.35,-34.2131,1735.95,descent
264.758,1169.68,-34.4304,1735.95,descent
264.769,1169.01,-34.6497,1735.95,descent
264.779,1168.37,-34.8572,1735.95,descent
264.789,1167.74,-35.0628,1735.95,descent
264.809,1166.7,-35.4638,1735.95,descent
264.819,1166.1,-35.6635,1735.95,descent
264.829,1165.45,-35.8644,1735.95,descent
264.84,1164.78,-36.0684,1735.95,descent
264.85,1164.14,-36.2765,1735.95,descent
264.882,1162.52,-36.9076,1735.95,descent
264.893,1161.78,-37.118,1735.95,descent
264.904,1161.02,-37.3278,1735.95,descent
264.914,1160.3,-37.5317,1735.95,descent
264.924,1159.55,-37.7428,1735.95,descent
264.934,1158.84,-37.9515,1735.95,descent
264.944,1158.16,-38.1589,1735.95,descent
264.954,1157.48,-38.3674,1735.95,descent
264.964,1156.81,-38.575,1735.95,descent
264.975,1156.16,-38.7983,1735.95,descent
264.986,1155.56,-39.0151,1735.95,descent
264.997,1154.95,-39.2278,1735.95,descent
265.007,1154.42,-39.4178,1735.95,descent
265.017,1153.99,-39.6002,1735.95,descent
265.028,1153.55,-39.791,1735.95,descent
265.039,1153.13,-39.9714,1735.95,descent
265.049,1152.73,-40.1369,1735.95,descent
265.06,1152.31,-40.3024,1735.95,descent
265.07,1151.98,-40.4461,1735.95,descent
265.081,1151.65,-40.5877,1735.95,descent
265.093,1151.25,-40.747,1735.95,descent
265.125,1150.02,-41.1225,1735.95,descent
265.145,1149.3,-41.3422,1735.95,descent
265.155,1148.99,-41.445,1735.95,descent
265.166,1148.61,-41.5504,1735.95,descent
265.187,1147.89,-41.7299,1735.95,descent
265.197,1147.61,-41.8098,1735.95,descent
265.208,1147.34,-41.8889,1735.95,descent
265.218,1146.94,-41.9614,1735.95,descent
265.229,1146.66,-42.0323,1735.95,descent
265.239,1146.33,-42.0982,1735.95,descent
265.25,1146.04,-42.1602,1735.95,descent
265.261,1145.69,-42.2184,1735.95,descent
265.271,1145.32,-42.2699,1735.95,descent
265.282,1145.02,-42.3203,1735.95,descent
265.292,1144.67,-42.3674,1735.95,descent
265.303,1144.29,-42.4137,1735.95,descent
265.313,1144.05,-42.4528,1735.95,descent
265.324,1143.65,-42.4952,1735.95,descent
265.334,1143.3,-42.5355,1735.95,descent
265.345,1142.99,-42.5759,1735.95,descent
265.365,1142.19,-42.6618,1735.95,descent
265.375,1141.89,-42.7029,1735.95,descent
265.386,1141.55,-42.7438,1735.95,descent
265.397,1141.21,-42.7816,1735.95,descent
265.407,1140.89,-42.8174,1735.95,descent
265.417,1140.64,-42.8486,1735.95,descent
265.428,1140.35,-42.8787,1735.95,descent
265.439,1140.05,-42.9097,1735.95,descent
265.492,1137.99,-43.0619,1735.95,descent
265.502,1137.85,-43.0813,1735.95,descent
265.512,1137.59,-43.1015,1735.95,descent
265.534,1137.01,-43.1248,1735.95,descent
265.544,1136.93,-43.1245,1735.95,descent
265.559,1136.68,-43.11,1735.95,descent
265.569,1136.57,-43.0902,1735.95,descent
265.58,1136.37,-43.0606,1735.95,descent
265.59,1136.25,-43.0243,1735.95,descent
265.601,1136.1,-42.974,1735.95,descent
265.612,1135.94,-42.9096,1735.95,descent
265.623,1135.76,-42.8415,1735.95,descent
265.634,1135.6,-42.7764,1735.95,descent
265.655,1135.05,-42.6396,1735.95,descent
265.666,1134.98,-42.557,1735.95,descent
265.677,1134.84,-42.4732,1735.95,descent
265.687,1134.83,-42.3804,1735.95,descent
265.697,1134.82,-42.2782,1735.95,descent
265.707,1134.75,-42.1702,1735.95,descent
265.728,1134.37,-41.9762,1735.95,descent
265.769,1133.09,-41.6338,1735.95,descent
265.779,1133.02,-41.5448,1735.95,descent
265.79,1132.96,-41.4513,1735.95,descent
265.81,1132.5,-41.2626,1735.95,descent
265.821,1132.37,-41.1568,1735.95,descent
265.831,1132.27,-41.0566,1735.95,descent
265.842,1132.09,-40.9465,1735.95,descent
265.852,1131.91,-40.8379,1735.95,descent
265.863,1131.72,-40.7336,1735.95,descent
265.874,1131.49,-40.6191,1735.95,descent
265.884,1131.24,-40.5061,1735.95,descent
265.895,1131.02,-40.4018,1735.95,descent
265.907,1130.67,-40.2809,1735.95,descent
265.917,1130.39,-40.1896,1735.95,descent
265.939,1130.71,-39.9421,1735.95,descent
265.949,1130.39,-39.8325,1735.95,descent
265.959,1130.06,-39.7261,1735.95,descent
265.97,1129.82,-39.6166,1735.95,descent
265.981,1129.61,-39.5136,1735.95,descent
265.991,1129.39,-39.4173,1735.95,descent
266.001,1129.24,-39.3236,1735.95,descent
266.011,1129.09,-39.229,1735.95,descent
266.022,1128.97,-39.1329,1735.95,descent
266.043,1128.47,-38.9599,1735.95,descent
266.054,1128.36,-38.8737,1735.95,descent
266.065,1128.29,-38.7861,1735.95,descent
266.087,1127.81,-38.622,1735.95,descent
266.098,1127.77,-38.5397,1735.95,descent
266.118,1127.29,-38.3969,1735.95,descent
266.139,1126.95,-38.251,1735.95,descent
266.15,1126.89,-38.174,1735.95,descent
266.16,1126.81,-38.0981,1735.95,descent
266.171,1126.81,-38.0205,1735.95,descent
266.181,1126.71,-37.9373,1735.95,descent
266.202,1126.18,-37.7947,1735.95,descent
266.213,1126.02,-37.7254,1735.95,descent
266.223,1125.91,-37.6588,1735.95,descent
266.254,1125.05,-37.5051,1735.95,descent
266.265,1124.95,-37.451,1735.95,descent
266.297,1124.07,-37.3486,1735.95,descent
266.361,1122.02,-37.3779,1735.95,descent
266.372,1121.94,-37.3807,1735.95,descent
266.393,1121.59,-37.3935,1735.95,descent
266.404,1121.59,-37.3964,1735.95,descent
266.414,1121.79,-37.3892,1735.95,descent
266.425,1121.8,-37.379,1735.95,descent
266.436,1121.89,-37.3644,1735.95,descent
266.447,1121.98,-37.3458,1735.95,descent
266.457,1122.01,-37.3257,1735.95,descent
266.467,1122.11,-37.3024,1735.95,descent
266.478,1122.18,-37.2743,1735.95,descent
266.488,1122.32,-37.2425,1735.95,descent
266.498,1122.63,-37.1996,1735.95,descent
266.509,1122.73,-37.1504,1735.95,descent
266.52,1122.78,-37.0979,1735.95,descent
266.531,1122.91,-37.0402,1735.95,descent
266.541,1123.06,-36.9819,1735.95,descent
266.551,1123.16,-36.9204,1735.95,descent
266.562,1123.12,-36.8581,1735.95,descent
266.572,1123.08,-36.7994,1735.95,descent
266.586,1123.02,-36.7189,1735.95,descent
266.596,1122.97,-36.6612,1735.95,descent
266.617,1122.39,-36.5731,1735.95,descent
266.628,1122.2,-36.5319,1735.95,descent
266.639,1121.84,-36.4989,1735.95,descent
266.671,1120.83,-36.4764,1735.95,descent
266.681,1120.59,-36.4737,1735.95,descent
266.691,1120.38,-36.4749,1735.95,descent
266.702,1120.06,-36.4831,1735.95,descent
266.712,1119.73,-36.4985,1735.95,descent
266.723,1119.4,-36.5187,1735.95,descent
266.734,1119.09,-36.5452,1735.95,descent
266.744,1118.76,-36.5754,1735.95,descent
266.754,1118.43,-36.6086,1735.95,descent
266.786,1117.23,-36.7678,1735.95,descent
266.829,1115.53,-37.0793,1735.95,descent
266.84,1115.05,-37.1664,1735.95,descent
266.85,1114.5,-37.2603,1735.95,descent
266.882,1113.17,-37.5654,1735.95,descent
266.914,1111.76,-37.9222,1735.95,descent
266.924,1111.29,-38.039,1735.95,descent
266.935,1110.85,-38.1697,1735.95,descent
266.945,1110.4,-38.2993,1735.95,descent
266.956,1109.97,-38.428,1735.95,descent
266.966,1109.42,-38.5644,1735.95,descent
266.976,1108.97,-38.7001,1735.95,descent
266.987,1108.48,-38.8446,1735.95,descent
266.997,1107.99,-38.9915,1735.95,descent
267.018,1107.09,-39.2946,1735.95,descent
267.028,1106.62,-39.4434,1735.95,descent
267.049,1105.81,-39.7594,1735.95,descent
267.06,1105.28,-39.9246,1735.95,descent
267.07,1104.79,-40.0822,1735.95,descent
267.08,1104.29,-40.2413,1735.95,descent
267.111,1103.05,-40.7358,1735.95,descent
267.132,1102.26,-41.0531,1735.95,descent
267.142,1101.82,-41.2173,1735.95,descent
267.173,1100.57,-41.7079,1735.95,descent
267.195,1099.9,-42.048,1735.95,descent
267.205,1099.73,-42.2005,1735.95,descent
267.227,1099.01,-42.4941,1735.95,descent
267.259,1097.9,-42.9575,1735.95,descent
267.27,1097.88,-43.1026,1735.95,descent
267.281,1097.86,-43.2439,1735.95,descent
267.292,1097.78,-43.3791,1735.95,descent
267.302,1097.7,-43.502,1735.95,descent
267.312,1097.65,-43.6139,1735.95,descent
267.322,1097.75,-43.7164,1735.95,descent
267.333,1097.7,-43.8214,1735.95,descent
267.343,1097.59,-43.914,1735.95,descent
267.353,1097.46,-44.0044,1735.95,descent
267.364,1097.42,-44.091,1735.95,descent
267.395,1096.35,-44.3895,1735.95,descent
267.405,1096.31,-44.4797,1735.95,descent
267.416,1096.35,-44.5612,1735.95,descent
267.427,1096.14,-44.6467,1735.95,descent
267.437,1095.95,-44.7237,1735.95,descent
267.447,1095.74,-44.8028,1735.95,descent
267.457,1095.52,-44.8799,1735.95,descent
267.468,1095.22,-44.9606,1735.95,descent
267.478,1094.96,-45.0389,1735.95,descent
267.488,1094.73,-45.1155,1735.95,descent
267.509,1093.88,-45.2954,1735.95,descent
267.541,1092.41,-45.6106,1735.95,descent
267.551,1091.89,-45.7226,1735.95,descent
267.562,1091.51,-45.828,1735.95,descent
267.572,1091.24,-45.9317,1735.95,descent
267.593,1090.27,-46.1441,1735.95,descent
267.603,1089.93,-46.2418,1735.95,descent
267.613,1089.55,-46.3387,1735.95,descent
267.646,1088.08,-46.6527,1735.95,descent
267.656,1087.79,-46.75,1735.95,descent
267.667,1087.49,-46.8399,1735.95,descent
267.677,1087.2,-46.9191,1735.95,descent
267.688,1086.86,-46.9997,1735.95,descent
267.699,1086.51,-47.0739,1735.95,descent
267.709,1086.12,-47.144,1735.95,descent
267.719,1085.75,-47.2108,1735.95,descent
267.741,1084.8,-47.3453,1735.95,descent
267.751,1084.39,-47.4046,1735.95,descent
267.762,1083.97,-47.4604,1735.95,descent
267.772,1083.52,-47.5155,1735.95,descent
267.782,1083.08,-47.5677,1735.95,descent
267.792,1082.65,-47.6173,1735.95,descent
267.803,1082.21,-47.6689,1735.95,descent
267.824,1081.32,-47.7735,1735.95,descent
267.855,1079.91,-47.8991,1735.95,descent
267.865,1079.62,-47.9298,1735.95,descent
267.876,1079.17,-47.9561,1735.95,descent
267.886,1078.77,-47.9734,1735.95,descent
267.897,1078.35,-47.9931,1735.95,descent
267.918,1077.46,-48.03,1735.95,descent
267.928,1077.14,-48.048,1735.95,descent
267.949,1076.35,-48.0949,1735.95,descent
267.97,1075.66,-48.1245,1735.95,descent
267.98,1075.49,-48.1284,1735.95,descent
267.991,1075.28,-48.1226,1735.95,descent
268.001,1075.27,-48.102,1735.95,descent
268.011,1075.24,-48.0682,1735.95,descent
268.021,1075.22,-48.0279,1735.95,descent
268.043,1074.69,-47.923,1735.95,descent
268.053,1074.61,-47.8597,1735.95,descent
268.074,1074.04,-47.7206,1735.95,descent
268.084,1073.97,-47.6405,1735.95,descent
268.094,1073.91,-47.5471,1735.95,descent
268.105,1073.7,-47.4412,1735.95,descent
268.116,1073.47,-47.3404,1735.95,descent
268.147,1072.26,-47.0056,1735.95,descent
268.157,1071.93,-46.8933,1735.95,descent
268.168,1071.45,-46.7675,1735.95,descent
268.199,1070.15,-46.417,1735.95,descent
268.21,1069.75,-46.3137,1735.95,descent
268.241,1068.43,-46.0355,1735.95,descent
268.251,1067.98,-45.9457,1735.95,descent
268.261,1067.68,-45.8568,1735.95,descent
268.272,1067.23,-45.7649,1735.95,descent
268.282,1066.82,-45.675,1735.95,descent
268.292,1066.45,-45.584,1735.95,descent
268.303,1066.06,-45.4847,1735.95,descent
268.313,1065.72,-45.3915,1735.95,descent
268.324,1065.37,-45.3032,1735.95,descent
268.334,1065.04,-45.2111,1735.95,descent
268.345,1064.74,-45.1222,1735.95,descent
268.376,1063.55,-44.8869,1735.95,descent
268.386,1063.26,-44.81,1735.95,descent
268.397,1063.06,-44.7283,1735.95,descent
268.407,1062.73,-44.647,1735.95,descent
268.418,1062.46,-44.568,1735.95,descent
268.428,1062.26,-44.487,1735.95,descent
268.439,1061.98,-44.3995,1735.95,descent
268.449,1061.8,-44.3169,1735.95,descent
268.459,1061.65,-44.2312,1735.95,descent
268.469,1061.38,-44.1494,1735.95,descent
268.511,1059.86,-43.8682,1735.95,descent
268.522,1059.6,-43.794,1735.95,descent
268.533,1059.3,-43.7185,1735.95,descent
268.543,1059.07,-43.6514,1735.95,descent
268.585,1057.51,-43.4198,1735.95,descent
268.596,1057.29,-43.3606,1735.95,descent
268.607,1057.17,-43.2948,1735.95,descent
268.627,1056.59,-43.1708,1735.95,descent
268.637,1056.51,-43.102,1735.95,descent
268.648,1056.34,-43.0253,1735.95,descent
268.659,1056.13,-42.9467,1735.95,descent
268.669,1056.01,-42.8619,1735.95,descent
268.68,1055.89,-42.7736,1735.95,descent
268.69,1055.72,-42.6843,1735.95,descent
268.701,1055.52,-42.5879,1735.95,descent
268.732,1054.59,-42.323,1735.95,descent
268.742,1054.56,-42.2306,1735.95,descent
268.753,1054.44,-42.1317,1735.95,descent
268.763,1054.39,-42.0247,1735.95,descent
268.774,1054.41,-41.9052,1735.95,descent
268.784,1054.38,-41.7908,1735.95,descent
268.795,1054.37,-41.6614,1735.95,descent
268.805,1054.36,-41.5288,1735.95,descent
268.815,1054.35,-41.3978,1735.95,descent
268.836,1053.92,-41.1293,1735.95,descent
268.846,1053.91,-40.9952,1735.95,descent
268.857,1053.86,-40.8492,1735.95,descent
268.903,1052.54,-40.2825,1735.95,descent
268.913,1052.57,-40.1513,1735.95,descent
268.924,1052.55,-40.001,1735.95,descent
268.935,1052.53,-39.8445,1735.95,descent
268.945,1052.52,-39.6993,1735.95,descent
268.955,1052.48,-39.5426,1735.95,descent
268.965,1052.45,-39.3881,1735.95,descent
268.975,1052.41,-39.2287,1735.95,descent
268.985,1052.41,-39.0671,1735.95,descent
268.996,1052.33,-38.8903,1735.95,descent
269.007,1052.25,-38.7197,1735.95,descent
269.017,1052.2,-38.5506,1735.95,descent
269.027,1052.12,-38.3742,1735.95,descent
269.038,1051.99,-38.1873,1735.95,descent
269.049,1051.88,-37.9992,1735.95,descent
269.06,1051.76,-37.8109,1735.95,descent
269.07,1051.63,-37.6325,1735.95,descent
269.081,1051.49,-37.4561,1735.95,descent
269.091,1051.36,-37.2836,1735.95,descent
269.102,1051.19,-37.1082,1735.95,descent
269.112,1051.03,-36.9337,1735.95,descent
269.122,1050.87,-36.7635,1735.95,descent
269.133,1050.7,-36.5928,1735.95,descent
269.154,1050.12,-36.2946,1735.95,descent
269.175,1049.5,-36.0193,1735.95,descent
269.185,1049.22,-35.8905,1735.95,descent
269.196,1048.9,-35.7623,1735.95,descent
269.217,1048.24,-35.5279,1735.95,descent
269.229,1047.9,-35.4063,1735.95,descent
269.239,1047.61,-35.3027,1735.95,descent
269.26,1046.95,-35.0989,1735.95,descent
269.27,1046.63,-35.0025,1735.95,descent
269.28,1046.33,-34.9082,1735.95,descent
269.291,1046.01,-34.8105,1735.95,descent
269.302,1045.68,-34.7194,1735.95,descent
269.312,1045.38,-34.6352,1735.95,descent
269.322,1045.08,-34.5549,1735.95,descent
269.333,1044.77,-34.4767,1735.95,descent
269.353,1044.1,-34.3357,1735.95,descent
269.364,1043.76,-34.2676,1735.95,descent
269.374,1043.44,-34.2067,1735.95,descent
269.406,1042.45,-34.0581,1735.95,descent
269.417,1042.14,-34.0092,1735.95,descent
269.427,1041.84,-33.9679,1735.95,descent
269.438,1041.51,-33.9271,1735.95,descent
269.448,1041.21,-33.8927,1735.95,descent
269.459,1040.9,-33.8591,1735.95,descent
269.469,1040.56,-33.8318,1735.95,descent
269.479,1040.31,-33.8083,1735.95,descent
269.5,1039.58,-33.7916,1735.95,descent
269.521,1038.92,-33.7841,1735.95,descent
269.532,1038.61,-33.7811,1735.95,descent
269.542,1038.33,-33.7787,1735.95,descent
269.552,1038.07,-33.7793,1735.95,descent
269.577,1037.36,-33.7814,1735.95,descent
269.588,1037.17,-33.7833,1735.95,descent
269.599,1037.03,-33.7798,1735.95,descent
269.609,1036.93,-33.7702,1735.95,descent
269.619,1036.8,-33.7559,1735.95,descent
269.63,1036.68,-33.7356,1735.95,descent
269.64,1036.62,-33.7092,1735.95,descent
269.651,1036.57,-33.6723,1735.95,descent
269.661,1036.49,-33.6331,1735.95,descent
269.671,1036.42,-33.5886,1735.95,descent
269.681,1036.32,-33.54,1735.95,descent
269.692,1036.19,-33.4844,1735.95,descent
269.702,1036.11,-33.4297,1735.95,descent
269.713,1035.99,-33.3695,1735.95,descent
269.723,1035.92,-33.3089,1735.95,descent
269.744,1035.5,-33.1887,1735.95,descent
269.754,1035.38,-33.1307,1735.95,descent
269.786,1034.44,-32.9726,1735.95,descent
269.796,1034.2,-32.9232,1735.95,descent
269.806,1033.95,-32.873,1735.95,descent
269.817,1033.67,-32.8244,1735.95,descent
269.837,1033.11,-32.7328,1735.95,descent
269.851,1032.8,-32.6788,1735.95,descent
269.871,1032.29,-32.5866,1735.95,descent
269.881,1032.09,-32.5364,1735.95,descent
269.891,1031.82,-32.4879,1735.95,descent
269.904,1031.46,-32.4256,1735.95,descent
269.914,1031.17,-32.373,1735.95,descent
269.925,1030.9,-32.3247,1735.95,descent
269.967,1029.73,-32.124,1735.95,descent
269.977,1029.64,-32.0676,1735.95,descent
269.987,1029.54,-32.0115,1735.95,descent
270.019,1028.79,-31.8306,1735.95,descent
270.03,1028.67,-31.7639,1735.95,descent
270.04,1028.6,-31.6975,1735.95,descent
270.051,1028.53,-31.6234,1735.95,descent
270.083,1027.89,-31.4106,1735.95,descent
270.094,1027.84,-31.3296,1735.95,descent
270.104,1027.81,-31.2496,1735.95,descent
270.114,1027.73,-31.1641,1735.95,descent
270.134,1027.39,-30.9969,1735.95,descent
270.145,1027.31,-30.9155,1735.95,descent
270.166,1026.92,-30.7491,1735.95,descent
270.176,1026.82,-30.6646,1735.95,descent
270.186,1026.71,-30.5783,1735.95,descent
270.197,1026.6,-30.4906,1735.95,descent
270.208,1026.46,-30.3984,1735.95,descent
270.218,1026.34,-30.3103,1735.95,descent
270.229,1026.22,-30.2244,1735.95,descent
270.239,1026.12,-30.1364,1735.95,descent
270.249,1026,-30.0511,1735.95,descent
270.26,1025.86,-29.9601,1735.95,descent
270.27,1025.74,-29.8736,1735.95,descent
270.281,1025.61,-29.7889,1735.95,descent
270.291,1025.48,-29.7054,1735.95,descent
270.301,1025.34,-29.6259,1735.95,descent
270.312,1025.18,-29.5439,1735.95,descent
270.322,1025.07,-29.4678,1735.95,descent
270.333,1024.91,-29.3865,1735.95,descent
270.344,1024.73,-29.3088,1735.95,descent
270.354,1024.56,-29.2406,1735.95,descent
270.365,1024.4,-29.1697,1735.95,descent
270.385,1023.92,-29.0542,1735.95,descent
270.406,1023.41,-28.9545,1735.95,descent
270.416,1023.21,-28.9101,1735.95,descent
270.427,1022.97,-28.8661,1735.95,descent
270.438,1022.73,-28.8274,1735.95,descent
270.449,1022.47,-28.792,1735.95,descent
270.459,1022.21,-28.7628,1735.95,descent
270.47,1021.91,-28.738,1735.95,descent
270.48,1021.6,-28.7189,1735.95,descent
270.491,1021.28,-28.7051,1735.95,descent
270.501,1020.91,-28.6979,1735.95,descent
270.511,1020.5,-28.697,1735.95,descent
270.522,1020.06,-28.704,1735.95,descent
270.532,1019.66,-28.7161,1735.95,descent
270.543,1019.27,-28.7324,1735.95,descent
270.556,1018.8,-28.7599,1735.95,descent
270.566,1018.44,-28.7852,1735.95,descent
270.576,1018.1,-28.8114,1735.95,descent
270.586,1017.72,-28.8409,1735.95,descent
270.597,1017.31,-28.8753,1735.95,descent
270.61,1016.89,-28.9162,1735.95,descent
270.621,1016.54,-28.9499,1735.95,descent
270.631,1016.21,-28.9817,1735.95,descent
270.641,1015.96,-29.0104,1735.95,descent
270.652,1015.69,-29.0368,1735.95,descent
270.662,1015.55,-29.0564,1735.95,descent
270.673,1015.35,-29.0718,1735.95,descent
270.683,1015.18,-29.0821,1735.95,descent
270.694,1015.01,-29.0856,1735.95,descent
270.705,1014.87,-29.0838,1735.95,descent
270.715,1014.78,-29.0761,1735.95,descent
270.726,1014.65,-29.062,1735.95,descent
270.736,1014.54,-29.0449,1735.95,descent
270.747,1014.4,-29.0234,1735.95,descent
270.757,1014.32,-28.9984,1735.95,descent
270.767,1014.21,-28.9702,1735.95,descent
270.777,1014.13,-28.9383,1735.95,descent
270.787,1014.05,-28.9023,1735.95,descent
270.798,1013.96,-28.8616,1735.95,descent
270.819,1013.57,-28.7918,1735.95,descent
270.83,1013.44,-28.7553,1735.95,descent
270.851,1012.9,-28.7039,1735.95,descent
270.862,1012.63,-28.68,1735.95,descent
270.873,1012.42,-28.6585,1735.95,descent
270.898,1011.77,-28.6288,1735.95,descent
270.908,1011.6,-28.6177,1735.95,descent
270.919,1011.41,-28.6078,1735.95,descent
270.93,1011.24,-28.5992,1735.95,descent
270.94,1011.01,-28.5933,1735.95,descent
270.963,1010.5,-28.6009,1735.95,descent
270.974,1010.39,-28.6052,1735.95,descent
270.984,1010.4,-28.6064,1735.95,descent
270.994,1010.33,-28.6083,1735.95,descent
271.004,1010.22,-28.6125,1735.95,descent
271.015,1010.19,-28.6164,1735.95,descent
271.025,1010.14,-28.6219,1735.95,descent
271.046,1009.8,-28.6569,1735.95,descent
271.056,1009.73,-28.6762,1735.95,descent
271.067,1009.69,-28.6985,1735.95,descent
271.078,1009.54,-28.7258,1735.95,descent
271.089,1009.42,-28.7493,1735.95,descent
271.1,1009.32,-28.7756,1735.95,descent
271.111,1009.18,-28.8062,1735.95,descent
271.121,1009.06,-28.8379,1735.95,descent
271.131,1008.94,-28.872,1735.95,descent
271.141,1008.81,-28.904,1735.95,descent
271.162,1008.34,-28.9964,1735.95,descent
271.176,1008.08,-29.0628,1735.95,descent
271.187,1007.94,-29.1186,1735.95,descent
271.197,1007.82,-29.1729,1735.95,descent
271.207,1007.69,-29.2264,1735.95,descent
271.217,1007.57,-29.2808,1735.95,descent
271.227,1007.46,-29.3358,1735.95,descent
271.247,1007.05,-29.4605,1735.95,descent
271.258,1006.93,-29.5224,1735.95,descent
271.269,1006.66,-29.5954,1735.95,descent
271.279,1006.51,-29.6642,1735.95,descent
271.289,1006.4,-29.7381,1735.95,descent
271.3,1006.18,-29.8101,1735.95,descent
271.31,1005.98,-29.884,1735.95,descent
271.32,1005.82,-29.9637,1735.95,descent
271.331,1005.89,-30.0367,1735.95,descent
271.344,1005.56,-30.1279,1735.95,descent
271.355,1005.32,-30.2036,1735.95,descent
271.377,1004.83,-30.3589,1735.95,descent
271.387,1004.68,-30.4304,1735.95,descent
271.397,1004.55,-30.5019,1735.95,descent
271.408,1004.41,-30.5778,1735.95,descent
271.418,1004.22,-30.6507,1735.95,descent
271.428,1004.03,-30.7245,1735.95,descent
271.439,1003.85,-30.7981,1735.95,descent
271.449,1003.7,-30.872,1735.95,descent
271.46,1003.52,-30.9507,1735.95,descent
271.47,1003.37,-31.0222,1735.95,descent
271.481,1003.2,-31.0934,1735.95,descent
271.502,1002.71,-31.2367,1735.95,descent
271.513,1002.53,-31.3126,1735.95,descent
271.525,1002.28,-31.3997,1735.95,descent
271.535,1002.02,-31.4782,1735.95,descent
271.546,1001.76,-31.558,1735.95,descent
271.556,1001.48,-31.6388,1735.95,descent
271.567,1001.17,-31.7245,1735.95,descent
271.589,1000.47,-31.9198,1735.95,descent
271.61,999.836,-32.1073,1735.95,descent
271.62,999.481,-32.2027,1735.95,descent
271.631,999.093,-32.3106,1735.95,descent
271.642,998.724,-32.4202,1735.95,descent
271.653,998.346,-32.5331,1735.95,descent
271.663,998.007,-32.638,1735.95,descent
271.673,997.633,-32.7462,1735.95,descent
271.683,997.304,-32.8552,1735.95,descent
271.693,996.951,-32.965,1735.95,descent
271.704,996.636,-33.0847,1735.95,descent
271.714,996.341,-33.1936,1735.95,descent
271.725,995.985,-33.3081,1735.95,descent
271.735,995.65,-33.4228,1735.95,descent
271.746,995.225,-33.5463,1735.95,descent
271.756,994.873,-33.662,1735.95,descent
271.767,994.477,-33.7891,1735.95,descent
271.777,994.21,-33.9049,1735.95,descent
271.787,993.836,-34.0205,1735.95,descent
271.798,993.458,-34.1373,1735.95,descent
271.819,992.662,-34.3778,1735.95,descent
271.829,992.285,-34.4979,1735.95,descent
271.839,991.926,-34.6125,1735.95,descent
271.871,990.726,-34.9716,1735.95,descent
271.882,990.402,-35.0824,1735.95,descent
271.892,990.131,-35.1918,1735.95,descent
271.902,989.848,-35.3013,1735.95,descent
271.915,989.483,-35.4366,1735.95,descent
271.925,989.232,-35.5427,1735.95,descent
271.935,989.107,-35.6374,1735.95,descent
271.946,988.901,-35.7363,1735.95,descent
271.956,988.734,-35.8224,1735.95,descent
271.967,988.566,-35.9103,1735.95,descent
271.978,988.28,-35.9956,1735.95,descent
271.988,988.036,-36.0737,1735.95,descent
272.02,986.963,-36.3196,1735.95,descent
272.031,986.839,-36.3913,1735.95,descent
272.041,986.708,-36.456,1735.95,descent
272.051,986.619,-36.5123,1735.95,descent
272.061,986.555,-36.5597,1735.95,descent
272.071,986.425,-36.599,1735.95,descent
272.082,986.274,-36.6322,1735.95,descent
272.092,986.141,-36.6553,1735.95,descent
272.103,985.954,-36.6738,1735.95,descent
272.113,985.812,-36.6846,1735.95,descent
272.123,985.579,-36.6947,1735.95,descent
272.144,984.884,-36.7127,1735.95,descent
272.155,984.604,-36.7227,1735.95,descent
272.176,983.832,-36.7419,1735.95,descent
272.187,983.366,-36.7531,1735.95,descent
272.198,982.952,-36.7637,1735.95,descent
272.209,982.553,-36.773,1735.95,descent
272.219,982.122,-36.7836,1735.95,descent
272.23,981.662,-36.7966,1735.95,descent
272.24,981.143,-36.8128,1735.95,descent
272.251,980.628,-36.8321,1735.95,descent
272.274,979.712,-36.8703,1735.95,descent
272.284,979.193,-36.8903,1735.95,descent
272.294,978.711,-36.9117,1735.95,descent
272.305,978.297,-36.9328,1735.95,descent
272.316,977.803,-36.9559,1735.95,descent
272.327,977.315,-36.9858,1735.95,descent
272.348,976.392,-37.0512,1735.95,descent
272.359,975.848,-37.0939,1735.95,descent
272.38,975.048,-37.177,1735.95,descent
272.39,974.679,-37.2163,1735.95,descent
272.4,974.317,-37.2548,1735.95,descent
272.41,973.962,-37.2926,1735.95,descent
272.42,973.624,-37.3303,1735.95,descent
272.43,973.262,-37.3679,1735.95,descent
272.451,972.555,-37.4397,1735.95,descent
272.461,972.206,-37.4739,1735.95,descent
272.472,971.806,-37.511,1735.95,descent
272.482,971.463,-37.5471,1735.95,descent
272.523,969.863,-37.696,1735.95,descent
272.534,969.537,-37.7303,1735.95,descent
272.544,969.214,-37.7606,1735.95,descent
272.557,968.752,-37.7964,1735.95,descent
272.568,968.339,-37.8274,1735.95,descent
272.578,968.038,-37.8531,1735.95,descent
272.588,967.749,-37.8764,1735.95,descent
272.598,967.374,-37.9031,1735.95,descent
272.609,966.991,-37.9308,1735.95,descent
272.619,966.618,-37.9573,1735.95,descent
272.63,966.22,-37.9833,1735.95,descent
272.651,965.466,-38.0329,1735.95,descent
272.661,965.092,-38.0602,1735.95,descent
272.703,963.517,-38.1637,1735.95,descent
272.714,963.115,-38.1881,1735.95,descent
272.727,962.5,-38.22,1735.95,descent
272.737,962.013,-38.2494,1735.95,descent
272.748,961.609,-38.2788,1735.95,descent
272.758,961.223,-38.3109,1735.95,descent
272.779,960.315,-38.3813,1735.95,descent
272.79,959.935,-38.4146,1735.95,descent
272.8,959.537,-38.4461,1735.95,descent
272.81,959.101,-38.4771,1735.95,descent
272.821,958.695,-38.5084,1735.95,descent
272.831,958.304,-38.5408,1735.95,descent
272.853,957.553,-38.5977,1735.95,descent
272.884,956.43,-38.6558,1735.95,descent
272.895,956.026,-38.6731,1735.95,descent
272.905,955.776,-38.6832,1735.95,descent
272.916,955.529,-38.6863,1735.95,descent
272.926,955.365,-38.6812,1735.95,descent
272.937,955.117,-38.6705,1735.95,descent
272.947,954.996,-38.6497,1735.95,descent
272.957,954.837,-38.623,1735.95,descent
272.978,954.23,-38.5623,1735.95,descent
272.989,954.138,-38.5199,1735.95,descent
272.999,954.07,-38.4759,1735.95,descent
273.02,952.166,-38.472,1735.95,descent
273.03,952.065,-38.4614,1735.95,descent
273.04,951.998,-38.442,1735.95,descent
273.051,951.951,-38.41,1735.95,descent
273.061,951.905,-38.3761,1735.95,descent
273.092,951.059,-38.2575,1735.95,descent
273.103,950.923,-38.2095,1735.95,descent
273.114,950.807,-38.1534,1735.95,descent
273.134,950.384,-38.0393,1735.95,descent
273.145,950.32,-37.9757,1735.95,descent
273.155,950.298,-37.9058,1735.95,descent
273.166,950.205,-37.8244,1735.95,descent
273.208,948.943,-37.593,1735.95,descent
273.229,948.507,-37.4739,1735.95,descent
273.26,947.692,-37.3032,1735.95,descent
273.27,947.49,-37.2449,1735.95,descent
273.28,947.283,-37.1835,1735.95,descent
273.291,947.056,-37.1201,1735.95,descent
273.301,946.829,-37.0588,1735.95,descent
273.312,946.609,-36.9969,1735.95,descent
273.322,946.399,-36.9357,1735.95,descent
273.332,946.141,-36.8751,1735.95,descent
273.343,945.875,-36.8098,1735.95,descent
273.353,945.608,-36.7506,1735.95,descent
273.374,944.93,-36.6321,1735.95,descent
273.385,944.664,-36.5736,1735.95,descent
273.396,944.398,-36.516,1735.95,descent
273.406,944.106,-36.4588,1735.95,descent
273.417,943.821,-36.4061,1735.95,descent
273.427,943.518,-36.3508,1735.95,descent
273.438,943.185,-36.2987,1735.95,descent
273.449,942.866,-36.2511,1735.95,descent
273.459,942.556,-36.2084,1735.95,descent
273.48,941.896,-36.135,1735.95,descent
273.491,941.634,-36.0995,1735.95,descent
273.501,941.396,-36.0657,1735.95,descent
273.536,940.413,-35.9775,1735.95,descent
273.547,940.281,-35.9457,1735.95,descent
273.557,940.162,-35.9126,1735.95,descent
273.567,940.042,-35.8765,1735.95,descent
273.578,939.915,-35.8331,1735.95,descent
273.59,939.765,-35.7817,1735.95,descent
273.612,939.293,-35.6886,1735.95,descent
273.622,939.219,-35.64,1735.95,descent
273.632,939.132,-35.5858,1735.95,descent
273.643,939.047,-35.5261,1735.95,descent
273.654,938.975,-35.4645,1735.95,descent
273.664,938.928,-35.3969,1735.95,descent
273.674,938.878,-35.3276,1735.95,descent
273.685,938.792,-35.2481,1735.95,descent
273.695,938.751,-35.1713,1735.95,descent
273.717,938.306,-35.0111,1735.95,descent
273.727,938.263,-34.9329,1735.95,descent
273.738,938.175,-34.8462,1735.95,descent
273.748,938.102,-34.7586,1735.95,descent
273.758,938.033,-34.6716,1735.95,descent
273.769,937.917,-34.5759,1735.95,descent
273.779,937.818,-34.4854,1735.95,descent
273.789,937.706,-34.3935,1735.95,descent
273.799,937.633,-34.2993,1735.95,descent
273.831,936.864,-34.0369,1735.95,descent
273.841,936.643,-33.9559,1735.95,descent
273.862,936.095,-33.8082,1735.95,descent
273.878,935.656,-33.7025,1735.95,descent
273.889,935.353,-33.6334,1735.95,descent
273.899,935.149,-33.5741,1735.95,descent
273.92,934.542,-33.4666,1735.95,descent
273.933,934.182,-33.4028,1735.95,descent
273.944,933.766,-33.3574,1735.95,descent
273.964,933.104,-33.2985,1735.95,descent
274.006,931.514,-33.2634,1735.95,descent
274.017,931.042,-33.2603,1735.95,descent
274.028,930.516,-33.2699,1735.95,descent
274.059,929.238,-33.3306,1735.95,descent
274.07,928.547,-33.3634,1735.95,descent
274.08,927.907,-33.4028,1735.95,descent
274.091,927.183,-33.4561,1735.95,descent
274.101,926.509,-33.517,1735.95,descent
274.111,925.843,-33.589,1735.95,descent
274.121,925.218,-33.6639,1735.95,descent
274.142,924.324,-33.8174,1735.95,descent
274.156,923.691,-33.9392,1735.95,descent
274.188,922.509,-34.2233,1735.95,descent
274.21,921.657,-34.4171,1735.95,descent
274.231,920.847,-34.5983,1735.95,descent
274.241,920.436,-34.6905,1735.95,descent
274.252,919.969,-34.784,1735.95,descent
274.262,919.523,-34.8729,1735.95,descent
274.273,919.102,-34.9662,1735.95,descent
274.284,918.582,-35.0639,1735.95,descent
274.295,918.165,-35.1555,1735.95,descent
274.305,917.71,-35.2467,1735.95,descent
274.315,917.271,-35.3401,1735.95,descent
274.326,916.721,-35.4414,1735.95,descent
274.336,916.26,-35.54,1735.95,descent
274.347,915.775,-35.6396,1735.95,descent
274.357,915.306,-35.7399,1735.95,descent
274.367,914.798,-35.8437,1735.95,descent
274.377,914.275,-35.9482,1735.95,descent
274.388,913.735,-36.0574,1735.95,descent
274.398,913.235,-36.1723,1735.95,descent
274.419,912.3,-36.3958,1735.95,descent
274.44,911.327,-36.6253,1735.95,descent
274.45,910.779,-36.7378,1735.95,descent
274.46,910.242,-36.8559,1735.95,descent
274.492,908.824,-37.2224,1735.95,descent
274.502,908.196,-37.3514,1735.95,descent
274.513,907.593,-37.4839,1735.95,descent
274.523,907.011,-37.6113,1735.95,descent
274.534,906.424,-37.752,1735.95,descent
274.544,905.817,-37.8877,1735.95,descent
274.565,904.797,-38.155,1735.95,descent
274.576,904.156,-38.3063,1735.95,descent
274.597,903.119,-38.5949,1735.95,descent
274.607,902.532,-38.7332,1735.95,descent
274.617,901.936,-38.8798,1735.95,descent
274.638,900.911,-39.1693,1735.95,descent
274.649,900.32,-39.3125,1735.95,descent
274.659,899.726,-39.4546,1735.95,descent
274.669,899.135,-39.6033,1735.95,descent
274.702,897.6,-40.0484,1735.95,descent
274.713,896.986,-40.1998,1735.95,descent
274.723,896.425,-40.3373,1735.95,descent
274.734,895.821,-40.4891,1735.95,descent
274.744,895.242,-40.6325,1735.95,descent
274.755,894.659,-40.782,1735.95,descent
274.765,894.111,-40.9217,1735.95,descent
274.776,893.543,-41.0766,1735.95,descent
274.798,892.509,-41.3663,1735.95,descent
274.808,891.96,-41.5074,1735.95,descent
274.818,891.424,-41.6451,1735.95,descent
274.829,890.917,-41.7761,1735.95,descent
274.84,890.382,-41.9164,1735.95,descent
274.854,889.686,-42.0958,1735.95,descent
274.864,889.194,-42.2165,1735.95,descent
274.875,888.688,-42.3439,1735.95,descent
274.885,888.216,-42.4634,1735.95,descent
274.906,887.287,-42.6919,1735.95,descent
274.916,886.795,-42.8045,1735.95,descent
274.926,886.348,-42.9061,1735.95,descent
274.936,885.919,-43.0016,1735.95,descent
274.946,885.487,-43.09,1735.95,descent
274.956,885.082,-43.1714,1735.95,descent
274.967,884.609,-43.2597,1735.95,descent
274.988,883.721,-43.4176,1735.95,descent
274.998,883.323,-43.4874,1735.95,descent
275.008,882.917,-43.5502,1735.95,descent
275.018,882.531,-43.6057,1735.95,descent
275.03,882.132,-43.6584,1735.95,descent
275.041,881.654,-43.7026,1735.95,descent
275.062,880.771,-43.7713,1735.95,descent
275.072,880.313,-43.8025,1735.95,descent
275.082,879.925,-43.8287,1735.95,descent
275.093,879.496,-43.8528,1735.95,descent
275.103,879.015,-43.8752,1735.95,descent
275.114,878.618,-43.8933,1735.95,descent
275.124,878.177,-43.9195,1735.95,descent
275.135,877.814,-43.9406,1735.95,descent
275.146,877.406,-43.9573,1735.95,descent
275.157,876.978,-43.9703,1735.95,descent
275.167,876.556,-43.9922,1735.95,descent
275.215,874.5,-44.0841,1735.95,descent
275.225,874.14,-44.0991,1735.95,descent
275.235,873.858,-44.1078,1735.95,descent
275.246,873.505,-44.1123,1735.95,descent
275.258,873.117,-44.112,1735.95,descent
275.268,872.814,-44.1068,1735.95,descent
275.278,872.562,-44.0961,1735.95,descent
275.289,872.277,-44.0782,1735.95,descent
275.3,872.02,-44.0556,1735.95,descent
275.31,871.812,-44.0272,1735.95,descent
275.32,871.629,-43.9911,1735.95,descent
275.33,871.394,-43.962,1735.95,descent
275.373,870.123,-43.8042,1735.95,descent
275.383,870.229,-43.7516,1735.95,descent
275.393,870.419,-43.6803,1735.95,descent
275.404,870.549,-43.5863,1735.95,descent
275.414,870.874,-43.4746,1735.95,descent
275.424,871.226,-43.3436,1735.95,descent
275.436,871.508,-43.1793,1735.95,descent
275.446,871.837,-43.0101,1735.95,descent
275.456,872.239,-42.8208,1735.95,descent
275.466,872.576,-42.632,1735.95,descent
275.487,872.641,-42.2328,1735.95,descent
275.497,873.032,-42.0144,1735.95,descent
275.507,873.426,-41.7909,1735.95,descent
275.518,873.784,-41.5322,1735.95,descent
275.529,874.145,-41.2873,1735.95,descent
275.539,874.385,-41.0145,1735.95,descent
275.55,874.594,-40.7501,1735.95,descent
275.571,874.295,-40.2608,1735.95,descent
275.582,872.78,-40.0637,1735.95,descent
275.592,872.795,-39.8852,1735.95,descent
275.602,872.796,-39.7107,1735.95,descent
275.613,872.758,-39.5264,1735.95,descent
275.624,872.693,-39.3527,1735.95,descent
275.634,872.62,-39.1971,1735.95,descent
275.645,872.523,-39.0349,1735.95,descent
275.656,872.493,-38.8821,1735.95,descent
275.677,871.89,-38.6362,1735.95,descent
275.687,871.754,-38.5268,1735.95,descent
275.697,871.467,-38.4218,1735.95,descent
275.708,871.21,-38.3282,1735.95,descent
275.718,871.024,-38.2451,1735.95,descent
275.728,870.835,-38.1678,1735.95,descent
275.739,870.614,-38.0917,1735.95,descent
275.749,870.464,-38.0255,1735.95,descent
275.76,870.217,-37.9601,1735.95,descent
275.77,870.041,-37.9038,1735.95,descent
275.781,869.795,-37.8474,1735.95,descent
275.791,869.628,-37.7986,1735.95,descent
275.802,869.411,-37.7496,1735.95,descent
275.812,869.247,-37.7063,1735.95,descent
275.823,869.074,-37.6605,1735.95,descent
275.833,868.945,-37.6186,1735.95,descent
275.845,868.781,-37.5693,1735.95,descent
275.856,868.672,-37.526,1735.95,descent
275.866,868.596,-37.4818,1735.95,descent
275.886,868.139,-37.3977,1735.95,descent
275.92,867.222,-37.3023,1735.95,descent
275.931,867.154,-37.2673,1735.95,descent
275.941,867.113,-37.2311,1735.95,descent
275.952,867.044,-37.1889,1735.95,descent
275.962,867.009,-37.1454,1735.95,descent
275.973,866.95,-37.0972,1735.95,descent
275.983,866.913,-37.0483,1735.95,descent
275.994,866.836,-36.9923,1735.95,descent
276.005,866.729,-36.9365,1735.95,descent
276.015,866.617,-36.8808,1735.95,descent
276.025,866.501,-36.8221,1735.95,descent
276.035,866.382,-36.7636,1735.95,descent
276.046,866.215,-36.6991,1735.95,descent
276.057,865.986,-36.6387,1735.95,descent
276.067,865.757,-36.5812,1735.95,descent
276.077,865.513,-36.5264,1735.95,descent
276.088,865.247,-36.4686,1735.95,descent
276.099,865.013,-36.4189,1735.95,descent
276.13,864.086,-36.3361,1735.95,descent
276.151,863.528,-36.2738,1735.95,descent
276.161,863.351,-36.2362,1735.95,descent
276.182,862.79,-36.1595,1735.95,descent
276.195,862.443,-36.1049,1735.95,descent
276.205,862.196,-36.0567,1735.95,descent
276.215,861.969,-36.0079,1735.95,descent
276.226,861.738,-35.9542,1735.95,descent
276.236,861.561,-35.8936,1735.95,descent
276.248,861.335,-35.8061,1735.95,descent
276.259,861.232,-35.7315,1735.95,descent
276.269,861.157,-35.6496,1735.95,descent
276.279,861.113,-35.5596,1735.95,descent
276.289,861.055,-35.4619,1735.95,descent
276.299,861.018,-35.3532,1735.95,descent
276.31,860.991,-35.2302,1735.95,descent
276.32,860.935,-35.1021,1735.95,descent
276.341,860.533,-34.8394,1735.95,descent
276.352,860.411,-34.7127,1735.95,descent
276.373,859.902,-34.4511,1735.95,descent
276.384,859.828,-34.3257,1735.95,descent
276.395,859.648,-34.1839,1735.95,descent
276.405,859.469,-34.052,1735.95,descent
276.415,859.282,-33.9192,1735.95,descent
276.426,859.056,-33.7836,1735.95,descent
276.437,858.893,-33.6433,1735.95,descent
276.489,857.362,-33.1284,1735.95,descent
276.5,857.037,-33.0281,1735.95,descent
276.552,855.486,-32.6832,1735.95,descent
276.572,854.994,-32.5555,1735.95,descent
276.583,854.737,-32.4943,1735.95,descent
276.593,854.467,-32.4382,1735.95,descent
276.603,854.284,-32.3791,1735.95,descent
276.614,854.046,-32.3199,1735.95,descent
276.625,853.737,-32.2657,1735.95,descent
276.635,854.595,-32.1772,1735.95,descent
276.648,854.174,-32.0786,1735.95,descent
276.658,853.853,-32.0108,1735.95,descent
276.679,853.188,-31.897,1735.95,descent
276.689,852.793,-31.8498,1735.95,descent
276.7,852.326,-31.8079,1735.95,descent
276.711,851.837,-31.7762,1735.95,descent
276.732,851.038,-31.7368,1735.95,descent
276.743,850.507,-31.7264,1735.95,descent
276.764,849.642,-31.7298,1735.95,descent
276.774,849.16,-31.7386,1735.95,descent
276.784,848.607,-31.7558,1735.95,descent
276.805,847.729,-31.8266,1735.95,descent
276.841,846.287,-31.9819,1735.95,descent
276.852,845.64,-32.0388,1735.95,descent
276.863,844.969,-32.105,1735.95,descent
276.873,844.326,-32.1761,1735.95,descent
276.883,843.679,-32.2569,1735.95,descent
276.894,843.021,-32.349,1735.95,descent
276.904,842.38,-32.4423,1735.95,descent
276.915,841.764,-32.5418,1735.95,descent
276.925,841.153,-32.6459,1735.95,descent
276.935,840.569,-32.7527,1735.95,descent
276.947,839.948,-32.8793,1735.95,descent
276.957,839.433,-32.9848,1735.95,descent
276.989,838.279,-33.2739,1735.95,descent
277,837.899,-33.3698,1735.95,descent
277.01,837.508,-33.4557,1735.95,descent
277.02,837.139,-33.5377,1735.95,descent
277.03,836.773,-33.6153,1735.95,descent
277.04,836.369,-33.6894,1735.95,descent
277.051,835.929,-33.768,1735.95,descent
277.062,835.578,-33.8377,1735.95,descent
277.072,835.218,-33.8983,1735.95,descent
277.083,834.871,-33.9561,1735.95,descent
277.093,834.555,-34.0061,1735.95,descent
277.113,833.848,-34.0903,1735.95,descent
277.123,833.521,-34.1279,1735.95,descent
277.133,833.246,-34.1597,1735.95,descent
277.144,832.968,-34.1844,1735.95,descent
277.154,832.743,-34.2005,1735.95,descent
277.165,832.475,-34.2122,1735.95,descent
277.178,832.182,-34.2175,1735.95,descent
277.189,831.883,-34.2178,1735.95,descent
277.199,831.62,-34.2245,1735.95,descent
277.232,830.707,-34.2136,1735.95,descent
277.242,830.647,-34.1986,1735.95,descent
277.252,830.629,-34.1724,1735.95,descent
277.262,830.631,-34.1343,1735.95,descent
277.273,830.545,-34.0888,1735.95,descent
277.283,830.482,-34.0431,1735.95,descent
277.315,829.72,-33.8991,1735.95,descent
277.326,829.594,-33.8426,1735.95,descent
277.336,829.605,-33.7773,1735.95,descent
277.347,829.515,-33.7016,1735.95,descent
277.357,829.499,-33.6241,1735.95,descent
277.368,829.438,-33.5378,1735.95,descent
277.378,829.317,-33.4522,1735.95,descent
277.389,829.29,-33.3603,1735.95,descent
277.399,829.254,-33.2685,1735.95,descent
277.42,828.955,-33.0793,1735.95,descent
277.43,828.919,-32.9849,1735.95,descent
277.441,829.004,-32.8858,1735.95,descent
277.451,829.155,-32.784,1735.95,descent
277.462,829.246,-32.6683,1735.95,descent
277.472,829.414,-32.5573,1735.95,descent
277.483,829.576,-32.4307,1735.95,descent
277.493,829.717,-32.3126,1735.95,descent
277.504,829.818,-32.1825,1735.95,descent
277.515,830.13,-32.0462,1735.95,descent
277.525,830.436,-31.9132,1735.95,descent
277.535,830.554,-31.7709,1735.95,descent
277.557,830.396,-31.5169,1735.95,descent
277.567,830.495,-31.3867,1735.95,descent
277.578,830.62,-31.2559,1735.95,descent
277.652,828.78,-30.9108,1735.95,descent
277.705,827.399,-30.8583,1735.95,descent
277.716,827.383,-30.8465,1735.95,descent
277.726,827.374,-30.8333,1735.95,descent
277.736,827.303,-30.8219,1735.95,descent
277.747,827.146,-30.8142,1735.95,descent
277.757,827.119,-30.806,1735.95,descent
277.767,827.138,-30.7965,1735.95,descent
277.777,827.077,-30.7885,1735.95,descent
277.788,827.014,-30.7804,1735.95,descent
277.799,826.845,-30.7776,1735.95,descent
277.809,826.788,-30.7766,1735.95,descent
277.819,826.686,-30.7779,1735.95,descent
277.83,826.613,-30.7807,1735.95,descent
277.84,826.538,-30.7831,1735.95,descent
277.866,825.961,-30.8129,1735.95,descent
277.898,825.253,-30.8477,1735.95,descent
277.91,825.108,-30.8548,1735.95,descent
277.92,824.986,-30.8568,1735.95,descent
277.93,824.864,-30.8538,1735.95,descent
277.941,824.717,-30.8451,1735.95,descent
277.951,824.616,-30.8315,1735.95,descent
277.962,824.469,-30.8118,1735.95,descent
277.972,824.353,-30.7887,1735.95,descent
277.982,824.241,-30.7617,1735.95,descent
277.993,824.087,-30.7296,1735.95,descent
278.003,823.91,-30.6964,1735.95,descent
278.035,823.111,-30.5837,1735.95,descent
278.045,822.953,-30.542,1735.95,descent
278.056,822.795,-30.4896,1735.95,descent
278.066,822.625,-30.437,1735.95,descent
278.077,822.426,-30.3743,1735.95,descent
278.088,822.243,-30.3053,1735.95,descent
278.099,822.039,-30.2332,1735.95,descent
278.109,821.86,-30.1623,1735.95,descent
278.119,821.672,-30.0859,1735.95,descent
278.13,821.5,-30.0036,1735.95,descent
278.172,820.444,-29.6842,1735.95,descent
278.182,820.274,-29.6047,1735.95,descent
278.198,819.962,-29.4829,1735.95,descent
278.209,819.813,-29.3982,1735.95,descent
278.219,819.674,-29.318,1735.95,descent
278.229,819.557,-29.2376,1735.95,descent
278.251,819.031,-29.0858,1735.95,descent
278.262,818.81,-29.0132,1735.95,descent
278.283,818.272,-28.8979,1735.95,descent
278.293,818.164,-28.8383,1735.95,descent
278.304,817.822,-28.7847,1735.95,descent
278.315,817.568,-28.7375,1735.95,descent
278.325,817.294,-28.6987,1735.95,descent
278.335,817.047,-28.6662,1735.95,descent
278.357,816.435,-28.6292,1735.95,descent
278.377,815.874,-28.621,1735.95,descent
278.387,815.661,-28.6216,1735.95,descent
278.397,815.414,-28.6277,1735.95,descent
278.408,815.163,-28.6389,1735.95,descent
278.418,814.94,-28.6552,1735.95,descent
278.43,814.787,-28.6729,1735.95,descent
278.44,814.664,-28.6907,1735.95,descent
278.45,814.474,-28.7104,1735.95,descent
278.461,814.356,-28.732,1735.95,descent
278.472,814.146,-28.7566,1735.95,descent
278.484,813.91,-28.7918,1735.95,descent
278.495,813.914,-28.8177,1735.95,descent
278.506,813.712,-28.8485,1735.95,descent
278.516,813.568,-28.8804,1735.95,descent
278.526,813.442,-28.9116,1735.95,descent
278.537,813.36,-28.9425,1735.95,descent
278.547,813.255,-28.974,1735.95,descent
278.557,813.14,-29.0063,1735.95,descent
278.567,813.059,-29.04,1735.95,descent
278.578,812.983,-29.0738,1735.95,descent
278.588,812.995,-29.1015,1735.95,descent
278.665,810.875,-29.6869,1735.95,descent
278.675,810.669,-29.772,1735.95,descent
278.686,810.439,-29.8603,1735.95,descent
278.696,810.25,-29.9515,1735.95,descent
278.706,810.095,-30.0364,1735.95,descent
278.738,809.234,-30.355,1735.95,descent
278.769,808.497,-30.7109,1735.95,descent
278.78,808.232,-30.8384,1735.95,descent
278.79,807.883,-30.9698,1735.95,descent
278.8,807.804,-31.1029,1735.95,descent
278.811,807.678,-31.2413,1735.95,descent
278.822,807.468,-31.3619,1735.95,descent
278.853,806.64,-31.769,1735.95,descent
278.886,805.641,-32.2357,1735.95,descent
278.897,805.493,-32.3899,1735.95,descent
278.907,805.2,-32.5338,1735.95,descent
278.918,804.986,-32.6908,1735.95,descent
278.929,804.773,-32.8378,1735.95,descent
278.949,804.219,-33.1241,1735.95,descent
278.96,804.085,-33.2633,1735.95,descent
278.97,803.937,-33.4049,1735.95,descent
278.981,803.699,-33.5462,1735.95,descent
278.991,803.645,-33.6709,1735.95,descent
279.013,803.064,-33.9336,1735.95,descent
279.023,802.894,-34.0547,1735.95,descent
279.033,802.72,-34.17,1735.95,descent
279.054,802.1,-34.4188,1735.95,descent
279.065,801.817,-34.5506,1735.95,descent
279.075,801.578,-34.6768,1735.95,descent
279.086,801.297,-34.802,1735.95,descent
279.096,800.999,-34.9226,1735.95,descent
279.106,800.658,-35.0458,1735.95,descent
279.117,800.251,-35.1844,1735.95,descent
279.127,799.836,-35.3195,1735.95,descent
279.137,799.484,-35.4493,1735.95,descent
279.19,797.425,-36.1569,1735.95,descent
279.2,797.014,-36.2957,1735.95,descent
279.211,796.539,-36.4483,1735.95,descent
279.232,795.702,-36.7428,1735.95,descent
279.243,795.254,-36.8926,1735.95,descent
279.253,794.902,-37.0347,1735.95,descent
279.263,794.491,-37.1706,1735.95,descent
279.273,794.117,-37.3042,1735.95,descent
279.284,793.653,-37.4411,1735.95,descent
279.295,793.192,-37.5858,1735.95,descent
279.305,792.759,-37.7178,1735.95,descent
279.316,792.25,-37.8619,1735.95,descent
279.349,790.893,-38.2757,1735.95,descent
279.36,790.427,-38.4085,1735.95,descent
279.37,790.044,-38.5265,1735.95,descent
279.38,789.62,-38.6455,1735.95,descent
279.412,788.231,-38.9939,1735.95,descent
279.423,787.728,-39.1104,1735.95,descent
279.433,787.323,-39.2191,1735.95,descent
279.443,786.869,-39.3246,1735.95,descent
279.474,785.664,-39.6211,1735.95,descent
279.485,785.205,-39.7232,1735.95,descent
279.495,784.818,-39.8171,1735.95,descent
279.505,784.398,-39.9097,1735.95,descent
279.516,783.976,-40.0034,1735.95,descent
279.527,783.526,-40.0917,1735.95,descent
279.537,783.144,-40.1722,1735.95,descent
279.547,782.727,-40.2516,1735.95,descent
279.557,782.349,-40.3289,1735.95,descent
279.568,781.949,-40.411,1735.95,descent
279.62,779.868,-40.7984,1735.95,descent
279.641,779.072,-40.9548,1735.95,descent
279.715,776.115,-41.5111,1735.95,descent
279.726,775.944,-41.5838,1735.95,descent
279.736,775.868,-41.6442,1735.95,descent
279.749,775.712,-41.7037,1735.95,descent
279.76,775.588,-41.7475,1735.95,descent
279.77,775.662,-41.7749,1735.95,descent
279.78,775.729,-41.7908,1735.95,descent
279.791,775.819,-41.794,1735.95,descent
279.834,774.662,-41.7959,1735.95,descent
279.844,774.895,-41.7781,1735.95,descent
279.854,775.111,-41.7422,1735.95,descent
279.865,775.24,-41.6889,1735.95,descent
279.876,775.319,-41.6249,1735.95,descent
279.886,775.356,-41.5512,1735.95,descent
279.896,775.208,-41.4746,1735.95,descent
279.906,775.067,-41.392,1735.95,descent
279.917,774.963,-41.3047,1735.95,descent
279.927,774.712,-41.215,1735.95,descent
279.938,774.555,-41.1172,1735.95,descent
279.948,774.216,-41.0279,1735.95,descent
279.969,773.611,-40.8542,1735.95,descent
279.98,773.203,-40.7638,1735.95,descent
279.99,772.861,-40.683,1735.95,descent
280,772.497,-40.6044,1735.95,descent
280.01,772.079,-40.5287,1735.95,descent
280.021,771.645,-40.4491,1735.95,descent
280.033,771.109,-40.3641,1735.95,descent
280.043,770.679,-40.2979,1735.95,descent
280.054,770.197,-40.2357,1735.95,descent
280.065,769.656,-40.1759,1735.95,descent
280.075,769.192,-40.1232,1735.95,descent
280.085,768.718,-40.0722,1735.95,descent
280.095,768.288,-40.0226,1735.95,descent
280.106,767.861,-39.9726,1735.95,descent
280.116,767.399,-39.9271,1735.95,descent
280.127,766.89,-39.8793,1735.95,descent
280.137,766.504,-39.832,1735.95,descent
280.151,766.005,-39.7721,1735.95,descent
280.161,765.508,-39.7314,1735.95,descent
280.172,765.052,-39.696,1735.95,descent
280.205,763.747,-39.5954,1735.95,descent
280.215,763.341,-39.5745,1735.95,descent
280.237,762.627,-39.5264,1735.95,descent
280.247,762.381,-39.5013,1735.95,descent
280.257,762.01,-39.4762,1735.95,descent
280.267,761.831,-39.4466,1735.95,descent
280.278,761.669,-39.408,1735.95,descent
280.289,761.401,-39.3699,1735.95,descent
280.299,761.174,-39.3307,1735.95,descent
280.331,760.188,-39.223,1735.95,descent
280.341,760.05,-39.1878,1735.95,descent
280.404,757.776,-39.0675,1735.95,descent
280.415,757.464,-39.045,1735.95,descent
280.425,757.201,-39.0232,1735.95,descent
280.435,756.932,-39.0029,1735.95,descent
280.445,756.654,-38.9802,1735.95,descent
280.456,756.334,-38.9563,1735.95,descent
280.466,756.036,-38.9347,1735.95,descent
280.476,755.721,-38.914,1735.95,descent
280.486,755.384,-38.896,1735.95,descent
280.519,754.189,-38.8592,1735.95,descent
280.54,753.402,-38.8402,1735.95,descent
280.55,753.036,-38.8304,1735.95,descent
280.561,752.675,-38.8204,1735.95,descent
280.571,752.345,-38.8095,1735.95,descent
280.581,752.004,-38.7968,1735.95,descent
280.592,751.68,-38.7864,1735.95,descent
280.602,751.393,-38.7741,1735.95,descent
280.613,751.14,-38.7584,1735.95,descent
280.623,750.902,-38.7396,1735.95,descent
280.633,750.695,-38.716,1735.95,descent
280.644,750.473,-38.6871,1735.95,descent
280.654,750.303,-38.6574,1735.95,descent
280.665,750.115,-38.6211,1735.95,descent
280.676,749.924,-38.581,1735.95,descent
280.686,749.777,-38.5397,1735.95,descent
280.696,749.627,-38.4965,1735.95,descent
280.717,749.111,-38.4052,1735.95,descent
280.728,749.072,-38.3495,1735.95,descent
280.738,748.977,-38.2932,1735.95,descent
280.759,748.443,-38.1839,1735.95,descent
280.771,748.347,-38.1214,1735.95,descent
280.782,748.194,-38.0532,1735.95,descent
280.792,748.063,-37.986,1735.95,descent
280.802,748.016,-37.9129,1735.95,descent
280.813,747.881,-37.8381,1735.95,descent
280.844,747.016,-37.6328,1735.95,descent
280.854,746.895,-37.5613,1735.95,descent
280.865,746.823,-37.4866,1735.95,descent
280.875,746.703,-37.4124,1735.95,descent
280.885,746.597,-37.3374,1735.95,descent
280.897,746.415,-37.2473,1735.95,descent
280.908,746.257,-37.1649,1735.95,descent
280.918,746.14,-37.0884,1735.95,descent
280.928,746.023,-37.0111,1735.95,descent
280.938,745.895,-36.9309,1735.95,descent
280.948,745.772,-36.8497,1735.95,descent
280.969,745.26,-36.693,1735.95,descent
280.979,745.212,-36.6171,1735.95,descent
280.99,745.151,-36.5372,1735.95,descent
281,745.017,-36.4601,1735.95,descent
281.01,744.888,-36.3825,1735.95,descent
281.021,744.73,-36.3026,1735.95,descent
281.031,744.659,-36.2285,1735.95,descent
281.042,744.545,-36.1503,1735.95,descent
281.052,744.315,-36.0789,1735.95,descent
281.062,744.091,-36.0098,1735.95,descent
281.083,743.575,-35.8867,1735.95,descent
281.094,743.356,-35.8285,1735.95,descent
281.104,743.124,-35.7749,1735.95,descent
281.114,742.893,-35.7234,1735.95,descent
281.125,742.703,-35.6747,1735.95,descent
281.135,742.532,-35.6243,1735.95,descent
281.156,741.967,-35.5389,1735.95,descent
281.167,741.649,-35.502,1735.95,descent
281.178,741.369,-35.4662,1735.95,descent
281.188,741.08,-35.4371,1735.95,descent
281.198,740.891,-35.4087,1735.95,descent
281.208,740.681,-35.3811,1735.95,descent
281.219,740.454,-35.352,1735.95,descent
281.229,740.252,-35.326,1735.95,descent
281.24,739.972,-35.3009,1735.95,descent
281.25,739.698,-35.2791,1735.95,descent
281.271,739.132,-35.2451,1735.95,descent
281.281,738.92,-35.2283,1735.95,descent
281.292,738.704,-35.2114,1735.95,descent
281.302,738.458,-35.1959,1735.95,descent
281.312,738.247,-35.1805,1735.95,descent
281.322,738.086,-35.164,1735.95,descent
281.365,736.794,-35.1499,1735.95,descent
281.376,736.601,-35.1452,1735.95,descent
281.386,736.438,-35.138,1735.95,descent
281.41,735.884,-35.123,1735.95,descent
281.42,735.735,-35.1121,1735.95,descent
281.431,735.592,-35.1005,1735.95,descent
281.441,735.5,-35.0852,1735.95,descent
281.451,733.98,-35.113,1735.95,descent
281.461,733.865,-35.1364,1735.95,descent
281.472,733.714,-35.1554,1735.95,descent
281.482,733.611,-35.1674,1735.95,descent
281.493,733.483,-35.1747,1735.95,descent
281.503,733.32,-35.1774,1735.95,descent
281.513,733.226,-35.1746,1735.95,descent
281.524,733.083,-35.1662,1735.95,descent
281.535,732.954,-35.154,1735.95,descent
281.567,731.961,-35.1298,1735.95,descent
281.578,731.727,-35.1204,1735.95,descent
281.588,731.488,-35.1083,1735.95,descent
281.599,731.203,-35.0946,1735.95,descent
281.609,730.906,-35.0809,1735.95,descent
281.62,730.607,-35.0655,1735.95,descent
281.641,729.926,-35.0333,1735.95,descent
281.651,729.639,-35.0159,1735.95,descent
281.662,729.307,-34.9955,1735.95,descent
281.672,729.001,-34.9741,1735.95,descent
281.683,728.689,-34.9475,1735.95,descent
281.695,728.32,-34.9157,1735.95,descent
281.705,728.007,-34.8855,1735.95,descent
281.715,727.661,-34.8541,1735.95,descent
281.726,727.277,-34.8198,1735.95,descent
281.736,726.934,-34.7889,1735.95,descent
281.747,726.587,-34.7572,1735.95,descent
281.757,726.259,-34.7263,1735.95,descent
281.767,725.959,-34.6953,1735.95,descent
281.777,725.701,-34.6645,1735.95,descent
281.788,725.415,-34.6305,1735.95,descent
281.812,724.776,-34.5569,1735.95,descent
281.822,724.596,-34.5231,1735.95,descent
281.832,724.41,-34.488,1735.95,descent
281.843,724.239,-34.4465,1735.95,descent
281.854,724.082,-34.402,1735.95,descent
281.866,723.808,-34.3478,1735.95,descent
281.877,723.58,-34.2975,1735.95,descent
281.887,723.385,-34.2489,1735.95,descent
281.898,723.266,-34.193,1735.95,descent
281.908,723.149,-34.1335,1735.95,descent
281.918,722.962,-34.0726,1735.95,descent
281.929,722.789,-34.0043,1735.95,descent
281.94,722.648,-33.9385,1735.95,descent
281.96,722.152,-33.8152,1735.95,descent
281.971,721.997,-33.7518,1735.95,descent
281.981,721.831,-33.6868,1735.95,descent
281.991,721.656,-33.6193,1735.95,descent
282.002,721.463,-33.5486,1735.95,descent
282.012,721.276,-33.4795,1735.95,descent
282.023,721.081,-33.4093,1735.95,descent
282.034,720.87,-33.3345,1735.95,descent
282.045,720.63,-33.2599,1735.95,descent
282.055,720.392,-33.1881,1735.95,descent
282.076,719.786,-33.0608,1735.95,descent
282.087,719.463,-32.9972,1735.95,descent
282.097,719.144,-32.9411,1735.95,descent
282.108,718.833,-32.8883,1735.95,descent
282.118,718.527,-32.8412,1735.95,descent
282.139,717.87,-32.7565,1735.95,descent
282.154,717.389,-32.7034,1735.95,descent
282.164,717.057,-32.6704,1735.95,descent
282.175,716.698,-32.6371,1735.95,descent
282.185,716.352,-32.6099,1735.95,descent
282.195,716.026,-32.5841,1735.95,descent
282.208,715.574,-32.5577,1735.95,descent
282.219,715.186,-32.5376,1735.95,descent
282.229,714.83,-32.5211,1735.95,descent
282.24,714.436,-32.5059,1735.95,descent
282.25,714.028,-32.4952,1735.95,descent
282.271,713.319,-32.4821,1735.95,descent
282.282,712.929,-32.4778,1735.95,descent
282.292,712.543,-32.4761,1735.95,descent
282.303,712.277,-32.4738,1735.95,descent
282.313,711.975,-32.4721,1735.95,descent
282.323,711.705,-32.4702,1735.95,descent
282.333,711.43,-32.4684,1735.95,descent
282.344,711.157,-32.4665,1735.95,descent
282.354,710.894,-32.4642,1735.95,descent
282.365,710.646,-32.4615,1735.95,descent
282.375,710.378,-32.4593,1735.95,descent
282.385,710.139,-32.4572,1735.95,descent
282.395,709.912,-32.4541,1735.95,descent
282.405,709.735,-32.4487,1735.95,descent
282.415,709.539,-32.4424,1735.95,descent
282.437,708.96,-32.4351,1735.95,descent
282.458,708.404,-32.432,1735.95,descent
282.468,708.192,-32.4298,1735.95,descent
282.478,708,-32.4262,1735.95,descent
282.489,707.777,-32.421,1735.95,descent
282.501,707.512,-32.4147,1735.95,descent
282.512,707.305,-32.4082,1735.95,descent
282.522,707.117,-32.3999,1735.95,descent
282.532,706.968,-32.3892,1735.95,descent
282.542,706.75,-32.3782,1735.95,descent
282.553,706.541,-32.3671,1735.95,descent
282.574,706.039,-32.3443,1735.95,descent
282.584,705.877,-32.331,1735.95,descent
282.594,705.707,-32.3149,1735.95,descent
282.605,705.545,-32.2977,1735.95,descent
282.615,705.407,-32.2782,1735.95,descent
282.625,705.243,-32.256,1735.95,descent
282.635,705.07,-32.2329,1735.95,descent
282.656,704.616,-32.1869,1735.95,descent
282.667,704.471,-32.1604,1735.95,descent
282.677,704.337,-32.1305,1735.95,descent
282.688,704.184,-32.0969,1735.95,descent
282.718,703.441,-32.0148,1735.95,descent
282.729,703.331,-31.9807,1735.95,descent
282.74,703.239,-31.9455,1735.95,descent
282.75,703.172,-31.9036,1735.95,descent
282.761,703.077,-31.8579,1735.95,descent
282.793,702.33,-31.7369,1735.95,descent
282.804,702.225,-31.6922,1735.95,descent
282.814,702.118,-31.6474,1735.95,descent
282.846,701.37,-31.5301,1735.95,descent
282.856,701.295,-31.4895,1735.95,descent
282.866,701.21,-31.4464,1735.95,descent
282.877,701.074,-31.4014,1735.95,descent
282.899,700.612,-31.3167,1735.95,descent
282.91,700.461,-31.2733,1735.95,descent
282.931,699.954,-31.2032,1735.95,descent
282.941,699.799,-31.1703,1735.95,descent
282.951,699.597,-31.1372,1735.95,descent
282.964,699.304,-31.1029,1735.95,descent
282.995,698.438,-31.0517,1735.95,descent
283.006,698.221,-31.0361,1735.95,descent
283.016,698.017,-31.0222,1735.95,descent
283.026,697.8,-31.0104,1735.95,descent
283.037,697.56,-30.9997,1735.95,descent
283.047,697.329,-30.9912,1735.95,descent
283.058,697.092,-30.9842,1735.95,descent
283.068,696.859,-30.979,1735.95,descent
283.078,696.633,-30.9745,1735.95,descent
283.088,696.395,-30.971,1735.95,descent
283.099,696.146,-30.9681,1735.95,descent
283.11,695.878,-30.9671,1735.95,descent
283.12,695.61,-30.9675,1735.95,descent
283.13,695.356,-30.9688,1735.95,descent
283.142,695.077,-30.9703,1735.95,descent
283.152,694.835,-30.9719,1735.95,descent
283.162,694.586,-30.9739,1735.95,descent
283.182,694.077,-30.9807,1735.95,descent
283.192,693.875,-30.9835,1735.95,descent
283.283,691.099,-31.0994,1735.95,descent
283.293,690.872,-31.1097,1735.95,descent
283.303,690.623,-31.1196,1735.95,descent
283.314,690.33,-31.1305,1735.95,descent
283.324,690.053,-31.1412,1735.95,descent
283.334,689.759,-31.1516,1735.95,descent
283.401,687.526,-31.2549,1735.95,descent
283.412,687.119,-31.2733,1735.95,descent
283.422,686.722,-31.2929,1735.95,descent
283.433,686.297,-31.3153,1735.95,descent
283.443,685.857,-31.3419,1735.95,descent
283.512,683.821,-31.5167,1735.95,descent
283.522,683.702,-31.5385,1735.95,descent
283.533,683.589,-31.5531,1735.95,descent
283.544,683.438,-31.5625,1735.95,descent
283.554,683.315,-31.5658,1735.95,descent
283.565,683.183,-31.5633,1735.95,descent
283.628,681.491,-31.5645,1735.95,descent
283.638,681.44,-31.5584,1735.95,descent
283.649,681.387,-31.5441,1735.95,descent
283.66,681.326,-31.5222,1735.95,descent
283.67,681.169,-31.4986,1735.95,descent
283.68,680.989,-31.474,1735.95,descent
283.732,679.636,-31.4205,1735.95,descent
283.763,678.919,-31.4292,1735.95,descent
283.774,678.771,-31.4329,1735.95,descent
283.785,678.683,-31.4349,1735.95,descent
283.795,678.512,-31.4396,1735.95,descent
283.805,678.455,-31.438,1735.95,descent
283.826,677.947,-31.4571,1735.95,descent
283.837,677.878,-31.4663,1735.95,descent
283.847,677.826,-31.4742,1735.95,descent
283.858,677.76,-31.4753,1735.95,descent
283.879,677.322,-31.4962,1735.95,descent
283.889,677.177,-31.5094,1735.95,descent
283.9,676.982,-31.5288,1735.95,descent
283.91,676.811,-31.55,1735.95,descent
283.92,676.64,-31.5738,1735.95,descent
283.93,676.448,-31.6003,1735.95,descent
283.94,676.291,-31.6283,1735.95,descent
283.951,676.128,-31.6601,1735.95,descent
283.962,675.954,-31.6928,1735.95,descent
283.972,675.767,-31.7212,1735.95,descent
283.993,675.244,-31.8006,1735.95,descent
284.004,675.02,-31.8463,1735.95,descent
284.014,674.793,-31.8949,1735.95,descent
284.025,674.607,-31.9482,1735.95,descent
284.035,674.453,-31.9978,1735.95,descent
284.045,674.24,-32.0513,1735.95,descent
284.056,674.133,-32.1035,1735.95,descent
284.066,673.901,-32.1589,1735.95,descent
284.077,673.73,-32.2157,1735.95,descent
284.087,673.575,-32.2661,1735.95,descent
284.098,673.363,-32.3211,1735.95,descent
284.109,673.063,-32.3759,1735.95,descent
284.119,672.768,-32.4326,1735.95,descent
284.13,672.471,-32.4897,1735.95,descent
284.14,672.332,-32.5411,1735.95,descent
284.151,672.041,-32.5985,1735.95,descent
284.161,671.815,-32.6528,1735.95,descent
284.171,671.628,-32.703,1735.95,descent
284.182,671.413,-32.7533,1735.95,descent
284.193,671.211,-32.8018,1735.95,descent
284.204,670.956,-32.846,1735.95,descent
284.236,669.923,-32.9883,1735.95,descent
284.247,669.603,-33.0344,1735.95,descent
284.257,669.306,-33.0795,1735.95,descent
284.268,668.994,-33.1256,1735.95,descent
284.299,668.046,-33.2544,1735.95,descent
284.31,667.746,-33.3002,1735.95,descent
284.321,667.489,-33.339,1735.95,descent
284.332,667.222,-33.3722,1735.95,descent
284.342,666.897,-33.4066,1735.95,descent
284.353,666.521,-33.4402,1735.95,descent
284.373,665.776,-33.5122,1735.95,descent
284.384,665.334,-33.5514,1735.95,descent
284.394,664.839,-33.5937,1735.95,descent
284.405,664.374,-33.6421,1735.95,descent
284.415,663.843,-33.6939,1735.95,descent
284.426,663.349,-33.7475,1735.95,descent
284.439,662.771,-33.8169,1735.95,descent
284.449,662.314,-33.8721,1735.95,descent
284.459,661.842,-33.9294,1735.95,descent
284.47,661.383,-33.9856,1735.95,descent
284.48,660.93,-34.0428,1735.95,descent
284.49,660.523,-34.1,1735.95,descent
284.501,660.181,-34.1593,1735.95,descent
284.522,659.57,-34.2638,1735.95,descent
284.575,657.91,-34.5017,1735.95,descent
284.585,657.766,-34.5401,1735.95,descent
284.595,657.654,-34.5687,1735.95,descent
284.606,657.492,-34.5935,1735.95,descent
284.627,657.054,-34.6296,1735.95,descent
284.638,656.89,-34.6433,1735.95,descent
284.649,656.701,-34.6543,1735.95,descent
284.659,656.61,-34.6598,1735.95,descent
284.67,656.446,-34.6633,1735.95,descent
284.681,656.224,-34.6692,1735.95,descent
284.691,656.089,-34.6744,1735.95,descent
284.701,655.957,-34.6777,1735.95,descent
284.711,655.899,-34.6733,1735.95,descent
284.734,655.379,-34.6771,1735.95,descent
284.744,655.252,-34.6787,1735.95,descent
284.755,655.103,-34.6811,1735.95,descent
284.766,654.994,-34.6829,1735.95,descent
284.776,654.849,-34.6861,1735.95,descent
284.788,654.676,-34.6905,1735.95,descent
284.798,654.502,-34.6955,1735.95,descent
284.808,654.365,-34.7009,1735.95,descent
284.818,654.198,-34.7067,1735.95,descent
284.829,654.06,-34.7126,1735.95,descent
284.839,653.864,-34.7211,1735.95,descent
284.85,653.61,-34.7345,1735.95,descent
284.86,653.423,-34.7489,1735.95,descent
284.871,653.27,-34.7621,1735.95,descent
284.881,653.068,-34.776,1735.95,descent
284.891,652.88,-34.79,1735.95,descent
284.913,652.392,-34.8234,1735.95,descent
284.923,652.302,-34.8357,1735.95,descent
284.934,652.152,-34.8464,1735.95,descent
284.944,652.04,-34.8527,1735.95,descent
284.977,651.175,-34.882,1735.95,descent
284.987,651.079,-34.886,1735.95,descent
284.998,650.924,-34.8857,1735.95,descent
285.008,650.762,-34.8818,1735.95,descent
285.019,650.472,-34.8775,1735.95,descent
285.03,650.106,-34.8752,1735.95,descent
285.05,649.374,-34.8756,1735.95,descent
285.061,648.897,-34.8795,1735.95,descent
285.074,648.49,-34.8809,1735.95,descent
285.084,648.176,-34.8794,1735.95,descent
285.094,647.797,-34.8765,1735.95,descent
285.105,647.335,-34.8749,1735.95,descent
285.115,647.024,-34.8713,1735.95,descent
285.126,646.775,-34.8626,1735.95,descent
285.147,646.239,-34.8389,1735.95,descent
285.158,646.091,-34.8233,1735.95,descent
285.168,645.945,-34.8027,1735.95,descent
285.178,645.853,-34.7785,1735.95,descent
285.21,644.948,-34.7088,1735.95,descent
285.221,644.779,-34.6785,1735.95,descent
285.231,644.647,-34.644,1735.95,descent
285.241,644.351,-34.6117,1735.95,descent
285.252,644.033,-34.5795,1735.95,descent
285.263,643.98,-34.5458,1735.95,descent
285.273,643.862,-34.5116,1735.95,descent
285.283,643.626,-34.4807,1735.95,descent
285.294,643.5,-34.4502,1735.95,descent
285.304,643.358,-34.4223,1735.95,descent
285.314,643.278,-34.3906,1735.95,descent
285.336,642.731,-34.3552,1735.95,descent
285.346,642.744,-34.3355,1735.95,descent
285.359,642.555,-34.315,1735.95,descent
285.369,642.34,-34.3038,1735.95,descent
285.38,642.038,-34.2998,1735.95,descent
285.39,641.815,-34.2967,1735.95,descent
285.411,641.153,-34.3177,1735.95,descent
285.422,640.757,-34.338,1735.95,descent
285.453,639.673,-34.4481,1735.95,descent
285.464,639.44,-34.4851,1735.95,descent
285.485,638.922,-34.5674,1735.95,descent
285.495,638.873,-34.602,1735.95,descent
285.505,638.741,-34.6346,1735.95,descent
285.527,638.169,-34.7092,1735.95,descent
285.537,638.022,-34.7416,1735.95,descent
285.547,637.842,-34.772,1735.95,descent
285.557,637.692,-34.7971,1735.95,descent
285.567,637.529,-34.8187,1735.95,descent
285.577,637.316,-34.8381,1735.95,descent
285.587,637.056,-34.8567,1735.95,descent
285.598,636.826,-34.8739,1735.95,descent
285.608,636.486,-34.8919,1735.95,descent
285.618,636.113,-34.911,1735.95,descent
285.628,635.745,-34.9313,1735.95,descent
285.648,634.902,-34.9795,1735.95,descent
285.658,634.364,-35.0089,1735.95,descent
285.668,633.868,-35.041,1735.95,descent
285.678,633.413,-35.0733,1735.95,descent
285.688,632.92,-35.1065,1735.95,descent
285.698,632.44,-35.1408,1735.95,descent
285.709,631.908,-35.1782,1735.95,descent
285.719,631.492,-35.2114,1735.95,descent
285.73,631.134,-35.2429,1735.95,descent
285.741,630.771,-35.2695,1735.95,descent
285.751,630.524,-35.2922,1735.95,descent
285.761,630.362,-35.3092,1735.95,descent
285.771,630.117,-35.3239,1735.95,descent
285.782,629.928,-35.3339,1735.95,descent
285.792,629.736,-35.3385,1735.95,descent
285.803,629.525,-35.3389,1735.95,descent
285.813,629.302,-35.3364,1735.95,descent
285.827,629.056,-35.3283,1735.95,descent
285.837,628.914,-35.3165,1735.95,descent
285.848,628.663,-35.3034,1735.95,descent
285.858,628.529,-35.2859,1735.95,descent
285.879,627.966,-35.2617,1735.95,descent
285.889,627.869,-35.2478,1735.95,descent
285.9,627.719,-35.2328,1735.95,descent
285.911,627.558,-35.218,1735.95,descent
285.921,627.465,-35.2034,1735.95,descent
285.932,627.272,-35.1909,1735.95,descent
285.944,627.021,-35.1828,1735.95,descent
285.955,626.907,-35.1722,1735.95,descent
285.976,626.483,-35.1751,1735.95,descent
285.986,626.467,-35.1734,1735.95,descent
285.997,626.368,-35.1719,1735.95,descent
286.007,626.385,-35.167,1735.95,descent
286.018,626.394,-35.1582,1735.95,descent
286.028,626.303,-35.1496,1735.95,descent
286.039,626.208,-35.1419,1735.95,descent
286.049,626.146,-35.1322,1735.95,descent
286.062,625.903,-35.1239,1735.95,descent
286.073,625.713,-35.1203,1735.95,descent
286.084,625.509,-35.1204,1735.95,descent
286.094,625.323,-35.1237,1735.95,descent
286.104,625.126,-35.1298,1735.95,descent
286.115,624.892,-35.1403,1735.95,descent
286.127,624.601,-35.1586,1735.95,descent
286.138,624.367,-35.1769,1735.95,descent
286.148,624.092,-35.1999,1735.95,descent
286.159,623.883,-35.2259,1735.95,descent
286.169,623.583,-35.2548,1735.95,descent
286.18,623.25,-35.2871,1735.95,descent
286.191,622.859,-35.3285,1735.95,descent
286.202,622.576,-35.373,1735.95,descent
286.212,622.238,-35.4184,1735.95,descent
286.222,621.937,-35.463,1735.95,descent
286.243,621.321,-35.5634,1735.95,descent
286.254,621.048,-35.6128,1735.95,descent
286.275,620.366,-35.7094,1735.95,descent
286.296,619.688,-35.808,1735.95,descent
286.307,619.39,-35.858,1735.95,descent
286.328,618.672,-35.9614,1735.95,descent
286.339,618.362,-36.0118,1735.95,descent
286.349,618.038,-36.0619,1735.95,descent
286.36,617.661,-36.1145,1735.95,descent
286.371,617.245,-36.1684,1735.95,descent
286.381,616.822,-36.2235,1735.95,descent
286.391,616.407,-36.2789,1735.95,descent
286.402,615.933,-36.3364,1735.95,descent
286.414,615.42,-36.4046,1735.95,descent
286.425,614.941,-36.4678,1735.95,descent
286.435,614.461,-36.5266,1735.95,descent
286.446,613.956,-36.5911,1735.95,descent
286.456,613.502,-36.653,1735.95,descent
286.477,612.612,-36.7925,1735.95,descent
286.498,611.868,-36.9196,1735.95,descent
286.509,611.577,-36.9814,1735.95,descent
286.519,611.354,-37.0341,1735.95,descent
286.54,610.763,-37.1321,1735.95,descent
286.551,610.54,-37.1765,1735.95,descent
286.561,610.322,-37.2143,1735.95,descent
286.571,610.087,-37.2492,1735.95,descent
286.581,609.809,-37.2832,1735.95,descent
286.592,609.556,-37.3127,1735.95,descent
286.603,609.265,-37.3415,1735.95,descent
286.624,608.622,-37.4003,1735.95,descent
286.634,608.395,-37.4291,1735.95,descent
286.645,608.138,-37.459,1735.95,descent
286.655,607.859,-37.4923,1735.95,descent
286.666,607.57,-37.5325,1735.95,descent
286.676,607.331,-37.5694,1735.95,descent
286.687,607.106,-37.6111,1735.95,descent
286.698,606.888,-37.6538,1735.95,descent
286.709,606.743,-37.6953,1735.95,descent
286.719,606.636,-37.7325,1735.95,descent
286.73,606.454,-37.7733,1735.95,descent
286.74,606.262,-37.8126,1735.95,descent
286.75,606.072,-37.8467,1735.95,descent
286.773,605.391,-37.938,1735.95,descent
286.784,605.267,-37.978,1735.95,descent
286.794,605.072,-38.0193,1735.95,descent
286.804,604.922,-38.0604,1735.95,descent
286.815,604.73,-38.1014,1735.95,descent
286.825,604.475,-38.1464,1735.95,descent
286.836,604.273,-38.1917,1735.95,descent
286.846,604.121,-38.2338,1735.95,descent
286.857,604.01,-38.2709,1735.95,descent
286.867,603.894,-38.3046,1735.95,descent
286.877,603.814,-38.3356,1735.95,descent
286.887,603.74,-38.3591,1735.95,descent
286.897,603.653,-38.3768,1735.95,descent
286.908,603.538,-38.3895,1735.95,descent
286.918,603.443,-38.3961,1735.95,descent
286.928,603.344,-38.3954,1735.95,descent
286.938,603.155,-38.3893,1735.95,descent
286.948,602.918,-38.3809,1735.95,descent
286.959,602.602,-38.3694,1735.95,descent
286.969,602.305,-38.3564,1735.95,descent
286.979,601.959,-38.3422,1735.95,descent
286.99,601.567,-38.3287,1735.95,descent
287,601.208,-38.3137,1735.95,descent
287.01,600.852,-38.2968,1735.95,descent
287.021,600.49,-38.2742,1735.95,descent
287.031,600.108,-38.2509,1735.95,descent
287.042,599.676,-38.2264,1735.95,descent
287.052,599.283,-38.2025,1735.95,descent
287.062,598.925,-38.1781,1735.95,descent
287.073,598.619,-38.147,1735.95,descent
287.084,598.396,-38.1128,1735.95,descent
287.094,598.219,-38.0744,1735.95,descent
287.105,598.053,-38.0306,1735.95,descent
287.116,597.853,-37.9795,1735.95,descent
287.126,597.674,-37.9278,1735.95,descent
287.147,597.164,-37.8229,1735.95,descent
287.157,596.984,-37.7691,1735.95,descent
287.167,596.722,-37.7174,1735.95,descent
287.178,596.453,-37.6666,1735.95,descent
287.188,596.175,-37.6172,1735.95,descent
287.198,595.887,-37.5759,1735.95,descent
287.209,595.627,-37.5376,1735.95,descent
287.219,595.39,-37.5053,1735.95,descent
287.23,595.159,-37.4766,1735.95,descent
287.24,594.977,-37.4535,1735.95,descent
287.251,594.734,-37.4326,1735.95,descent
287.261,594.512,-37.4173,1735.95,descent
287.283,593.855,-37.4132,1735.95,descent
287.293,593.616,-37.4147,1735.95,descent
287.315,592.994,-37.4365,1735.95,descent
287.325,592.793,-37.4477,1735.95,descent
287.336,592.547,-37.4613,1735.95,descent
287.346,592.239,-37.4788,1735.95,descent
287.356,592.063,-37.4967,1735.95,descent
287.366,591.78,-37.5166,1735.95,descent
287.387,591.171,-37.5658,1735.95,descent
287.397,590.975,-37.5886,1735.95,descent
287.407,590.786,-37.6093,1735.95,descent
287.417,590.588,-37.6275,1735.95,descent
287.449,589.481,-37.6974,1735.95,descent
287.471,588.824,-37.7379,1735.95,descent
287.481,588.585,-37.7543,1735.95,descent
287.491,588.321,-37.7683,1735.95,descent
287.501,588.029,-37.7795,1735.95,descent
287.511,587.664,-37.7898,1735.95,descent
287.522,587.254,-37.8004,1735.95,descent
287.532,586.911,-37.8085,1735.95,descent
287.543,586.491,-37.8166,1735.95,descent
287.553,586.121,-37.8225,1735.95,descent
287.564,585.68,-37.8278,1735.95,descent
287.575,585.232,-37.8313,1735.95,descent
287.585,584.877,-37.8314,1735.95,descent
287.596,584.622,-37.8259,1735.95,descent
287.606,584.404,-37.8145,1735.95,descent
287.616,584.232,-37.7976,1735.95,descent
287.627,584.016,-37.7776,1735.95,descent
287.638,583.79,-37.7519,1735.95,descent
287.648,583.627,-37.721,1735.95,descent
287.659,583.445,-37.684,1735.95,descent
287.669,583.252,-37.6475,1735.95,descent
287.69,582.621,-37.5757,1735.95,descent
287.7,582.338,-37.5406,1735.95,descent
287.711,582.09,-37.5062,1735.95,descent
287.721,581.878,-37.4749,1735.95,descent
287.732,581.708,-37.4432,1735.95,descent
287.742,581.486,-37.414,1735.95,descent
287.753,581.31,-37.3881,1735.95,descent
287.763,581.113,-37.3662,1735.95,descent
287.773,580.916,-37.3489,1735.95,descent
287.784,580.662,-37.3342,1735.95,descent
287.8,580.172,-37.3255,1735.95,descent
287.811,579.948,-37.3171,1735.95,descent
287.843,578.94,-37.3474,1735.95,descent
287.853,578.662,-37.3609,1735.95,descent
287.864,578.413,-37.3772,1735.95,descent
287.874,578.233,-37.3932,1735.95,descent
287.885,578.062,-37.4092,1735.95,descent
287.895,577.907,-37.4187,1735.95,descent
287.928,576.843,-37.4672,1735.95,descent
287.938,576.605,-37.4797,1735.95,descent
287.949,576.372,-37.4891,1735.95,descent
287.959,576.1,-37.4973,1735.95,descent
287.981,575.316,-37.5233,1735.95,descent
288.013,574.105,-37.554,1735.95,descent
288.023,573.688,-37.563,1735.95,descent
288.033,573.278,-37.5709,1735.95,descent
288.044,572.877,-37.577,1735.95,descent
288.055,572.596,-37.5778,1735.95,descent
288.065,572.386,-37.5726,1735.95,descent
288.075,572.224,-37.5623,1735.95,descent
288.086,572.039,-37.5451,1735.95,descent
288.096,571.881,-37.5284,1735.95,descent
288.107,571.682,-37.5052,1735.95,descent
288.117,571.526,-37.4792,1735.95,descent
288.128,571.328,-37.4476,1735.95,descent
288.139,571.077,-37.4163,1735.95,descent
288.15,570.828,-37.3838,1735.95,descent
288.161,570.603,-37.3564,1735.95,descent
288.172,570.422,-37.3262,1735.95,descent
288.182,570.224,-37.3003,1735.95,descent
288.192,570.072,-37.2754,1735.95,descent
288.202,569.868,-37.2541,1735.95,descent
288.212,569.676,-37.2354,1735.95,descent
288.223,569.519,-37.219,1735.95,descent
288.233,569.28,-37.2055,1735.95,descent
288.244,569.11,-37.1907,1735.95,descent
288.267,568.465,-37.1781,1735.95,descent
288.278,568.207,-37.1757,1735.95,descent
288.289,568.016,-37.1736,1735.95,descent
288.299,567.797,-37.172,1735.95,descent
288.31,567.549,-37.1693,1735.95,descent
288.331,567.06,-37.1655,1735.95,descent
288.341,566.89,-37.1616,1735.95,descent
288.351,566.74,-37.1546,1735.95,descent
288.362,566.608,-37.1427,1735.95,descent
288.372,566.496,-37.1241,1735.95,descent
288.382,566.292,-37.0994,1735.95,descent
288.393,566.045,-37.0717,1735.95,descent
288.403,565.798,-37.0428,1735.95,descent
288.414,565.509,-37.0107,1735.95,descent
288.424,565.186,-36.9781,1735.95,descent
288.435,564.831,-36.9463,1735.95,descent
288.445,564.515,-36.9137,1735.95,descent
288.466,563.779,-36.8421,1735.95,descent
288.477,563.416,-36.8074,1735.95,descent
288.487,563.047,-36.7765,1735.95,descent
288.499,562.76,-36.7408,1735.95,descent
288.509,562.559,-36.7053,1735.95,descent
288.52,562.413,-36.6615,1735.95,descent
288.53,562.304,-36.6196,1735.95,descent
288.54,562.155,-36.5713,1735.95,descent
288.552,561.952,-36.519,1735.95,descent
288.562,561.807,-36.4701,1735.95,descent
288.572,561.672,-36.4189,1735.95,descent
288.583,561.48,-36.3629,1735.95,descent
288.593,561.312,-36.3114,1735.95,descent
288.603,561.188,-36.2594,1735.95,descent
288.613,560.963,-36.2116,1735.95,descent
288.623,560.742,-36.1658,1735.95,descent
288.655,559.847,-36.0766,1735.95,descent
288.667,559.607,-36.0424,1735.95,descent
288.698,558.618,-36.0022,1735.95,descent
288.709,558.332,-35.9923,1735.95,descent
288.719,558.031,-35.9861,1735.95,descent
288.729,557.779,-35.9824,1735.95,descent
288.74,557.502,-35.9813,1735.95,descent
288.75,557.259,-35.981,1735.95,descent
288.76,557.001,-35.9814,1735.95,descent
288.77,556.709,-35.9837,1735.95,descent
288.783,556.408,-35.9867,1735.95,descent
288.794,556.222,-35.986,1735.95,descent
288.804,556.049,-35.9826,1735.95,descent
288.814,555.828,-35.9773,1735.95,descent
288.825,555.54,-35.9724,1735.95,descent
288.838,555.243,-35.964,1735.95,descent
288.848,555.037,-35.9542,1735.95,descent
288.859,554.812,-35.9427,1735.95,descent
288.869,554.549,-35.9297,1735.95,descent
288.879,554.276,-35.9165,1735.95,descent
288.89,553.941,-35.9043,1735.95,descent
288.9,553.54,-35.8966,1735.95,descent
288.921,552.75,-35.8897,1735.95,descent
288.953,551.557,-35.8866,1735.95,descent
288.964,551.153,-35.8854,1735.95,descent
288.975,550.849,-35.8805,1735.95,descent
288.985,550.618,-35.8726,1735.95,descent
288.996,550.412,-35.8592,1735.95,descent
289.006,550.218,-35.843,1735.95,descent
289.016,550.019,-35.8245,1735.95,descent
289.059,548.546,-35.7786,1735.95,descent
289.07,548.284,-35.7648,1735.95,descent
289.08,548.062,-35.7492,1735.95,descent
289.091,547.833,-35.7312,1735.95,descent
289.112,547.251,-35.7023,1735.95,descent
289.123,547.06,-35.6864,1735.95,descent
289.133,546.904,-35.6692,1735.95,descent
289.143,546.722,-35.6509,1735.95,descent
289.154,546.541,-35.6295,1735.95,descent
289.164,546.344,-35.6103,1735.95,descent
289.175,546.182,-35.5875,1735.95,descent
289.186,545.933,-35.5664,1735.95,descent
289.196,545.772,-35.5469,1735.95,descent
289.206,545.657,-35.5247,1735.95,descent
289.216,545.459,-35.5021,1735.95,descent
289.226,545.384,-35.4755,1735.95,descent
289.237,545.26,-35.4434,1735.95,descent
289.248,545.103,-35.4106,1735.95,descent
289.258,544.963,-35.3764,1735.95,descent
289.268,544.861,-35.3393,1735.95,descent
289.278,544.776,-35.2994,1735.95,descent
289.289,544.632,-35.253,1735.95,descent
289.3,544.458,-35.2073,1735.95,descent
289.31,544.202,-35.1624,1735.95,descent
289.32,543.867,-35.1181,1735.95,descent
289.341,543.252,-35.0248,1735.95,descent
289.352,542.944,-34.9778,1735.95,descent
289.362,542.618,-34.9306,1735.95,descent
289.373,542.321,-34.879,1735.95,descent
289.383,542.121,-34.8223,1735.95,descent
289.393,541.949,-34.7559,1735.95,descent
289.404,541.889,-34.6849,1735.95,descent
289.436,541.061,-34.471,1735.95,descent
289.447,540.884,-34.3914,1735.95,descent
289.457,540.708,-34.314,1735.95,descent
289.478,540.164,-34.184,1735.95,descent
289.499,539.738,-34.0647,1735.95,descent
289.509,539.689,-34.0044,1735.95,descent
289.522,539.586,-33.933,1735.95,descent
289.533,539.546,-33.8646,1735.95,descent
289.576,538.256,-33.7104,1735.95,descent
289.586,538.047,-33.6741,1735.95,descent
289.598,538.056,-33.6277,1735.95,descent
289.629,537.378,-33.4986,1735.95,descent
289.64,537.341,-33.447,1735.95,descent
289.65,537.264,-33.3913,1735.95,descent
289.661,537.156,-33.3324,1735.95,descent
289.671,536.942,-33.2723,1735.95,descent
289.682,536.555,-33.2126,1735.95,descent
289.693,536.19,-33.1568,1735.95,descent
289.703,535.904,-33.1052,1735.95,descent
289.713,535.599,-33.0576,1735.95,descent
289.734,534.939,-32.951,1735.95,descent
289.745,534.783,-32.8896,1735.95,descent
289.755,534.755,-32.8218,1735.95,descent
289.765,534.697,-32.751,1735.95,descent
289.775,534.596,-32.6745,1735.95,descent
289.786,534.457,-32.5974,1735.95,descent
289.796,534.286,-32.5172,1735.95,descent
289.807,534.092,-32.4385,1735.95,descent
289.817,533.962,-32.36,1735.95,descent
289.828,533.85,-32.2795,1735.95,descent
289.839,533.736,-32.1959,1735.95,descent
289.849,533.815,-32.1147,1735.95,descent
289.86,533.82,-32.0248,1735.95,descent
289.87,533.826,-31.9351,1735.95,descent
289.882,533.708,-31.8489,1735.95,descent
289.892,533.597,-31.7734,1735.95,descent
289.902,533.366,-31.7023,1735.95,descent
289.912,533.131,-31.6354,1735.95,descent
289.922,532.988,-31.5675,1735.95,descent
289.932,532.845,-31.5037,1735.95,descent
289.943,532.697,-31.4341,1735.95,descent
289.965,532.33,-31.2965,1735.95,descent
289.975,532.214,-31.2237,1735.95,descent
289.986,531.939,-31.1468,1735.95,descent
289.996,531.674,-31.0766,1735.95,descent
290.007,531.343,-31.01,1735.95,descent
290.017,530.974,-30.9491,1735.95,descent
290.027,530.674,-30.888,1735.95,descent
290.037,530.354,-30.8289,1735.95,descent
290.048,529.983,-30.767,1735.95,descent
290.059,529.759,-30.7088,1735.95,descent
290.113,528.292,-30.454,1735.95,descent
290.124,528.132,-30.4019,1735.95,descent
290.134,527.965,-30.3542,1735.95,descent
290.144,527.892,-30.3041,1735.95,descent
290.156,527.805,-30.2396,1735.95,descent
290.166,527.658,-30.1882,1735.95,descent
290.177,527.509,-30.1381,1735.95,descent
290.188,527.443,-30.0829,1735.95,descent
290.198,527.27,-30.0321,1735.95,descent
290.23,526.722,-29.9095,1735.95,descent
290.24,526.756,-29.863,1735.95,descent
290.25,526.685,-29.8141,1735.95,descent
290.26,526.721,-29.7586,1735.95,descent
290.271,526.586,-29.7041,1735.95,descent
290.292,526.048,-29.5938,1735.95,descent
290.302,525.774,-29.5429,1735.95,descent
290.312,525.422,-29.4941,1735.95,descent
290.323,525.042,-29.4418,1735.95,descent
290.333,524.775,-29.3911,1735.95,descent
290.344,524.647,-29.3369,1735.95,descent
290.355,524.586,-29.2771,1735.95,descent
290.365,524.438,-29.212,1735.95,descent
290.376,524.316,-29.1474,1735.95,descent
290.387,524.149,-29.0757,1735.95,descent
290.397,524.059,-29.007,1735.95,descent
290.408,523.725,-28.9379,1735.95,descent
290.418,523.62,-28.8697,1735.95,descent
290.428,523.415,-28.8092,1735.95,descent
290.438,523.302,-28.7523,1735.95,descent
290.449,523.194,-28.6926,1735.95,descent
290.47,522.689,-28.6014,1735.95,descent
290.48,522.389,-28.5621,1735.95,descent
290.491,522.146,-28.5281,1735.95,descent
290.501,522.086,-28.4915,1735.95,descent
290.512,521.987,-28.4524,1735.95,descent
290.533,521.537,-28.3705,1735.95,descent
290.544,521.233,-28.3277,1735.95,descent
290.554,520.919,-28.2871,1735.95,descent
290.565,520.61,-28.2471,1735.95,descent
290.575,520.202,-28.2105,1735.95,descent
290.586,519.784,-28.1716,1735.95,descent
290.596,519.569,-28.1302,1735.95,descent
290.606,519.51,-28.0876,1735.95,descent
290.628,518.97,-28.0019,1735.95,descent
290.638,518.781,-27.9603,1735.95,descent
290.649,518.607,-27.9109,1735.95,descent
290.659,518.372,-27.8654,1735.95,descent
290.67,518.135,-27.8213,1735.95,descent
290.68,518.002,-27.777,1735.95,descent
290.69,517.805,-27.7374,1735.95,descent
290.701,517.574,-27.6984,1735.95,descent
290.713,517.353,-27.6617,1735.95,descent
290.723,517.188,-27.631,1735.95,descent
290.755,516.562,-27.5357,1735.95,descent
290.766,516.449,-27.4986,1735.95,descent
290.776,516.395,-27.4581,1735.95,descent
290.787,516.139,-27.4101,1735.95,descent
290.797,515.822,-27.3657,1735.95,descent
290.808,515.372,-27.3223,1735.95,descent
290.818,514.935,-27.2832,1735.95,descent
290.829,514.525,-27.24,1735.95,descent
290.84,514.112,-27.1965,1735.95,descent
290.872,513.35,-27.0668,1735.95,descent
290.882,513.142,-27.0273,1735.95,descent
290.892,512.975,-26.9843,1735.95,descent
290.903,512.624,-26.945,1735.95,descent
290.913,512.345,-26.9152,1735.95,descent
290.947,511.576,-26.8644,1735.95,descent
290.957,511.273,-26.8559,1735.95,descent
290.978,510.607,-26.8564,1735.95,descent
290.988,510.427,-26.8565,1735.95,descent
290.999,510.321,-26.8493,1735.95,descent
291.01,510.196,-26.8367,1735.95,descent
291.02,510.046,-26.8191,1735.95,descent
291.031,509.72,-26.7995,1735.95,descent
291.042,509.245,-26.7821,1735.95,descent
291.052,508.782,-26.7684,1735.95,descent
291.062,508.307,-26.7558,1735.95,descent
291.072,509.135,-26.7006,1735.95,descent
291.083,508.719,-26.6467,1735.95,descent
291.094,508.451,-26.5865,1735.95,descent
291.104,508.219,-26.5273,1735.95,descent
291.115,507.927,-26.4709,1735.95,descent
291.125,507.687,-26.4176,1735.95,descent
291.135,507.458,-26.3702,1735.95,descent
291.145,507.172,-26.3266,1735.95,descent
291.156,506.853,-26.2865,1735.95,descent
291.166,506.619,-26.2498,1735.95,descent
291.177,506.449,-26.2167,1735.95,descent
291.187,506.282,-26.1862,1735.95,descent
291.197,506.022,-26.1626,1735.95,descent
291.207,505.668,-26.1457,1735.95,descent
291.217,505.353,-26.1344,1735.95,descent
291.227,505.178,-26.1235,1735.95,descent
291.25,504.688,-26.0902,1735.95,descent
291.261,504.366,-26.0754,1735.95,descent
291.271,503.965,-26.0626,1735.95,descent
291.282,503.565,-26.0505,1735.95,descent
291.293,503.131,-26.0402,1735.95,descent
291.304,502.703,-26.0291,1735.95,descent
291.314,502.364,-26.0141,1735.95,descent
291.324,502.221,-26.0012,1735.95,descent
291.345,501.724,-25.9941,1735.95,descent
291.377,500.915,-25.9798,1735.95,descent
291.387,500.635,-25.9764,1735.95,descent
291.397,500.551,-25.9696,1735.95,descent
291.408,500.406,-25.9635,1735.95,descent
291.429,499.978,-25.9638,1735.95,descent
291.439,499.699,-25.9682,1735.95,descent
291.46,499.301,-25.9832,1735.95,descent
291.47,499.193,-25.9856,1735.95,descent
291.48,499.122,-25.9826,1735.95,descent
291.491,498.966,-25.9761,1735.95,descent
291.501,498.667,-25.97,1735.95,descent
291.512,498.232,-25.9677,1735.95,descent
291.525,497.752,-25.9682,1735.95,descent
291.536,497.292,-25.9694,1735.95,descent
291.546,496.944,-25.9783,1735.95,descent
291.577,496.127,-25.9788,1735.95,descent
291.588,495.892,-25.9742,1735.95,descent
291.598,495.717,-25.9653,1735.95,descent
291.609,495.514,-25.9514,1735.95,descent
291.62,495.38,-25.9321,1735.95,descent
291.63,495.334,-25.9076,1735.95,descent
291.64,495.204,-25.8832,1735.95,descent
291.65,495.23,-25.8557,1735.95,descent
291.661,495.077,-25.8271,1735.95,descent
291.671,494.808,-25.807,1735.95,descent
291.682,494.607,-25.7862,1735.95,descent
291.695,494.461,-25.761,1735.95,descent
291.706,494.399,-25.7382,1735.95,descent
291.717,494.184,-25.7112,1735.95,descent
291.727,494.01,-25.6827,1735.95,descent
291.737,493.655,-25.6566,1735.95,descent
291.748,493.194,-25.6341,1735.95,descent
291.759,492.863,-25.6111,1735.95,descent
291.769,492.529,-25.5981,1735.95,descent
291.791,492.1,-25.5421,1735.95,descent
291.801,492.042,-25.5046,1735.95,descent
291.821,491.577,-25.4231,1735.95,descent
291.831,491.417,-25.3788,1735.95,descent
291.842,491.212,-25.3332,1735.95,descent
291.852,491.001,-25.2918,1735.95,descent
291.863,490.813,-25.2477,1735.95,descent
291.885,490.509,-25.1613,1735.95,descent
291.895,490.314,-25.1241,1735.95,descent
291.906,490.085,-25.0853,1735.95,descent
291.916,490.037,-25.0457,1735.95,descent
291.926,490.065,-24.9994,1735.95,descent
291.937,490.026,-24.9499,1735.95,descent
291.948,490.022,-24.8911,1735.95,descent
291.958,489.841,-24.8404,1735.95,descent
291.979,489.241,-24.7354,1735.95,descent
291.989,488.924,-24.6805,1735.95,descent
292,488.733,-24.6165,1735.95,descent
292.01,488.655,-24.5447,1735.95,descent
292.021,488.599,-24.464,1735.95,descent
292.031,488.502,-24.3796,1735.95,descent
292.041,488.301,-24.2948,1735.95,descent
292.053,488.068,-24.2017,1735.95,descent
292.063,487.97,-24.1162,1735.95,descent
292.073,487.798,-24.0364,1735.95,descent
292.083,487.727,-23.9609,1735.95,descent
292.094,487.626,-23.886,1735.95,descent
292.137,486.93,-23.6429,1735.95,descent
292.158,486.434,-23.5483,1735.95,descent
292.179,485.826,-23.4363,1735.95,descent
292.19,485.515,-23.3895,1735.95,descent
292.211,485.195,-23.2633,1735.95,descent
292.223,485.093,-23.1846,1735.95,descent
292.234,484.965,-23.1069,1735.95,descent
292.245,484.804,-23.0283,1735.95,descent
292.256,484.576,-22.9578,1735.95,descent
292.277,484.282,-22.8237,1735.95,descent
292.288,484.204,-22.7552,1735.95,descent
292.298,484.125,-22.6933,1735.95,descent
292.308,483.972,-22.6326,1735.95,descent
292.319,484.007,-22.5556,1735.95,descent
292.329,484.013,-22.4823,1735.95,descent
292.34,483.948,-22.3953,1735.95,descent
292.36,483.396,-22.2371,1735.95,descent
292.391,482.711,-21.9534,1735.95,descent
292.402,482.652,-21.8426,1735.95,descent
292.413,482.603,-21.7248,1735.95,descent
292.424,482.485,-21.6108,1735.95,descent
292.434,482.255,-21.5052,1735.95,descent
292.444,482.151,-21.3984,1735.95,descent
292.454,482.133,-21.2924,1735.95,descent
292.465,481.974,-21.183,1735.95,descent
292.476,481.821,-21.0758,1735.95,descent
292.486,481.801,-20.9703,1735.95,descent
292.497,481.713,-20.8645,1735.95,descent
292.508,481.755,-20.7365,1735.95,descent
292.529,481.417,-20.4914,1735.95,descent
292.54,481.172,-20.3592,1735.95,descent
292.55,480.809,-20.239,1735.95,descent
292.561,480.471,-20.1093,1735.95,descent
292.571,480.251,-19.9895,1735.95,descent
292.582,480.229,-19.8616,1735.95,descent
292.602,479.844,-19.608,1735.95,descent
292.612,479.781,-19.4899,1735.95,descent
292.633,479.402,-19.2549,1735.95,descent
292.644,479.357,-19.1414,1735.95,descent
292.654,479.305,-19.0371,1735.95,descent
292.664,479.104,-18.9392,1735.95,descent
292.674,478.904,-18.8463,1735.95,descent
292.684,478.979,-18.7473,1735.95,descent
292.694,478.981,-18.644,1735.95,descent
292.704,478.911,-18.5473,1735.95,descent
292.726,478.371,-18.3494,1735.95,descent
292.736,478.039,-18.258,1735.95,descent
292.746,477.735,-18.1699,1735.95,descent
292.757,477.586,-18.0774,1735.95,descent
292.767,477.533,-17.9864,1735.95,descent
292.798,477.016,-17.7289,1735.95,descent
292.811,476.828,-17.6211,1735.95,descent
292.822,476.654,-17.538,1735.95,descent
292.832,476.541,-17.4588,1735.95,descent
292.843,476.358,-17.3842,1735.95,descent
292.854,476.321,-17.3044,1735.95,descent
292.875,476.176,-17.128,1735.95,descent
292.885,475.832,-17.0451,1735.95,descent
292.896,475.507,-16.9625,1735.95,descent
292.906,475.234,-16.8804,1735.95,descent
292.917,474.989,-16.7864,1735.95,descent
292.927,474.869,-16.686,1735.95,descent
292.938,474.778,-16.5808,1735.95,descent
292.969,474.331,-16.2341,1735.95,descent
292.979,474.201,-16.1155,1735.95,descent
292.99,474.099,-15.9984,1735.95,descent
293,473.939,-15.8813,1735.95,descent
293.011,473.775,-15.762,1735.95,descent
293.021,473.788,-15.6578,1735.95,descent
293.042,473.552,-15.438,1735.95,descent
293.053,473.24,-15.3262,1735.95,descent
293.063,472.917,-15.2268,1735.95,descent
293.074,472.549,-15.1203,1735.95,descent
293.084,472.37,-15.0169,1735.95,descent
293.096,472.316,-14.8744,1735.95,descent
293.106,472.16,-14.7585,1735.95,descent
293.117,471.932,-14.635,1735.95,descent
293.127,471.711,-14.5232,1735.95,descent
293.138,471.573,-14.4011,1735.95,descent
293.15,471.462,-14.2683,1735.95,descent
293.16,471.467,-14.1518,1735.95,descent
293.171,471.284,-14.0384,1735.95,descent
293.181,471.236,-13.9238,1735.95,descent
293.191,471.239,-13.8073,1735.95,descent
293.202,471.053,-13.6915,1735.95,descent
293.212,470.649,-13.586,1735.95,descent
293.234,470.238,-13.4229,1735.95,descent
293.255,469.959,-13.2297,1735.95,descent
293.266,469.707,-13.1265,1735.95,descent
293.286,469.437,-12.915,1735.95,descent
293.296,469.228,-12.8124,1735.95,descent
293.306,469.119,-12.7102,1735.95,descent
293.317,468.842,-12.6045,1735.95,descent
293.328,468.757,-12.4993,1735.95,descent
293.349,468.48,-12.302,1735.95,descent
293.36,468.052,-12.2038,1735.95,descent
293.371,467.621,-12.1131,1735.95,descent
293.381,467.338,-12.0243,1735.95,descent
293.391,467.127,-11.9309,1735.95,descent
293.401,466.91,-11.8308,1735.95,descent
293.422,466.68,-11.6655,1735.95,descent
293.453,466.338,-11.3991,1735.95,descent
293.473,466.098,-11.2244,1735.95,descent
293.485,466.045,-11.1316,1735.95,descent
293.506,465.611,-10.9614,1735.95,descent
293.516,465.21,-10.8839,1735.95,descent
293.527,464.928,-10.7971,1735.95,descent
293.538,464.738,-10.7125,1735.95,descent
293.548,464.617,-10.6212,1735.95,descent
293.558,464.494,-10.5238,1735.95,descent
293.568,464.293,-10.424,1735.95,descent
293.599,463.846,-10.1041,1735.95,descent
293.62,463.596,-9.93079,1735.95,descent
293.631,463.559,-9.85149,1735.95,descent
293.641,463.01,-9.79957,1735.95,descent
293.663,462.357,-9.72703,1735.95,descent
293.674,462.093,-9.69721,1735.95,descent
293.685,461.922,-9.6595,1735.95,descent
293.695,461.958,-9.61803,1735.95,descent
293.705,461.902,-9.57153,1735.95,descent
293.716,461.725,-9.52313,1735.95,descent
293.727,461.502,-9.4783,1735.95,descent
293.738,461.227,-9.4392,1735.95,descent
293.749,460.974,-9.40247,1735.95,descent
293.76,460.592,-9.37049,1735.95,descent
293.77,460.362,-9.33843,1735.95,descent
293.782,460.143,-9.29121,1735.95,descent
293.802,459.498,-9.21083,1735.95,descent
293.812,458.999,-9.19316,1735.95,descent
293.844,458.575,-9.16654,1735.95,descent
293.854,458.382,-9.1574,1735.95,descent
293.865,457.917,-9.16669,1735.95,descent
293.875,457.391,-9.19403,1735.95,descent
293.886,457.067,-9.2288,1735.95,descent
293.896,456.701,-9.2726,1735.95,descent
293.917,456.267,-9.3705,1735.95,descent
293.927,455.891,-9.42607,1735.95,descent
293.938,455.516,-9.49377,1735.95,descent
293.949,455.293,-9.5642,1735.95,descent
293.96,454.89,-9.64466,1735.95,descent
293.98,454.477,-9.81039,1735.95,descent
293.991,454.392,-9.89336,1735.95,descent
294.001,454.195,-9.97813,1735.95,descent
294.012,454.044,-10.0671,1735.95,descent
294.044,453.715,-10.3654,1735.95,descent
294.054,453.723,-10.4689,1735.95,descent
294.065,453.679,-10.5844,1735.95,descent
294.076,453.642,-10.6983,1735.95,descent
294.086,453.577,-10.809,1735.95,descent
294.096,453.334,-10.9292,1735.95,descent
294.106,452.965,-11.0747,1735.95,descent
294.133,452.058,-11.5196,1735.95,descent
294.144,451.381,-11.7137,1735.95,descent
294.155,450.737,-11.9139,1735.95,descent
294.165,450.122,-12.1112,1735.95,descent
294.176,449.513,-12.3526,1735.95,descent
294.186,448.918,-12.5669,1735.95,descent
294.197,448.365,-12.7886,1735.95,descent
294.217,447.53,-13.2425,1735.95,descent
294.228,446.971,-13.4814,1735.95,descent
294.238,446.444,-13.7232,1735.95,descent
294.249,445.992,-13.9595,1735.95,descent
294.259,445.571,-14.1924,1735.95,descent
294.269,445.206,-14.415,1735.95,descent
294.28,444.748,-14.6526,1735.95,descent
294.291,444.258,-14.8871,1735.95,descent
294.301,443.718,-15.0976,1735.95,descent
294.311,443.212,-15.3061,1735.95,descent
294.322,442.761,-15.5248,1735.95,descent
294.332,442.403,-15.7182,1735.95,descent
294.343,442.021,-15.9091,1735.95,descent
294.353,441.669,-16.0911,1735.95,descent
294.364,441.443,-16.285,1735.95,descent
294.375,441.278,-16.4658,1735.95,descent
294.386,441.054,-16.6466,1735.95,descent
294.406,440.62,-16.9809,1735.95,descent
294.416,440.286,-17.1409,1735.95,descent
294.427,439.923,-17.3183,1735.95,descent
294.438,439.624,-17.4865,1735.95,descent
294.448,439.289,-17.6478,1735.95,descent
294.459,439.002,-17.8077,1735.95,descent
294.469,438.687,-17.9716,1735.95,descent
294.48,438.428,-18.1314,1735.95,descent
294.49,438.137,-18.2901,1735.95,descent
294.501,437.791,-18.442,1735.95,descent
294.511,437.467,-18.5981,1735.95,descent
294.522,437.018,-18.7657,1735.95,descent
294.532,436.704,-18.9204,1735.95,descent
294.542,436.365,-19.0747,1735.95,descent
294.552,436.07,-19.2293,1735.95,descent
294.563,435.818,-19.3961,1735.95,descent
294.573,435.607,-19.545,1735.95,descent
294.584,435.37,-19.7016,1735.95,descent
294.595,435.142,-19.8581,1735.95,descent
294.616,434.665,-20.1671,1735.95,descent
294.658,433.4,-20.7413,1735.95,descent
294.668,432.925,-20.8806,1735.95,descent
294.69,431.914,-21.1888,1735.95,descent
294.7,431.253,-21.3407,1735.95,descent
294.71,430.52,-21.5066,1735.95,descent
294.721,429.779,-21.6754,1735.95,descent
294.731,429.023,-21.8589,1735.95,descent
294.742,428.297,-22.0507,1735.95,descent
294.768,427.203,-22.4834,1735.95,descent
294.779,426.529,-22.6661,1735.95,descent
294.789,425.889,-22.8365,1735.95,descent
294.811,424.96,-23.2053,1735.95,descent
294.821,424.353,-23.3871,1735.95,descent
294.832,423.745,-23.5838,1735.95,descent
294.843,423.125,-23.7937,1735.95,descent
294.853,422.479,-24.0028,1735.95,descent
294.863,421.965,-24.2152,1735.95,descent
294.874,421.374,-24.4366,1735.95,descent
294.885,420.788,-24.6704,1735.95,descent
294.895,420.227,-24.8914,1735.95,descent
294.905,419.676,-25.1247,1735.95,descent
294.926,418.801,-25.6127,1735.95,descent
294.968,417.309,-26.5175,1735.95,descent
294.979,416.795,-26.7551,1735.95,descent
294.99,416.296,-27.0049,1735.95,descent
295.022,415.099,-27.8593,1735.95,descent
295.032,414.6,-28.1402,1735.95,descent
295.043,414.119,-28.406,1735.95,descent
295.053,413.653,-28.6732,1735.95,descent
295.074,412.788,-29.2484,1735.95,descent
295.085,412.321,-29.5213,1735.95,descent
295.095,411.853,-29.7903,1735.95,descent
295.117,410.993,-30.3919,1735.95,descent
295.128,410.517,-30.6949,1735.95,descent
295.138,410.079,-30.9696,1735.95,descent
295.148,409.68,-31.2325,1735.95,descent
295.16,409.206,-31.506,1735.95,descent
295.17,408.791,-31.732,1735.95,descent
295.201,407.71,-32.2698,1735.95,descent
295.212,407.172,-32.446,1735.95,descent
295.233,406.324,-32.745,1735.95,descent
295.244,405.86,-32.8939,1735.95,descent
295.254,405.416,-33.0295,1735.95,descent
295.264,404.97,-33.1655,1735.95,descent
295.275,404.494,-33.3137,1735.95,descent
295.286,404.099,-33.455,1735.95,descent
295.296,403.742,-33.5858,1735.95,descent
295.306,403.433,-33.7058,1735.95,descent
295.317,403.066,-33.8198,1735.95,descent
295.328,402.743,-33.9291,1735.95,descent
295.338,402.484,-34.0148,1735.95,descent
295.349,402.185,-34.0896,1735.95,descent
295.359,401.801,-34.1464,1735.95,descent
295.37,401.461,-34.1884,1735.95,descent
295.381,401.172,-34.2257,1735.95,descent
295.391,400.859,-34.2616,1735.95,descent
295.402,400.533,-34.2964,1735.95,descent
295.412,400.244,-34.3304,1735.95,descent
295.422,399.952,-34.3609,1735.95,descent
295.432,399.673,-34.3901,1735.95,descent
295.444,399.326,-34.4216,1735.95,descent
295.464,398.698,-34.4757,1735.95,descent
295.474,397.227,-34.5417,1735.95,descent
295.485,396.946,-34.6078,1735.95,descent
295.496,396.661,-34.6648,1735.95,descent
295.506,396.397,-34.7107,1735.95,descent
295.516,396.13,-34.7471,1735.95,descent
295.526,395.888,-34.7726,1735.95,descent
295.537,395.653,-34.7897,1735.95,descent
295.558,395.096,-34.7842,1735.95,descent
295.568,394.903,-34.7679,1735.95,descent
295.578,394.723,-34.7399,1735.95,descent
295.588,394.552,-34.6972,1735.95,descent
295.609,394.018,-34.5714,1735.95,descent
295.619,393.869,-34.5018,1735.95,descent
295.629,393.716,-34.4304,1735.95,descent
295.64,393.54,-34.3632,1735.95,descent
295.65,393.398,-34.3108,1735.95,descent
295.66,393.257,-34.2661,1735.95,descent
295.693,392.349,-34.1828,1735.95,descent
295.703,392.343,-34.1513,1735.95,descent
295.713,392.192,-34.1134,1735.95,descent
295.724,391.977,-34.067,1735.95,descent
295.734,391.829,-34.0237,1735.95,descent
295.744,391.674,-33.974,1735.95,descent
295.754,391.531,-33.9182,1735.95,descent
295.764,391.368,-33.856,1735.95,descent
295.775,391.176,-33.7888,1735.95,descent
295.786,391.02,-33.718,1735.95,descent
295.796,390.879,-33.6417,1735.95,descent
295.806,390.737,-33.5674,1735.95,descent
295.839,389.935,-33.3133,1735.95,descent
295.849,389.796,-33.219,1735.95,descent
295.881,389.047,-32.9914,1735.95,descent
295.892,388.923,-32.9125,1735.95,descent
295.903,388.824,-32.8378,1735.95,descent
295.935,388.066,-32.6269,1735.95,descent
295.945,387.988,-32.5654,1735.95,descent
295.967,387.577,-32.4371,1735.95,descent
295.977,387.518,-32.37,1735.95,descent
295.988,387.42,-32.2902,1735.95,descent
295.998,387.352,-32.2108,1735.95,descent
296.008,387.279,-32.128,1735.95,descent
296.028,386.924,-31.9455,1735.95,descent
296.039,386.865,-31.8436,1735.95,descent
296.05,386.807,-31.7314,1735.95,descent
296.06,386.774,-31.6216,1735.95,descent
296.07,386.729,-31.5034,1735.95,descent
296.08,386.698,-31.3843,1735.95,descent
296.091,386.66,-31.2589,1735.95,descent
296.102,386.554,-31.129,1735.95,descent
296.112,386.526,-31.0043,1735.95,descent
296.122,386.488,-30.8766,1735.95,descent
296.133,386.431,-30.7417,1735.95,descent
296.144,386.382,-30.608,1735.95,descent
296.155,386.312,-30.4773,1735.95,descent
296.165,386.264,-30.3488,1735.95,descent
296.176,386.198,-30.2172,1735.95,descent
296.187,386.164,-30.0969,1735.95,descent
296.197,386.135,-29.9725,1735.95,descent
296.207,386.088,-29.8467,1735.95,descent
296.217,386.042,-29.723,1735.95,descent
296.238,385.735,-29.4957,1735.95,descent
296.248,385.697,-29.3818,1735.95,descent
296.259,385.645,-29.2594,1735.95,descent
296.269,385.591,-29.1395,1735.95,descent
296.279,385.569,-29.0269,1735.95,descent
296.301,385.243,-28.8067,1735.95,descent
296.311,385.212,-28.7022,1735.95,descent
296.322,385.191,-28.5991,1735.95,descent
296.332,385.17,-28.4953,1735.95,descent
296.342,385.136,-28.3884,1735.95,descent
296.353,385.093,-28.2779,1735.95,descent
296.364,385.062,-28.168,1735.95,descent
296.374,385.04,-28.0669,1735.95,descent
296.384,385.017,-27.9624,1735.95,descent
296.404,384.749,-27.7571,1735.95,descent
296.414,384.736,-27.6518,1735.95,descent
296.424,384.722,-27.5451,1735.95,descent
296.435,384.709,-27.437,1735.95,descent
296.446,384.674,-27.3176,1735.95,descent
296.456,384.664,-27.2073,1735.95,descent
296.467,384.63,-27.0867,1735.95,descent
296.477,384.618,-26.9741,1735.95,descent
296.509,384.084,-26.6516,1735.95,descent
296.52,384.083,-26.547,1735.95,descent
296.53,384.058,-26.4368,1735.95,descent
296.541,384.071,-26.3444,1735.95,descent
296.561,383.825,-26.197,1735.95,descent
296.582,383.585,-26.054,1735.95,descent
296.593,383.598,-25.9757,1735.95,descent
296.603,383.608,-25.8952,1735.95,descent
296.624,383.381,-25.7356,1735.95,descent
296.634,383.409,-25.655,1735.95,descent
296.645,383.432,-25.5691,1735.95,descent
296.656,383.446,-25.4797,1735.95,descent
296.677,383.196,-25.3113,1735.95,descent
296.688,383.199,-25.2308,1735.95,descent
296.71,382.967,-25.0925,1735.95,descent
296.72,383.004,-25.0311,1735.95,descent
296.741,382.774,-24.9224,1735.95,descent
296.751,382.805,-24.8703,1735.95,descent
296.761,382.844,-24.818,1735.95,descent
296.775,382.802,-24.7525,1735.95,descent
296.785,382.828,-24.7066,1735.95,descent
296.816,382.368,-24.6172,1735.95,descent
296.826,382.406,-24.5867,1735.95,descent
296.836,382.44,-24.5548,1735.95,descent
296.846,382.459,-24.5214,1735.95,descent
296.857,382.475,-24.4863,1735.95,descent
296.867,382.505,-24.4507,1735.95,descent
296.878,382.525,-24.4137,1735.95,descent
296.889,382.538,-24.3728,1735.95,descent
296.899,382.57,-24.3325,1735.95,descent
296.931,382.091,-24.2373,1735.95,descent
296.942,382.106,-24.2021,1735.95,descent
296.952,382.136,-24.166,1735.95,descent
296.963,382.169,-24.1273,1735.95,descent
296.973,382.204,-24.0868,1735.95,descent
296.983,382.242,-24.0448,1735.95,descent
296.994,382.262,-23.9973,1735.95,descent
297.004,382.299,-23.9516,1735.95,descent
297.015,382.329,-23.9061,1735.95,descent
297.025,382.348,-23.8577,1735.95,descent
297.046,382.137,-23.7787,1735.95,descent
297.056,382.16,-23.7379,1735.95,descent
297.067,382.174,-23.699,1735.95,descent
297.099,381.691,-23.6521,1735.95,descent
297.121,381.46,-23.6222,1735.95,descent
297.131,381.495,-23.6042,1735.95,descent
297.141,381.529,-23.582,1735.95,descent
297.173,381.058,-23.5224,1735.95,descent
297.184,381.089,-23.4973,1735.95,descent
297.195,381.12,-23.4674,1735.95,descent
297.206,381.161,-23.4342,1735.95,descent
297.216,381.208,-23.398,1735.95,descent
297.227,381.258,-23.3579,1735.95,descent
297.237,381.293,-23.3129,1735.95,descent
297.248,381.332,-23.2665,1735.95,descent
297.258,381.378,-23.2194,1735.95,descent
297.268,381.42,-23.1703,1735.95,descent
297.279,381.455,-23.12,1735.95,descent
297.289,381.496,-23.0691,1735.95,descent
297.299,381.531,-23.0189,1735.95,descent
297.31,381.56,-22.9672,1735.95,descent
297.32,381.591,-22.9157,1735.95,descent
297.352,381.171,-22.8062,1735.95,descent
297.362,381.218,-22.7698,1735.95,descent
297.373,381.249,-22.729,1735.95,descent
297.383,381.3,-22.6905,1735.95,descent
297.393,381.347,-22.6508,1735.95,descent
297.41,381.25,-22.5906,1735.95,descent
297.42,381.302,-22.5531,1735.95,descent
297.43,381.344,-22.5138,1735.95,descent
297.451,381.162,-22.4454,1735.95,descent
297.461,381.199,-22.4094,1735.95,descent
297.492,380.803,-22.3382,1735.95,descent
297.502,380.845,-22.3152,1735.95,descent
297.513,380.872,-22.2883,1735.95,descent
297.524,380.894,-22.2593,1735.95,descent
297.535,380.917,-22.2291,1735.95,descent
297.545,380.948,-22.1996,1735.95,descent
297.555,380.979,-22.1684,1735.95,descent
297.565,381.007,-22.1361,1735.95,descent
297.576,381.022,-22.1018,1735.95,descent
297.587,381.025,-22.0653,1735.95,descent
297.597,381.045,-22.0305,1735.95,descent
297.617,380.84,-21.9702,1735.95,descent
297.628,380.854,-21.9389,1735.95,descent
297.641,380.811,-21.8996,1735.95,descent
297.651,380.808,-21.8717,1735.95,descent
297.661,380.813,-21.8428,1735.95,descent
297.671,380.817,-21.8123,1735.95,descent
297.682,380.812,-21.7791,1735.95,descent
297.692,380.809,-21.7442,1735.95,descent
297.702,380.802,-21.7066,1735.95,descent
297.745,380.137,-21.5875,1735.95,descent
297.758,380.091,-21.547,1735.95,descent
297.779,379.833,-21.482,1735.95,descent
297.789,379.87,-21.4453,1735.95,descent
297.8,379.879,-21.3999,1735.95,descent
297.812,379.85,-21.3444,1735.95,descent
297.822,379.85,-21.3029,1735.95,descent
297.843,379.644,-21.221,1735.95,descent
297.854,379.635,-21.1747,1735.95,descent
297.864,379.633,-21.1267,1735.95,descent
297.874,379.64,-21.078,1735.95,descent
297.885,379.641,-21.026,1735.95,descent
297.905,379.455,-20.927,1735.95,descent
297.915,379.466,-20.8744,1735.95,descent
297.926,379.469,-20.814,1735.95,descent
297.937,379.467,-20.7504,1735.95,descent
297.947,379.484,-20.6895,1735.95,descent
297.979,379.082,-20.5154,1735.95,descent
297.99,379.093,-20.4544,1735.95,descent
298.001,379.102,-20.3918,1735.95,descent
298.012,379.114,-20.3296,1735.95,descent
298.022,379.132,-20.2685,1735.95,descent
298.032,379.149,-20.2052,1735.95,descent
298.043,379.156,-20.1393,1735.95,descent
298.054,379.171,-20.0747,1735.95,descent
298.064,379.183,-20.0108,1735.95,descent
298.074,379.196,-19.9474,1735.95,descent
298.084,379.207,-19.8835,1735.95,descent
298.1,379.126,-19.7945,1735.95,descent
298.111,379.121,-19.7311,1735.95,descent
298.132,378.931,-19.6242,1735.95,descent
298.143,378.927,-19.5696,1735.95,descent
298.165,378.713,-19.4782,1735.95,descent
298.175,378.72,-19.4369,1735.95,descent
298.185,378.726,-19.3971,1735.95,descent
298.195,378.735,-19.359,1735.95,descent
298.206,378.732,-19.3215,1735.95,descent
298.216,378.727,-19.2851,1735.95,descent
298.227,378.725,-19.2498,1735.95,descent
298.237,378.723,-19.2151,1735.95,descent
298.248,378.709,-19.18,1735.95,descent
298.258,378.712,-19.1485,1735.95,descent
298.269,378.702,-19.1188,1735.95,descent
298.29,378.52,-19.072,1735.95,descent
298.301,378.511,-19.0448,1735.95,descent
298.311,378.509,-19.0219,1735.95,descent
298.332,378.323,-18.9787,1735.95,descent
298.342,378.336,-18.9543,1735.95,descent
298.352,378.342,-18.927,1735.95,descent
298.363,378.34,-18.8964,1735.95,descent
298.373,378.342,-18.8641,1735.95,descent
298.383,378.346,-18.8307,1735.95,descent
298.394,378.334,-18.7928,1735.95,descent
298.404,378.336,-18.7566,1735.95,descent
298.414,378.333,-18.7176,1735.95,descent
298.425,378.331,-18.6781,1735.95,descent
298.435,378.334,-18.6383,1735.95,descent
298.446,378.335,-18.5977,1735.95,descent
298.456,378.343,-18.5584,1735.95,descent
298.466,378.331,-18.5166,1735.95,descent
298.509,377.755,-18.4424,1735.95,descent
298.519,377.749,-18.4246,1735.95,descent
298.529,377.745,-18.4074,1735.95,descent
298.54,377.738,-18.3902,1735.95,descent
298.551,377.724,-18.3728,1735.95,descent
298.562,377.714,-18.3564,1735.95,descent
298.573,377.7,-18.3409,1735.95,descent
298.583,377.698,-18.3271,1735.95,descent
298.593,377.7,-18.314,1735.95,descent
298.603,377.692,-18.3013,1735.95,descent
298.613,377.687,-18.2891,1735.95,descent
298.624,377.656,-18.2797,1735.95,descent
298.644,377.451,-18.2832,1735.95,descent
298.666,377.231,-18.3109,1735.95,descent
298.687,377.012,-18.3566,1735.95,descent
298.698,376.981,-18.3823,1735.95,descent
298.708,376.968,-18.4087,1735.95,descent
298.719,376.946,-18.4379,1735.95,descent
298.729,376.927,-18.4697,1735.95,descent
298.781,376.097,-18.8234,1735.95,descent
298.791,376.081,-18.8948,1735.95,descent
298.802,376.059,-18.9741,1735.95,descent
298.813,376.024,-19.0574,1735.95,descent
298.846,375.55,-19.3591,1735.95,descent
298.857,375.523,-19.463,1735.95,descent
298.867,375.505,-19.5574,1735.95,descent
298.878,375.47,-19.6576,1735.95,descent
298.898,375.218,-19.8598,1735.95,descent
298.908,375.2,-19.9561,1735.95,descent
298.919,375.177,-20.0517,1735.95,descent
298.929,375.148,-20.1468,1735.95,descent
298.939,375.115,-20.2432,1735.95,descent
298.95,375.062,-20.3448,1735.95,descent
298.981,374.554,-20.6731,1735.95,descent
298.991,374.522,-20.7788,1735.95,descent
299.001,374.489,-20.8863,1735.95,descent
299.012,374.454,-20.994,1735.95,descent
299.022,374.403,-21.1082,1735.95,descent
299.033,374.364,-21.2173,1735.95,descent
299.043,374.317,-21.3285,1735.95,descent
299.054,374.259,-21.4452,1735.95,descent
299.064,374.218,-21.5514,1735.95,descent
299.075,374.154,-21.6682,1735.95,descent
299.085,374.11,-21.7732,1735.95,descent
299.098,373.992,-21.9112,1735.95,descent
299.108,373.944,-22.0168,1735.95,descent
299.119,373.877,-22.1304,1735.95,descent
299.13,373.818,-22.2386,1735.95,descent
299.14,373.759,-22.3456,1735.95,descent
299.152,373.662,-22.4666,1735.95,descent
299.162,373.606,-22.5687,1735.95,descent
299.172,373.549,-22.6694,1735.95,descent
299.193,373.237,-22.8831,1735.95,descent
299.203,373.188,-22.9864,1735.95,descent
299.214,373.121,-23.095,1735.95,descent
299.235,372.795,-23.3089,1735.95,descent
299.246,372.724,-23.4186,1735.95,descent
299.256,372.672,-23.5168,1735.95,descent
299.267,372.597,-23.6213,1735.95,descent
299.277,372.541,-23.7146,1735.95,descent
299.288,372.471,-23.811,1735.95,descent
299.298,372.416,-23.9001,1735.95,descent
299.308,372.359,-23.988,1735.95,descent
299.318,372.294,-24.0774,1735.95,descent
299.329,372.234,-24.1629,1735.95,descent
299.339,372.173,-24.247,1735.95,descent
299.349,372.115,-24.3287,1735.95,descent
299.36,372.029,-24.4168,1735.95,descent
299.37,371.966,-24.4959,1735.95,descent
299.39,371.639,-24.6623,1735.95,descent
299.4,371.578,-24.7434,1735.95,descent
299.411,371.492,-24.83,1735.95,descent
299.447,370.747,-25.1454,1735.95,descent
299.457,370.701,-25.2299,1735.95,descent
299.468,370.624,-25.3202,1735.95,descent
299.48,370.538,-25.4108,1735.95,descent
299.49,370.489,-25.4878,1735.95,descent
299.5,370.441,-25.5622,1735.95,descent
299.51,370.39,-25.6333,1735.95,descent
299.52,370.336,-25.7022,1735.95,descent
299.552,369.686,-25.9427,1735.95,descent
299.562,369.642,-26.0144,1735.95,descent
299.573,369.582,-26.0868,1735.95,descent
299.583,369.528,-26.1543,1735.95,descent
299.593,369.481,-26.218,1735.95,descent
299.604,369.412,-26.2843,1735.95,descent
299.625,369.066,-26.415,1735.95,descent
299.636,369.026,-26.4733,1735.95,descent
299.646,368.985,-26.528,1735.95,descent
299.656,368.943,-26.5784,1735.95,descent
299.666,368.897,-26.6246,1735.95,descent
299.677,368.832,-26.6707,1735.95,descent
299.687,368.777,-26.7111,1735.95,descent
299.698,368.722,-26.7504,1735.95,descent
299.719,368.385,-26.8308,1735.95,descent
299.729,368.347,-26.8655,1735.95,descent
299.74,368.285,-26.8998,1735.95,descent
299.75,368.252,-26.9276,1735.95,descent
299.761,368.191,-26.9541,1735.95,descent
299.771,368.145,-26.9753,1735.95,descent
299.782,368.091,-26.9928,1735.95,descent
299.792,368.059,-27.0052,1735.95,descent
299.803,368,-27.0148,1735.95,descent
299.813,367.964,-27.0199,1735.95,descent
299.845,367.35,-27.0502,1735.95,descent
299.855,367.323,-27.0557,1735.95,descent
299.866,367.275,-27.0576,1735.95,descent
299.877,367.238,-27.0556,1735.95,descent
299.887,367.218,-27.0499,1735.95,descent
299.897,367.184,-27.0404,1735.95,descent
299.907,367.157,-27.0278,1735.95,descent
299.918,367.131,-27.0156,1735.95,descent
299.929,367.086,-26.9993,1735.95,descent
299.939,367.049,-26.9804,1735.95,descent
299.949,367.023,-26.9592,1735.95,descent
299.959,367,-26.9352,1735.95,descent
299.97,366.971,-26.9079,1735.95,descent
299.98,366.949,-26.8776,1735.95,descent
299.99,366.925,-26.8447,1735.95,descent
300,366.899,-26.8081,1735.95,descent
300.01,366.881,-26.7694,1735.95,descent
300.02,366.86,-26.728,1735.95,descent
300.03,366.838,-26.684,1735.95,descent
300.04,366.811,-26.6382,1735.95,descent
300.05,366.776,-26.5889,1735.95,descent
300.061,366.732,-26.5353,1735.95,descent
300.071,366.713,-26.4889,1735.95,descent
300.082,366.666,-26.4371,1735.95,descent
300.093,366.635,-26.3907,1735.95,descent
300.103,366.589,-26.341,1735.95,descent
300.113,366.566,-26.2933,1735.95,descent
300.124,366.517,-26.2396,1735.95,descent
300.135,366.488,-26.1875,1735.95,descent
300.145,366.453,-26.1313,1735.95,descent
300.156,366.436,-26.077,1735.95,descent
300.166,366.417,-26.0211,1735.95,descent
300.176,366.383,-25.9656,1735.95,descent
300.207,365.836,-25.8753,1735.95,descent
300.23,365.525,-25.8086,1735.95,descent
300.24,365.522,-25.7736,1735.95,descent
300.25,365.517,-25.7332,1735.95,descent
300.26,365.506,-25.6884,1735.95,descent
300.27,365.497,-25.6395,1735.95,descent
300.281,365.48,-25.584,1735.95,descent
300.291,365.475,-25.5275,1735.95,descent
300.302,365.461,-25.4661,1735.95,descent
300.312,365.46,-25.4035,1735.95,descent
300.322,365.453,-25.338,1735.95,descent
300.332,365.446,-25.2759,1735.95,descent
300.353,365.184,-25.1499,1735.95,descent
300.363,365.183,-25.0856,1735.95,descent
300.374,365.163,-25.012,1735.95,descent
300.385,365.15,-24.9368,1735.95,descent
300.395,365.144,-24.8599,1735.95,descent
300.405,365.145,-24.7831,1735.95,descent
300.417,365.125,-24.6957,1735.95,descent
300.427,365.122,-24.6107,1735.95,descent
300.437,365.12,-24.5232,1735.95,descent
300.448,365.119,-24.4324,1735.95,descent
300.459,365.104,-24.3345,1735.95,descent
300.47,365.085,-24.2345,1735.95,descent
300.481,365.071,-24.133,1735.95,descent
300.491,365.066,-24.033,1735.95,descent
300.523,364.616,-23.7575,1735.95,descent
300.533,364.625,-23.6607,1735.95,descent
300.564,364.202,-23.3996,1735.95,descent
300.577,364.179,-23.2883,1735.95,descent
300.587,364.205,-23.1943,1735.95,descent
300.597,364.239,-23.1007,1735.95,descent
300.607,364.273,-23.0041,1735.95,descent
300.618,364.289,-22.8952,1735.95,descent
300.629,364.299,-22.7842,1735.95,descent
300.64,364.318,-22.6854,1735.95,descent
300.65,364.336,-22.5909,1735.95,descent
300.692,363.728,-22.2755,1735.95,descent
300.703,363.764,-22.1915,1735.95,descent
300.713,363.798,-22.1058,1735.95,descent
300.723,363.837,-22.0173,1735.95,descent
300.733,363.876,-21.9266,1735.95,descent
300.744,363.89,-21.8246,1735.95,descent
300.755,363.918,-21.7214,1735.95,descent
300.765,363.957,-21.6231,1735.95,descent
300.775,363.995,-21.522,1735.95,descent
300.785,364.026,-21.4196,1735.95,descent
300.795,364.063,-21.3226,1735.95,descent
300.817,363.893,-21.1252,1735.95,descent
300.827,363.929,-21.0289,1735.95,descent
300.837,363.965,-20.9312,1735.95,descent
300.847,363.999,-20.8305,1735.95,descent
300.858,364.017,-20.7186,1735.95,descent
300.869,364.037,-20.6063,1735.95,descent
300.879,364.059,-20.4936,1735.95,descent
300.89,364.077,-20.3886,1735.95,descent
300.911,363.919,-20.1924,1735.95,descent
300.922,363.939,-20.0883,1735.95,descent
300.932,363.959,-19.9838,1735.95,descent
300.943,363.981,-19.8803,1735.95,descent
300.953,364.005,-19.783,1735.95,descent
300.984,363.67,-19.5137,1735.95,descent
300.995,363.699,-19.4187,1735.95,descent
301.005,363.726,-19.3203,1735.95,descent
301.015,363.758,-19.2215,1735.95,descent
301.027,363.762,-19.1202,1735.95,descent
301.048,363.606,-18.9341,1735.95,descent
301.059,363.623,-18.833,1735.95,descent
301.069,363.662,-18.7368,1735.95,descent
301.091,363.518,-18.5284,1735.95,descent
301.101,363.554,-18.4224,1735.95,descent
301.111,363.595,-18.3173,1735.95,descent
301.122,363.614,-18.1984,1735.95,descent
301.132,363.642,-18.0858,1735.95,descent
301.143,363.67,-17.9723,1735.95,descent
301.174,363.385,-17.6319,1735.95,descent
301.184,363.426,-17.5179,1735.95,descent
301.195,363.469,-17.403,1735.95,descent
301.205,363.512,-17.2851,1735.95,descent
301.215,363.557,-17.1688,1735.95,descent
301.225,363.597,-17.0508,1735.95,descent
301.235,363.627,-16.9303,1735.95,descent
301.245,363.654,-16.8104,1735.95,descent
301.255,363.678,-16.6963,1735.95,descent
301.276,363.555,-16.4733,1735.95,descent
301.287,363.579,-16.3611,1735.95,descent
301.297,363.609,-16.2508,1735.95,descent
301.307,363.641,-16.1392,1735.95,descent
301.318,363.659,-16.0211,1735.95,descent
301.339,363.542,-15.8072,1735.95,descent
301.349,363.564,-15.7026,1735.95,descent
301.36,363.578,-15.5956,1735.95,descent
301.371,363.582,-15.4942,1735.95,descent
301.402,363.32,-15.2296,1735.95,descent
301.412,363.34,-15.1432,1735.95,descent
301.423,363.35,-15.0592,1735.95,descent
301.443,363.221,-14.9433,1735.95,descent
301.475,362.946,-14.7965,1735.95,descent
301.485,362.956,-14.7455,1735.95,descent
301.505,362.83,-14.641,1735.95,descent
301.515,362.844,-14.5858,1735.95,descent
301.525,362.86,-14.5269,1735.95,descent
301.535,362.877,-14.4616,1735.95,descent
301.547,362.86,-14.3782,1735.95,descent
301.557,362.868,-14.3042,1735.95,descent
301.568,362.877,-14.2276,1735.95,descent
301.579,362.877,-14.1424,1735.95,descent
301.589,362.882,-14.0586,1735.95,descent
301.599,362.881,-13.976,1735.95,descent
301.61,362.883,-13.8944,1735.95,descent
301.62,362.887,-13.8139,1735.95,descent
301.63,362.892,-13.7347,1735.95,descent
301.641,362.888,-13.6523,1735.95,descent
301.651,362.888,-13.5731,1735.95,descent
301.662,362.887,-13.4933,1735.95,descent
301.672,362.894,-13.4158,1735.95,descent
301.683,362.889,-13.3296,1735.95,descent
301.694,362.888,-13.2413,1735.95,descent
301.704,362.901,-13.1559,1735.95,descent
301.715,362.901,-13.0631,1735.95,descent
301.726,362.908,-12.9767,1735.95,descent
301.736,362.906,-12.8831,1735.95,descent
301.768,362.688,-12.6296,1735.95,descent
301.779,362.699,-12.5382,1735.95,descent
301.789,362.712,-12.4519,1735.95,descent
301.799,362.73,-12.3642,1735.95,descent
301.809,362.745,-12.2732,1735.95,descent
301.82,362.751,-12.1819,1735.95,descent
301.831,362.767,-12.0998,1735.95,descent
301.841,362.783,-12.0206,1735.95,descent
301.852,362.791,-11.938,1735.95,descent
301.863,362.799,-11.8561,1735.95,descent
301.873,362.815,-11.7782,1735.95,descent
301.883,362.833,-11.6993,1735.95,descent
301.893,362.85,-11.6302,1735.95,descent
301.914,362.757,-11.491,1735.95,descent
301.925,362.776,-11.4232,1735.95,descent
301.936,362.783,-11.3475,1735.95,descent
301.946,362.794,-11.2707,1735.95,descent
301.957,362.8,-11.2043,1735.95,descent
301.989,362.606,-11.0349,1735.95,descent
301.999,362.622,-10.9792,1735.95,descent
302.009,362.635,-10.9202,1735.95,descent
302.02,362.644,-10.8678,1735.95,descent
302.041,362.559,-10.7632,1735.95,descent
302.051,362.581,-10.7102,1735.95,descent
302.061,362.598,-10.6529,1735.95,descent
302.077,362.564,-10.56,1735.95,descent
302.088,362.575,-10.4945,1735.95,descent
302.099,362.592,-10.4283,1735.95,descent
302.109,362.609,-10.3612,1735.95,descent
302.119,362.633,-10.2972,1735.95,descent
302.131,362.634,-10.2323,1735.95,descent
302.152,362.557,-10.1286,1735.95,descent
302.162,362.579,-10.0778,1735.95,descent
302.172,362.598,-10.0259,1735.95,descent
302.182,362.609,-9.97252,1735.95,descent
302.193,362.619,-9.91648,1735.95,descent
302.204,362.628,-9.87028,1735.95,descent
302.235,362.454,-9.74604,1735.95,descent
302.246,362.463,-9.71576,1735.95,descent
302.267,362.385,-9.65413,1735.95,descent
302.278,362.396,-9.62066,1735.95,descent
302.289,362.409,-9.58803,1735.95,descent
302.299,362.426,-9.55422,1735.95,descent
302.31,362.433,-9.52708,1735.95,descent
302.331,362.348,-9.47772,1735.95,descent
302.341,362.356,-9.45271,1735.95,descent
302.351,362.363,-9.42661,1735.95,descent
302.361,362.371,-9.40006,1735.95,descent
302.371,362.382,-9.37285,1735.95,descent
302.381,362.393,-9.34507,1735.95,descent
302.391,362.403,-9.31645,1735.95,descent
302.423,362.227,-9.24142,1735.95,descent
302.433,362.232,-9.21669,1735.95,descent
302.443,362.229,-9.19861,1735.95,descent
302.464,362.142,-9.16689,1735.95,descent
302.475,362.134,-9.14896,1735.95,descent
302.485,362.138,-9.13118,1735.95,descent
302.496,362.131,-9.11167,1735.95,descent
302.506,362.127,-9.09243,1735.95,descent
302.516,362.12,-9.07992,1735.95,descent
302.538,362.015,-9.05782,1735.95,descent
302.548,362.004,-9.0459,1735.95,descent
302.558,361.998,-9.03286,1735.95,descent
302.568,361.996,-9.01851,1735.95,descent
302.578,361.994,-9.00331,1735.95,descent
302.589,361.976,-8.98594,1735.95,descent
302.599,361.965,-8.96913,1735.95,descent
302.61,361.953,-8.94996,1735.95,descent
302.62,361.947,-8.93167,1735.95,descent
302.631,361.928,-8.91103,1735.95,descent
302.644,361.896,-8.88586,1735.95,descent
302.655,361.879,-8.86456,1735.95,descent
302.665,361.87,-8.84222,1735.95,descent
302.676,361.854,-8.818,1735.95,descent
302.687,361.844,-8.79485,1735.95,descent
302.697,361.827,-8.77919,1735.95,descent
302.718,361.721,-8.7509,1735.95,descent
302.728,361.706,-8.73513,1735.95,descent
302.738,361.69,-8.71811,1735.95,descent
302.749,361.669,-8.69879,1735.95,descent
302.762,361.623,-8.67391,1735.95,descent
302.772,361.607,-8.65439,1735.95,descent
302.783,361.586,-8.63202,1735.95,descent
302.793,361.569,-8.61102,1735.95,descent
302.804,361.545,-8.59665,1735.95,descent
302.826,361.432,-8.57362,1735.95,descent
302.836,361.418,-8.5619,1735.95,descent
302.846,361.395,-8.54877,1735.95,descent
302.857,361.372,-8.535,1735.95,descent
302.867,361.346,-8.52021,1735.95,descent
302.877,361.322,-8.50494,1735.95,descent
302.888,361.297,-8.48722,1735.95,descent
302.898,361.278,-8.46922,1735.95,descent
302.909,361.263,-8.45043,1735.95,descent
302.919,361.247,-8.43075,1735.95,descent
302.93,361.226,-8.40829,1735.95,descent
302.94,361.212,-8.38685,1735.95,descent
302.951,361.194,-8.36446,1735.95,descent
302.961,361.175,-8.342,1735.95,descent
302.971,361.158,-8.31878,1735.95,descent
302.982,361.137,-8.29364,1735.95,descent
302.992,361.111,-8.27078,1735.95,descent
303.003,361.082,-8.24587,1735.95,descent
303.014,361.057,-8.22098,1735.95,descent
303.025,361.036,-8.19602,1735.95,descent
303.035,361.024,-8.18106,1735.95,descent
303.056,360.932,-8.15449,1735.95,descent
303.066,360.919,-8.14055,1735.95,descent
303.076,360.913,-8.12653,1735.95,descent
303.087,360.891,-8.11108,1735.95,descent
303.098,360.869,-8.09628,1735.95,descent
303.109,360.836,-8.08107,1735.95,descent
303.12,360.804,-8.06682,1735.95,descent
303.13,360.777,-8.06087,1735.95,descent
303.151,360.67,-8.05416,1735.95,descent
303.162,360.627,-8.05968,1735.95,descent
303.183,360.515,-8.07221,1735.95,descent
303.193,360.495,-8.07672,1735.95,descent
303.203,360.48,-8.07964,1735.95,descent
303.213,360.46,-8.08127,1735.95,descent
303.223,360.431,-8.08179,1735.95,descent
303.243,360.319,-8.08245,1735.95,descent
303.253,360.292,-8.08173,1735.95,descent
303.284,360.102,-8.08039,1735.95,descent
303.294,360.081,-8.07889,1735.95,descent
303.304,360.053,-8.07683,1735.95,descent
303.314,360.014,-8.07488,1735.95,descent
303.324,359.981,-8.07301,1735.95,descent
303.336,359.939,-8.07117,1735.95,descent
303.346,359.911,-8.06999,1735.95,descent
303.357,359.882,-8.06923,1735.95,descent
303.367,359.853,-8.06894,1735.95,descent
303.377,359.827,-8.06891,1735.95,descent
303.388,359.789,-8.0696,1735.95,descent
303.398,359.749,-8.07099,1735.95,descent
303.409,359.718,-8.07246,1735.95,descent
303.419,359.685,-8.07419,1735.95,descent
303.429,359.654,-8.07605,1735.95,descent
303.44,359.615,-8.07839,1735.95,descent
303.451,359.58,-8.08068,1735.95,descent
303.461,359.547,-8.08265,1735.95,descent
303.471,359.511,-8.08464,1735.95,descent
303.481,359.475,-8.08631,1735.95,descent
303.491,359.442,-8.08771,1735.95,descent
303.501,359.408,-8.08874,1735.95,descent
303.511,359.381,-8.08906,1735.95,descent
303.522,359.345,-8.08856,1735.95,descent
303.533,359.314,-8.08662,1735.95,descent
303.543,359.278,-8.08308,1735.95,descent
303.553,359.241,-8.07777,1735.95,descent
303.564,359.201,-8.08171,1735.95,descent
303.584,359.083,-8.08933,1735.95,descent
303.594,359.042,-8.09176,1735.95,descent
303.605,358.997,-8.0938,1735.95,descent
303.615,358.959,-8.09536,1735.95,descent
303.626,358.923,-8.09676,1735.95,descent
303.637,358.879,-8.0981,1735.95,descent
303.647,358.842,-8.09914,1735.95,descent
303.658,358.799,-8.10009,1735.95,descent
303.669,358.76,-8.10047,1735.95,descent
303.679,358.722,-8.10844,1735.95,descent
303.732,358.322,-8.18356,1735.95,descent
303.742,358.286,-8.19631,1735.95,descent
303.754,358.224,-8.21092,1735.95,descent
303.765,358.179,-8.22323,1735.95,descent
303.775,358.141,-8.2342,1735.95,descent
303.785,358.105,-8.24424,1735.95,descent
303.796,358.069,-8.25337,1735.95,descent
303.806,358.029,-8.26212,1735.95,descent
303.817,357.985,-8.27001,1735.95,descent
303.837,357.854,-8.28708,1735.95,descent
303.847,357.814,-8.295,1735.95,descent
303.857,357.768,-8.30264,1735.95,descent
303.868,357.723,-8.31755,1735.95,descent
303.889,357.589,-8.35068,1735.95,descent
303.899,357.55,-8.36506,1735.95,descent
303.909,357.507,-8.3785,1735.95,descent
303.919,357.462,-8.39202,1735.95,descent
303.93,357.415,-8.40511,1735.95,descent
303.94,357.378,-8.41626,1735.95,descent
303.961,357.24,-8.44025,1735.95,descent
303.971,357.192,-8.45167,1735.95,descent
303.982,357.14,-8.46286,1735.95,descent
303.993,357.086,-8.47353,1735.95,descent
304.003,357.045,-8.48263,1735.95,descent
304.057,356.637,-8.52653,1735.95,descent
304.067,356.6,-8.53366,1735.95,descent
304.102,356.352,-8.55713,1735.95,descent
304.112,356.32,-8.56263,1735.95,descent
304.122,356.28,-8.56726,1735.95,descent
304.132,356.242,-8.57102,1735.95,descent
304.142,356.205,-8.57393,1735.95,descent
304.153,356.16,-8.57636,1735.95,descent
304.164,356.115,-8.57806,1735.95,descent
304.174,356.071,-8.57931,1735.95,descent
304.184,356.028,-8.58029,1735.95,descent
304.195,355.98,-8.58127,1735.95,descent
304.206,355.936,-8.5819,1735.95,descent
304.216,355.901,-8.58202,1735.95,descent
304.226,355.861,-8.58188,1735.95,descent
304.237,355.813,-8.58156,1735.95,descent
304.248,355.771,-8.58089,1735.95,descent
304.258,355.73,-8.57984,1735.95,descent
304.268,355.685,-8.57846,1735.95,descent
304.279,355.642,-8.58442,1735.95,descent
304.321,355.32,-8.63305,1735.95,descent
304.331,355.277,-8.64364,1735.95,descent
304.342,355.229,-8.6538,1735.95,descent
304.353,355.182,-8.66296,1735.95,descent
304.364,355.135,-8.67117,1735.95,descent
304.374,355.096,-8.67784,1735.95,descent
304.384,355.056,-8.68349,1735.95,descent
304.395,355.009,-8.68881,1735.95,descent
304.416,354.876,-8.69912,1735.95,descent
304.426,354.829,-8.71207,1735.95,descent
304.452,354.652,-8.74464,1735.95,descent
304.462,354.607,-8.75647,1735.95,descent
304.493,354.376,-8.79278,1735.95,descent
304.505,354.317,-8.80544,1735.95,descent
304.515,354.278,-8.81504,1735.95,descent
304.526,354.236,-8.8237,1735.95,descent
304.537,354.186,-8.83172,1735.95,descent
304.547,354.144,-8.83801,1735.95,descent
304.557,354.102,-8.84334,1735.95,descent
304.567,354.057,-8.84773,1735.95,descent
304.577,354.012,-8.85132,1735.95,descent
304.587,353.97,-8.85388,1735.95,descent
304.597,353.925,-8.8633,1735.95,descent
304.621,353.758,-8.8872,1735.95,descent
304.631,353.71,-8.89632,1735.95,descent
304.642,353.667,-8.90393,1735.95,descent
304.652,353.622,-8.9183,1735.95,descent
304.673,353.478,-8.94836,1735.95,descent
304.683,353.428,-8.96202,1735.95,descent
304.693,353.382,-8.9739,1735.95,descent
304.703,353.338,-8.98483,1735.95,descent
304.714,353.292,-8.99454,1735.95,descent
304.724,353.244,-9.00329,1735.95,descent
304.737,353.168,-9.01412,1735.95,descent
304.747,353.119,-9.02911,1735.95,descent
304.779,352.874,-9.08038,1735.95,descent
304.791,352.812,-9.09794,1735.95,descent
304.801,352.772,-9.11101,1735.95,descent
304.811,352.728,-9.12281,1735.95,descent
304.822,352.678,-9.13393,1735.95,descent
304.832,352.627,-9.14355,1735.95,descent
304.843,352.584,-9.15141,1735.95,descent
304.853,352.54,-9.15802,1735.95,descent
304.864,352.488,-9.16401,1735.95,descent
304.874,352.439,-9.16873,1735.95,descent
304.885,352.389,-9.1724,1735.95,descent
304.895,352.341,-9.18281,1735.95,descent
304.916,352.192,-9.20457,1735.95,descent
304.926,352.147,-9.21358,1735.95,descent
304.937,352.092,-9.23108,1735.95,descent
304.958,351.941,-9.264,1735.95,descent
304.969,351.886,-9.2789,1735.95,descent
304.979,351.834,-9.29161,1735.95,descent
304.989,351.788,-9.30265,1735.95,descent
305,351.73,-9.32249,1735.95,descent
305.032,351.464,-9.38168,1735.95,descent
305.043,351.406,-9.39968,1735.95,descent
305.053,351.353,-9.41494,1735.95,descent
305.064,351.297,-9.42899,1735.95,descent
305.074,351.245,-9.44137,1735.95,descent
305.095,351.09,-9.46343,1735.95,descent
305.105,351.035,-9.47295,1735.95,descent
305.116,350.987,-9.48121,1735.95,descent
305.126,350.934,-9.48806,1735.95,descent
305.137,350.885,-9.49366,1735.95,descent
305.147,350.836,-9.49812,1735.95,descent
305.158,350.777,-9.50198,1735.95,descent
305.168,350.727,-9.50466,1735.95,descent
305.179,350.67,-9.50672,1735.95,descent
305.189,350.622,-9.50775,1735.95,descent
305.2,350.564,-9.5079,1735.95,descent
305.21,350.511,-9.50724,1735.95,descent
305.22,350.46,-9.50587,1735.95,descent
305.231,350.401,-9.50402,1735.95,descent
305.241,350.347,-9.50175,1735.95,descent
305.254,350.27,-9.498,1735.95,descent
305.264,350.219,-9.49417,1735.95,descent
305.274,350.162,-9.49773,1735.95,descent
305.305,350.983,-9.41585,1735.95,descent
305.315,350.916,-9.38906,1735.95,descent
305.326,350.843,-9.36191,1735.95,descent
305.336,350.779,-9.33635,1735.95,descent
305.347,350.714,-9.3117,1735.95,descent
305.357,350.653,-9.28804,1735.95,descent
305.368,350.585,-9.26351,1735.95,descent
305.378,350.519,-9.24092,1735.95,descent
305.388,350.452,-9.21911,1735.95,descent
305.398,350.391,-9.19884,1735.95,descent
305.409,350.327,-9.17902,1735.95,descent
305.419,350.261,-9.15801,1735.95,descent
305.43,350.204,-9.13926,1735.95,descent
305.44,350.145,-9.12092,1735.95,descent
305.45,350.085,-9.10306,1735.95,descent
305.46,350.026,-9.08539,1735.95,descent
305.471,349.959,-9.06639,1735.95,descent
305.482,349.894,-9.04762,1735.95,descent
305.493,349.83,-9.02894,1735.95,descent
305.503,349.773,-9.01209,1735.95,descent
305.513,349.716,-8.99525,1735.95,descent
305.523,349.662,-8.97842,1735.95,descent
305.534,349.599,-8.96972,1735.95,descent
305.565,349.357,-8.95633,1735.95,descent
305.576,349.298,-8.95131,1735.95,descent
305.586,349.238,-8.95433,1735.95,descent
305.607,349.084,-8.9627,1735.95,descent
305.618,349.021,-8.96623,1735.95,descent
305.628,348.961,-8.96906,1735.95,descent
305.639,348.899,-8.97155,1735.95,descent
305.649,348.838,-8.97368,1735.95,descent
305.66,348.773,-8.97571,1735.95,descent
305.67,348.711,-8.97742,1735.95,descent
305.68,348.652,-8.97892,1735.95,descent
305.691,348.593,-8.98021,1735.95,descent
305.701,348.534,-8.98133,1735.95,descent
305.711,348.473,-8.98207,1735.95,descent
305.722,348.416,-8.98238,1735.95,descent
305.733,348.351,-8.98226,1735.95,descent
305.753,348.208,-8.9814,1735.95,descent
305.763,348.152,-8.98024,1735.95,descent
305.773,348.093,-8.97814,1735.95,descent
305.784,348.034,-8.97528,1735.95,descent
305.794,347.982,-8.97181,1735.95,descent
305.804,347.927,-8.96772,1735.95,descent
305.814,347.873,-8.96305,1735.95,descent
305.825,347.819,-8.95774,1735.95,descent
305.835,347.759,-8.96028,1735.95,descent
305.888,347.29,-9.15639,1735.95,descent
305.91,347.13,-9.22028,1735.95,descent
305.92,347.065,-9.2492,1735.95,descent
305.93,346.999,-9.27597,1735.95,descent
305.941,346.942,-9.30073,1735.95,descent
305.951,346.884,-9.32305,1735.95,descent
305.961,346.823,-9.34381,1735.95,descent
305.972,346.753,-9.36436,1735.95,descent
305.982,346.685,-9.38238,1735.95,descent
305.993,346.62,-9.39883,1735.95,descent
306.004,346.547,-9.41498,1735.95,descent
306.014,346.489,-9.42802,1735.95,descent
306.025,346.419,-9.4408,1735.95,descent
306.045,346.261,-9.46142,1735.95,descent
306.056,346.186,-9.48201,1735.95,descent
306.077,346.012,-9.5506,1735.95,descent
306.098,345.84,-9.61046,1735.95,descent
306.108,345.777,-9.63736,1735.95,descent
306.118,345.71,-9.6708,1735.95,descent
306.129,345.64,-9.70372,1735.95,descent
306.14,345.569,-9.73432,1735.95,descent
306.15,345.507,-9.7602,1735.95,descent
306.16,345.44,-9.78406,1735.95,descent
306.17,345.375,-9.80639,1735.95,descent
306.18,345.315,-9.82637,1735.95,descent
306.19,345.255,-9.84454,1735.95,descent
306.2,345.193,-9.86033,1735.95,descent
306.211,345.126,-9.87549,1735.95,descent
306.222,345.067,-9.88789,1735.95,descent
306.232,345.001,-9.89831,1735.95,descent
306.243,344.943,-9.90678,1735.95,descent
306.253,344.88,-9.91357,1735.95,descent
306.263,344.816,-9.91882,1735.95,descent
306.274,344.749,-9.92273,1735.95,descent
306.284,344.691,-9.92488,1735.95,descent
306.295,344.63,-9.9257,1735.95,descent
306.306,344.566,-9.92515,1735.95,descent
306.316,344.51,-9.93186,1735.95,descent
306.347,344.243,-9.95519,1735.95,descent
306.358,344.186,-9.96087,1735.95,descent
306.368,344.132,-9.96461,1735.95,descent
306.378,344.08,-9.97532,1735.95,descent
306.399,343.923,-9.99488,1735.95,descent
306.423,343.731,-10.0126,1735.95,descent
306.434,343.677,-10.0181,1735.95,descent
306.444,343.625,-10.0215,1735.95,descent
306.454,343.578,-10.0229,1735.95,descent
306.465,343.518,-10.033,1735.95,descent
306.486,343.362,-10.0498,1735.95,descent
306.496,343.314,-10.0559,1735.95,descent
306.506,343.268,-10.06,1735.95,descent
306.516,343.223,-10.0623,1735.95,descent
306.527,343.169,-10.063,1735.95,descent
306.537,343.125,-10.0619,1735.95,descent
306.548,343.068,-10.0592,1735.95,descent
306.558,343.023,-10.0551,1735.95,descent
306.569,342.967,-10.0491,1735.95,descent
306.58,342.914,-10.0418,1735.95,descent
306.591,342.862,-10.0334,1735.95,descent
306.601,342.818,-10.0241,1735.95,descent
306.612,342.763,-10.0128,1735.95,descent
306.622,342.713,-10.0007,1735.95,descent
306.633,342.665,-9.98745,1735.95,descent
306.643,342.615,-9.98258,1735.95,descent
306.665,342.458,-9.97357,1735.95,descent
306.675,342.407,-9.96747,1735.95,descent
306.686,342.35,-9.97017,1735.95,descent
306.708,342.194,-9.97402,1735.95,descent
306.719,342.142,-9.98538,1735.95,descent
306.729,342.089,-9.99401,1735.95,descent
306.74,342.037,-10.0101,1735.95,descent
306.751,341.982,-10.0236,1735.95,descent
306.782,341.717,-10.0551,1735.95,descent
306.793,341.672,-10.0631,1735.95,descent
306.803,341.629,-10.0689,1735.95,descent
306.814,341.579,-10.073,1735.95,descent
306.824,341.534,-10.075,1735.95,descent
306.834,341.485,-10.0753,1735.95,descent
306.845,341.438,-10.0739,1735.95,descent
306.855,341.395,-10.071,1735.95,descent
306.866,341.342,-10.0759,1735.95,descent
306.887,341.186,-10.0841,1735.95,descent
306.897,341.141,-10.086,1735.95,descent
306.908,341.096,-10.0859,1735.95,descent
306.918,341.052,-10.0842,1735.95,descent
306.928,341.004,-10.0806,1735.95,descent
306.939,340.957,-10.0755,1735.95,descent
306.949,340.908,-10.0687,1735.95,descent
306.96,340.855,-10.0602,1735.95,descent
306.97,340.811,-10.051,1735.95,descent
306.981,340.757,-10.0398,1735.95,descent
306.991,340.712,-10.0281,1735.95,descent
307.001,340.668,-10.0154,1735.95,descent
307.033,340.418,-9.97514,1735.95,descent
307.043,340.374,-9.95989,1735.95,descent
307.054,340.324,-9.94304,1735.95,descent
307.064,340.281,-9.92642,1735.95,descent
307.075,340.233,-9.90715,1735.95,descent
307.086,340.183,-9.88702,1735.95,descent
307.097,340.133,-9.86508,1735.95,descent
307.108,340.09,-9.84423,1735.95,descent
307.118,340.046,-9.82259,1735.95,descent
307.128,340.002,-9.79971,1735.95,descent
307.139,339.959,-9.7764,1735.95,descent
307.149,339.915,-9.75221,1735.95,descent
307.159,339.872,-9.72795,1735.95,descent
307.169,339.829,-9.70258,1735.95,descent
307.18,339.777,-9.67523,1735.95,descent
307.191,339.73,-9.64822,1735.95,descent
307.201,339.685,-9.6209,1735.95,descent
307.211,339.642,-9.59399,1735.95,descent
307.222,339.592,-9.56392,1735.95,descent
307.233,339.539,-9.53331,1735.95,descent
307.244,339.489,-9.50264,1735.95,descent
307.254,339.445,-9.47369,1735.95,descent
307.265,339.394,-9.44162,1735.95,descent
307.275,339.349,-9.41161,1735.95,descent
307.285,339.302,-9.3905,1735.95,descent
307.306,339.161,-9.34985,1735.95,descent
307.317,339.108,-9.33963,1735.95,descent
307.339,338.96,-9.31947,1735.95,descent
307.35,338.907,-9.30738,1735.95,descent
307.36,338.861,-9.29484,1735.95,descent
307.37,338.816,-9.28088,1735.95,descent
307.38,338.77,-9.266,1735.95,descent
307.39,338.726,-9.24998,1735.95,descent
307.401,338.681,-9.23243,1735.95,descent
307.411,338.635,-9.21394,1735.95,descent
307.421,338.588,-9.19455,1735.95,descent
307.432,338.538,-9.17336,1735.95,descent
307.446,338.454,-9.14348,1735.95,descent
307.457,338.411,-9.13203,1735.95,descent
307.478,338.269,-9.1086,1735.95,descent
307.489,338.219,-9.09474,1735.95,descent
307.499,338.169,-9.07984,1735.95,descent
307.51,338.117,-9.06352,1735.95,descent
307.52,338.072,-9.04682,1735.95,descent
307.531,338.026,-9.02848,1735.95,descent
307.541,337.985,-9.00926,1735.95,descent
307.552,337.942,-8.98859,1735.95,descent
307.564,337.883,-8.9629,1735.95,descent
307.575,337.836,-8.93837,1735.95,descent
307.585,337.795,-8.91463,1735.95,descent
307.595,337.755,-8.88972,1735.95,descent
307.605,337.716,-8.86369,1735.95,descent
307.616,337.67,-8.83405,1735.95,descent
307.626,337.629,-8.80629,1735.95,descent
307.637,337.578,-8.77481,1735.95,descent
307.648,337.53,-8.74276,1735.95,descent
307.658,337.493,-8.71249,1735.95,descent
307.668,337.458,-8.68104,1735.95,descent
307.679,337.412,-8.64624,1735.95,descent
307.689,337.376,-8.6135,1735.95,descent
307.699,337.343,-8.57922,1735.95,descent
307.71,337.303,-8.54144,1735.95,descent
307.72,337.267,-8.5064,1735.95,descent
307.73,337.233,-8.47042,1735.95,descent
307.742,337.185,-8.42776,1735.95,descent
307.753,337.143,-8.38876,1735.95,descent
307.763,337.108,-8.35092,1735.95,descent
307.773,337.076,-8.31277,1735.95,descent
307.783,337.045,-8.27466,1735.95,descent
307.794,337.008,-8.23237,1735.95,descent
307.805,336.975,-8.19138,1735.95,descent
307.815,336.946,-8.15147,1735.95,descent
307.825,336.915,-8.11157,1735.95,descent
307.835,336.879,-8.07154,1735.95,descent
307.845,336.843,-8.03201,1735.95,descent
307.855,336.805,-8.00201,1735.95,descent
307.876,336.692,-7.94285,1735.95,descent
307.887,336.654,-7.91148,1735.95,descent
307.898,336.628,-7.8821,1735.95,descent
307.909,336.594,-7.84937,1735.95,descent
307.92,336.556,-7.81636,1735.95,descent
307.93,336.522,-7.7843,1735.95,descent
307.94,336.484,-7.75226,1735.95,descent
307.961,336.382,-7.69141,1735.95,descent
307.971,336.35,-7.6715,1735.95,descent
307.991,336.242,-7.63226,1735.95,descent
308.002,336.198,-7.6108,1735.95,descent
308.012,336.165,-7.59017,1735.95,descent
308.023,336.127,-7.56707,1735.95,descent
308.034,336.092,-7.5441,1735.95,descent
308.045,336.06,-7.52114,1735.95,descent
308.055,336.032,-7.49785,1735.95,descent
308.075,335.933,-7.45357,1735.95,descent
308.087,335.89,-7.42788,1735.95,descent
308.097,335.861,-7.40596,1735.95,descent
308.108,335.827,-7.38173,1735.95,descent
308.118,335.797,-7.35931,1735.95,descent
308.129,335.756,-7.34481,1735.95,descent
308.162,335.569,-7.31344,1735.95,descent
308.173,335.537,-7.30201,1735.95,descent
308.184,335.503,-7.29047,1735.95,descent
308.194,335.473,-7.27885,1735.95,descent
308.204,335.442,-7.26675,1735.95,descent
308.215,335.414,-7.25318,1735.95,descent
308.225,335.382,-7.24025,1735.95,descent
308.236,335.346,-7.22704,1735.95,descent
308.246,335.316,-7.21398,1735.95,descent
308.256,335.281,-7.20093,1735.95,descent
308.266,335.247,-7.19568,1735.95,descent
308.298,335.057,-7.19109,1735.95,descent
308.309,335.023,-7.18864,1735.95,descent
308.319,334.989,-7.1857,1735.95,descent
308.329,334.958,-7.18223,1735.95,descent
308.339,334.927,-7.17821,1735.95,descent
308.349,334.882,-7.17398,1735.95,descent
308.359,334.847,-7.16904,1735.95,descent
308.37,334.802,-7.17274,1735.95,descent
308.391,334.68,-7.18148,1735.95,descent
308.412,334.56,-7.1905,1735.95,descent
308.423,334.503,-7.20495,1735.95,descent
308.455,334.285,-7.24648,1735.95,descent
308.465,334.229,-7.25753,1735.95,descent
308.476,334.177,-7.26701,1735.95,descent
308.496,334.045,-7.2819,1735.95,descent
308.506,333.986,-7.28844,1735.95,descent
308.516,333.931,-7.29392,1735.95,descent
308.526,333.879,-7.29868,1735.95,descent
308.547,333.746,-7.30643,1735.95,descent
308.558,333.688,-7.3091,1735.95,descent
308.568,333.634,-7.32241,1735.95,descent
308.6,333.411,-7.37018,1735.95,descent
308.611,333.353,-7.38388,1735.95,descent
308.621,333.299,-7.39599,1735.95,descent
308.631,333.244,-7.4065,1735.95,descent
308.641,333.192,-7.41572,1735.95,descent
308.651,333.139,-7.42389,1735.95,descent
308.671,333.006,-7.4688,1735.95,descent
308.703,332.783,-7.53414,1735.95,descent
308.714,332.723,-7.55434,1735.95,descent
308.725,332.662,-7.57295,1735.95,descent
308.735,332.598,-7.59927,1735.95,descent
308.757,332.447,-7.68068,1735.95,descent
308.779,332.278,-7.79886,1735.95,descent
308.8,332.119,-7.89925,1735.95,descent
308.81,332.056,-7.94485,1735.95,descent
308.821,331.996,-7.98666,1735.95,descent
308.832,331.926,-8.02882,1735.95,descent
308.842,331.866,-8.06293,1735.95,descent
308.852,331.807,-8.09444,1735.95,descent
308.862,331.748,-8.12295,1735.95,descent
308.873,331.689,-8.14847,1735.95,descent
308.883,331.634,-8.17083,1735.95,descent
308.893,331.577,-8.19065,1735.95,descent
308.903,331.518,-8.20788,1735.95,descent
308.913,331.462,-8.22329,1735.95,descent
308.923,331.407,-8.2368,1735.95,descent
308.933,331.342,-8.24889,1735.95,descent
308.943,331.289,-8.25925,1735.95,descent
308.954,331.231,-8.26896,1735.95,descent
308.965,331.17,-8.2772,1735.95,descent
308.975,331.123,-8.28332,1735.95,descent
308.986,331.07,-8.28875,1735.95,descent
308.997,331.014,-8.2932,1735.95,descent
309.007,330.962,-8.29666,1735.95,descent
309.017,330.91,-8.29955,1735.95,descent
309.028,330.852,-8.30221,1735.95,descent
309.038,330.798,-8.30426,1735.95,descent
309.048,330.745,-8.30599,1735.95,descent
309.074,330.564,-8.31571,1735.95,descent
309.085,330.504,-8.32027,1735.95,descent
309.095,330.454,-8.32444,1735.95,descent
309.106,330.399,-8.3291,1735.95,descent
309.131,330.223,-8.34394,1735.95,descent
309.142,330.167,-8.35041,1735.95,descent
309.152,330.113,-8.35677,1735.95,descent
309.163,330.061,-8.36288,1735.95,descent
309.175,329.99,-8.37023,1735.95,descent
309.186,329.931,-8.37687,1735.95,descent
309.196,329.88,-8.38274,1735.95,descent
309.207,329.819,-8.389,1735.95,descent
309.217,329.767,-8.3944,1735.95,descent
309.228,329.705,-8.40033,1735.95,descent
309.239,329.647,-8.40629,1735.95,descent
309.249,329.595,-8.41196,1735.95,descent
309.26,329.547,-8.41753,1735.95,descent
309.271,329.49,-8.42356,1735.95,descent
309.281,329.436,-8.42895,1735.95,descent
309.291,329.383,-8.43409,1735.95,descent
309.301,329.32,-8.4393,1735.95,descent
309.312,329.253,-8.44438,1735.95,descent
309.332,329.105,-8.45463,1735.95,descent
309.342,329.042,-8.45961,1735.95,descent
309.353,328.973,-8.46485,1735.95,descent
309.364,328.906,-8.46979,1735.95,descent
309.374,328.842,-8.47427,1735.95,descent
309.406,328.597,-8.48896,1735.95,descent
309.416,328.533,-8.49326,1735.95,descent
309.427,328.462,-8.49674,1735.95,descent
309.437,328.399,-8.49889,1735.95,descent
309.447,328.337,-8.49992,1735.95,descent
309.457,328.274,-8.49982,1735.95,descent
309.468,328.202,-8.49847,1735.95,descent
309.479,328.128,-8.50701,1735.95,descent
309.5,327.973,-8.52196,1735.95,descent
309.51,327.904,-8.52831,1735.95,descent
309.521,327.831,-8.53389,1735.95,descent
309.532,327.756,-8.54809,1735.95,descent
309.543,327.682,-8.56079,1735.95,descent
309.553,327.605,-8.57186,1735.95,descent
309.564,327.53,-8.58204,1735.95,descent
309.574,327.458,-8.59105,1735.95,descent
309.584,327.382,-8.59976,1735.95,descent
309.595,327.303,-8.60768,1735.95,descent
309.605,327.227,-8.61432,1735.95,descent
309.616,327.15,-8.62024,1735.95,descent
309.626,327.073,-8.62528,1735.95,descent
309.637,326.99,-8.62971,1735.95,descent
309.648,326.912,-8.64219,1735.95,descent
309.669,326.748,-8.66454,1735.95,descent
309.679,326.687,-8.67295,1735.95,descent
309.69,326.614,-8.68002,1735.95,descent
309.701,326.545,-8.68495,1735.95,descent
309.711,326.484,-8.68763,1735.95,descent
309.721,326.423,-8.68834,1735.95,descent
309.732,326.359,-8.68675,1735.95,descent
309.743,326.302,-8.68287,1735.95,descent
309.755,326.229,-8.67549,1735.95,descent
309.765,326.178,-8.6672,1735.95,descent
309.776,326.123,-8.65569,1735.95,descent
309.787,326.072,-8.64227,1735.95,descent
309.797,326.025,-8.62741,1735.95,descent
309.809,325.965,-8.60748,1735.95,descent
309.819,325.92,-8.58906,1735.95,descent
309.829,325.876,-8.56938,1735.95,descent
309.84,325.827,-8.55735,1735.95,descent
309.861,325.692,-8.53447,1735.95,descent
309.872,325.639,-8.52133,1735.95,descent
309.883,325.584,-8.50705,1735.95,descent
309.894,325.535,-8.49274,1735.95,descent
309.904,325.487,-8.47761,1735.95,descent
309.914,325.439,-8.47052,1735.95,descent
309.935,325.303,-8.45606,1735.95,descent
309.946,325.258,-8.44732,1735.95,descent
309.956,325.214,-8.44667,1735.95,descent
309.977,325.078,-8.44514,1735.95,descent
309.987,325.031,-8.44283,1735.95,descent
309.998,324.982,-8.43904,1735.95,descent
310.008,324.933,-8.43421,1735.95,descent
310.019,324.882,-8.42849,1735.95,descent
310.029,324.833,-8.42191,1735.95,descent
310.039,324.78,-8.4146,1735.95,descent
310.05,324.723,-8.40631,1735.95,descent
310.06,324.672,-8.39793,1735.95,descent
310.071,324.62,-8.38912,1735.95,descent
310.081,324.571,-8.38049,1735.95,descent
310.097,324.477,-8.36716,1735.95,descent
310.107,324.427,-8.3666,1735.95,descent
310.14,324.19,-8.43035,1735.95,descent
310.151,324.125,-8.46095,1735.95,descent
310.183,323.876,-8.54143,1735.95,descent
310.193,323.82,-8.56528,1735.95,descent
310.204,323.755,-8.58961,1735.95,descent
310.214,323.702,-8.61014,1735.95,descent
310.246,323.442,-8.67163,1735.95,descent
310.256,323.392,-8.68935,1735.95,descent
310.266,323.34,-8.70586,1735.95,descent
310.277,323.286,-8.72154,1735.95,descent
310.288,323.225,-8.73761,1735.95,descent
310.298,323.168,-8.75235,1735.95,descent
310.309,323.118,-8.7656,1735.95,descent
310.34,322.878,-8.80571,1735.95,descent
310.35,322.827,-8.81829,1735.95,descent
310.371,322.687,-8.84341,1735.95,descent
310.383,322.632,-8.85693,1735.95,descent
310.393,322.581,-8.86851,1735.95,descent
310.403,322.526,-8.88683,1735.95,descent
310.414,322.468,-8.90677,1735.95,descent
310.425,322.406,-8.92734,1735.95,descent
310.436,322.348,-8.94796,1735.95,descent
310.446,322.297,-8.96791,1735.95,descent
310.457,322.241,-8.98717,1735.95,descent
310.467,322.189,-9.01269,1735.95,descent
310.478,322.124,-9.03957,1735.95,descent
310.489,322.06,-9.06637,1735.95,descent
310.5,322.006,-9.09094,1735.95,descent
310.51,321.947,-9.11558,1735.95,descent
310.531,321.778,-9.16869,1735.95,descent
310.552,321.618,-9.22145,1735.95,descent
310.572,321.461,-9.27193,1735.95,descent
310.583,321.402,-9.29634,1735.95,descent
310.593,321.343,-9.31975,1735.95,descent
310.604,321.273,-9.34389,1735.95,descent
310.614,321.215,-9.36633,1735.95,descent
310.635,321.056,-9.40934,1735.95,descent
310.646,320.998,-9.43058,1735.95,descent
310.656,320.951,-9.44846,1735.95,descent
310.667,320.894,-9.46646,1735.95,descent
310.677,320.84,-9.4827,1735.95,descent
310.688,320.793,-9.49656,1735.95,descent
310.698,320.749,-9.50892,1735.95,descent
310.718,320.606,-9.53108,1735.95,descent
310.731,320.537,-9.54274,1735.95,descent
310.741,320.494,-9.55051,1735.95,descent
310.752,320.44,-9.55731,1735.95,descent
310.762,320.384,-9.56312,1735.95,descent
310.772,320.32,-9.56806,1735.95,descent
310.785,320.227,-9.57326,1735.95,descent
310.795,320.166,-9.57641,1735.95,descent
310.806,320.1,-9.58753,1735.95,descent
310.816,320.039,-9.59766,1735.95,descent
310.826,319.975,-9.6075,1735.95,descent
310.837,319.907,-9.61682,1735.95,descent
310.848,319.84,-9.6244,1735.95,descent
310.859,319.772,-9.63033,1735.95,descent
310.869,319.713,-9.63429,1735.95,descent
310.88,319.646,-9.64791,1735.95,descent
310.901,319.484,-9.67378,1735.95,descent
310.912,319.425,-9.68501,1735.95,descent
310.923,319.369,-9.69434,1735.95,descent
310.933,319.319,-9.7017,1735.95,descent
310.957,319.138,-9.71529,1735.95,descent
310.967,319.086,-9.71935,1735.95,descent
310.977,319.028,-9.72179,1735.95,descent
310.987,318.979,-9.72213,1735.95,descent
310.997,318.926,-9.72049,1735.95,descent
311.007,318.876,-9.71703,1735.95,descent
311.018,318.816,-9.71155,1735.95,descent
311.029,318.76,-9.70424,1735.95,descent
311.039,318.715,-9.6957,1735.95,descent
311.049,318.664,-9.68546,1735.95,descent
311.06,318.604,-9.67132,1735.95,descent
311.07,318.548,-9.65454,1735.95,descent
311.081,318.491,-9.6353,1735.95,descent
311.091,318.434,-9.61314,1735.95,descent
311.101,318.381,-9.58902,1735.95,descent
311.111,318.321,-9.56397,1735.95,descent
311.122,318.261,-9.5374,1735.95,descent
311.133,318.198,-9.51112,1735.95,descent
311.144,318.133,-9.48587,1735.95,descent
311.165,317.982,-9.44373,1735.95,descent
311.176,317.924,-9.42159,1735.95,descent
311.186,317.872,-9.41111,1735.95,descent
311.197,317.807,-9.39835,1735.95,descent
311.208,317.738,-9.38384,1735.95,descent
311.218,317.674,-9.36775,1735.95,descent
311.229,317.614,-9.34958,1735.95,descent
311.242,317.525,-9.32541,1735.95,descent
311.252,317.46,-9.30524,1735.95,descent
311.263,317.4,-9.28618,1735.95,descent
311.284,317.248,-9.25189,1735.95,descent
311.295,317.187,-9.23262,1735.95,descent
311.326,316.933,-9.17199,1735.95,descent
311.337,316.873,-9.14958,1735.95,descent
311.368,316.644,-9.08497,1735.95,descent
311.378,316.595,-9.06299,1735.95,descent
311.388,316.549,-9.03879,1735.95,descent
311.399,316.501,-9.01284,1735.95,descent
311.409,316.452,-8.98365,1735.95,descent
311.42,316.412,-8.95426,1735.95,descent
311.44,316.283,-8.89126,1735.95,descent
311.461,316.15,-8.82618,1735.95,descent
311.472,316.1,-8.79105,1735.95,descent
311.483,316.049,-8.75433,1735.95,descent
311.494,316.001,-8.71583,1735.95,descent
311.505,315.959,-8.6898,1735.95,descent
311.526,315.824,-8.63215,1735.95,descent
311.537,315.776,-8.61677,1735.95,descent
311.558,315.64,-8.58467,1735.95,descent
311.569,315.586,-8.56734,1735.95,descent
311.58,315.536,-8.55003,1735.95,descent
311.601,315.408,-8.5156,1735.95,descent
311.611,315.366,-8.50892,1735.95,descent
311.621,315.329,-8.50045,1735.95,descent
311.632,315.289,-8.48964,1735.95,descent
311.643,315.241,-8.47617,1735.95,descent
311.653,315.199,-8.46218,1735.95,descent
311.663,315.159,-8.44727,1735.95,descent
311.674,315.105,-8.43021,1735.95,descent
311.684,315.065,-8.41385,1735.95,descent
311.695,315.01,-8.39486,1735.95,descent
311.705,314.964,-8.37623,1735.95,descent
311.725,314.838,-8.3372,1735.95,descent
311.736,314.785,-8.31503,1735.95,descent
311.746,314.737,-8.29419,1735.95,descent
311.76,314.658,-8.26515,1735.95,descent
311.771,314.606,-8.24305,1735.95,descent
311.781,314.558,-8.22101,1735.95,descent
311.791,314.516,-8.19956,1735.95,descent
311.801,314.473,-8.17887,1735.95,descent
311.812,314.431,-8.15767,1735.95,descent
311.822,314.399,-8.13833,1735.95,descent
311.833,314.363,-8.11773,1735.95,descent
311.844,314.318,-8.0968,1735.95,descent
311.854,314.278,-8.07754,1735.95,descent
311.865,314.225,-8.05657,1735.95,descent
311.876,314.18,-8.03561,1735.95,descent
311.886,314.138,-8.01593,1735.95,descent
311.896,314.095,-7.99587,1735.95,descent
311.907,314.041,-7.98405,1735.95,descent
311.927,313.916,-7.96548,1735.95,descent
311.937,313.875,-7.9563,1735.95,descent
311.948,313.824,-7.94643,1735.95,descent
311.958,313.776,-7.93742,1735.95,descent
311.969,313.729,-7.92827,1735.95,descent
311.979,313.687,-7.91846,1735.95,descent
311.99,313.635,-7.90776,1735.95,descent
312.001,313.581,-7.897,1735.95,descent
312.012,313.533,-7.88601,1735.95,descent
312.022,313.492,-7.87539,1735.95,descent
312.043,313.375,-7.85502,1735.95,descent
312.053,313.333,-7.84457,1735.95,descent
312.064,313.283,-7.83357,1735.95,descent
312.074,313.237,-7.82265,1735.95,descent
312.085,313.193,-7.8116,1735.95,descent
312.097,313.147,-7.7982,1735.95,descent
312.108,313.104,-7.78517,1735.95,descent
312.118,313.067,-7.77239,1735.95,descent
312.128,313.024,-7.75903,1735.95,descent
312.138,312.983,-7.74597,1735.95,descent
312.149,312.928,-7.73199,1735.95,descent
312.16,312.872,-7.71858,1735.95,descent
312.182,312.744,-7.7253,1735.95,descent
312.213,312.529,-7.73775,1735.95,descent
312.224,312.476,-7.74067,1735.95,descent
312.234,312.424,-7.7428,1735.95,descent
312.255,312.29,-7.74643,1735.95,descent
312.267,312.217,-7.74815,1735.95,descent
312.278,312.166,-7.74893,1735.95,descent
312.288,312.121,-7.74872,1735.95,descent
312.299,312.067,-7.7472,1735.95,descent
312.31,312.011,-7.75566,1735.95,descent
312.331,311.869,-7.76987,1735.95,descent
312.341,311.822,-7.77462,1735.95,descent
312.351,311.779,-7.77796,1735.95,descent
312.362,311.734,-7.77995,1735.95,descent
312.373,311.697,-7.78013,1735.95,descent
312.394,311.569,-7.77745,1735.95,descent
312.405,311.509,-7.77565,1735.95,descent
312.415,311.444,-7.77378,1735.95,descent
312.425,311.387,-7.77157,1735.95,descent
312.436,311.342,-7.76858,1735.95,descent
312.446,311.304,-7.76467,1735.95,descent
312.456,311.259,-7.75984,1735.95,descent
312.467,311.208,-7.75426,1735.95,descent
312.477,311.16,-7.74828,1735.95,descent
312.488,311.112,-7.7416,1735.95,descent
312.498,311.06,-7.73381,1735.95,descent
312.508,311.011,-7.73488,1735.95,descent
312.53,310.878,-7.73646,1735.95,descent
312.541,310.82,-7.73544,1735.95,descent
312.553,310.748,-7.73196,1735.95,descent
312.564,310.696,-7.72724,1735.95,descent
312.574,310.642,-7.72093,1735.95,descent
312.585,310.585,-7.71332,1735.95,descent
312.595,310.533,-7.7045,1735.95,descent
312.606,310.473,-7.69313,1735.95,descent
312.616,310.42,-7.68088,1735.95,descent
312.647,310.21,-7.63839,1735.95,descent
312.658,310.152,-7.62318,1735.95,descent
312.668,310.099,-7.6076,1735.95,descent
312.679,310.046,-7.59156,1735.95,descent
312.689,309.991,-7.57498,1735.95,descent
312.7,309.937,-7.55749,1735.95,descent
312.71,309.89,-7.54145,1735.95,descent
312.74,309.703,-7.49212,1735.95,descent
312.75,309.661,-7.47478,1735.95,descent
312.761,309.609,-7.45471,1735.95,descent
312.772,309.559,-7.43387,1735.95,descent
312.782,309.512,-7.41361,1735.95,descent
312.792,309.467,-7.39258,1735.95,descent
312.802,309.422,-7.37088,1735.95,descent
312.813,309.369,-7.3463,1735.95,descent
312.824,309.321,-7.3228,1735.95,descent
312.834,309.27,-7.29811,1735.95,descent
312.845,309.219,-7.27306,1735.95,descent
312.856,309.162,-7.25848,1735.95,descent
312.888,308.957,-7.22465,1735.95,descent
312.898,308.902,-7.21334,1735.95,descent
312.909,308.839,-7.20117,1735.95,descent
312.92,308.776,-7.18867,1735.95,descent
312.93,308.715,-7.17666,1735.95,descent
312.941,308.654,-7.16473,1735.95,descent
312.953,308.585,-7.15095,1735.95,descent
312.964,308.522,-7.13807,1735.95,descent
312.974,308.465,-7.12561,1735.95,descent
312.984,308.408,-7.12316,1735.95,descent
313.016,308.206,-7.11756,1735.95,descent
313.027,308.155,-7.11391,1735.95,descent
313.038,308.106,-7.109,1735.95,descent
313.07,307.913,-7.09557,1735.95,descent
313.08,307.877,-7.08988,1735.95,descent
313.09,307.843,-7.08221,1735.95,descent
313.1,307.808,-7.07272,1735.95,descent
313.111,307.774,-7.0621,1735.95,descent
313.133,307.654,-7.07527,1735.95,descent
313.165,307.462,-7.15676,1735.95,descent
313.197,307.261,-7.2232,1735.95,descent
313.207,307.224,-7.24083,1735.95,descent
313.217,307.184,-7.25587,1735.95,descent
313.227,307.148,-7.26795,1735.95,descent
313.237,307.111,-7.27735,1735.95,descent
313.247,307.077,-7.28402,1735.95,descent
313.257,307.054,-7.28768,1735.95,descent
313.268,307.022,-7.28839,1735.95,descent
313.289,306.912,-7.2842,1735.95,descent
313.3,306.88,-7.2802,1735.95,descent
313.311,306.837,-7.27575,1735.95,descent
313.332,306.727,-7.26459,1735.95,descent
313.342,306.691,-7.25817,1735.95,descent
313.354,306.649,-7.24901,1735.95,descent
313.364,306.619,-7.2404,1735.95,descent
313.375,306.577,-7.22974,1735.95,descent
313.386,306.534,-7.21837,1735.95,descent
313.409,306.405,-7.19264,1735.95,descent
313.42,306.364,-7.17995,1735.95,descent
313.43,306.323,-7.16691,1735.95,descent
313.44,306.285,-7.15323,1735.95,descent
313.45,306.244,-7.13882,1735.95,descent
313.46,306.206,-7.12451,1735.95,descent
313.47,306.168,-7.11022,1735.95,descent
313.481,306.128,-7.09579,1735.95,descent
313.491,306.086,-7.0807,1735.95,descent
313.501,306.05,-7.06562,1735.95,descent
313.512,306.007,-7.04903,1735.95,descent
313.522,305.974,-7.03301,1735.95,descent
313.533,305.944,-7.01637,1735.95,descent
313.543,305.909,-7.00874,1735.95,descent
313.564,305.801,-6.988,1735.95,descent
313.574,305.759,-6.97356,1735.95,descent
313.584,305.72,-6.95661,1735.95,descent
313.605,305.612,-6.91926,1735.95,descent
313.615,305.573,-6.90064,1735.95,descent
313.625,305.535,-6.88193,1735.95,descent
313.647,305.422,-6.84405,1735.95,descent
313.657,305.382,-6.83561,1735.95,descent
313.689,305.193,-6.83315,1735.95,descent
313.699,305.143,-6.83464,1735.95,descent
313.71,305.087,-6.83835,1735.95,descent
313.72,305.033,-6.8431,1735.95,descent
313.73,304.981,-6.84846,1735.95,descent
313.741,304.924,-6.85357,1735.95,descent
313.752,304.866,-6.85742,1735.95,descent
313.762,304.812,-6.85931,1735.95,descent
313.772,304.757,-6.86033,1735.95,descent
313.782,304.706,-6.8622,1735.95,descent
313.793,304.651,-6.86564,1735.95,descent
313.804,304.592,-6.87041,1735.95,descent
313.814,304.536,-6.87661,1735.95,descent
313.825,304.48,-6.88404,1735.95,descent
313.835,304.421,-6.89314,1735.95,descent
313.845,304.369,-6.90369,1735.95,descent
313.855,304.319,-6.91412,1735.95,descent
313.866,304.271,-6.92306,1735.95,descent
313.877,304.22,-6.92975,1735.95,descent
313.887,304.172,-6.93417,1735.95,descent
313.897,304.118,-6.93731,1735.95,descent
313.908,304.067,-6.93923,1735.95,descent
313.921,304.005,-6.93925,1735.95,descent
313.931,303.962,-6.93759,1735.95,descent
313.942,303.913,-6.9459,1735.95,descent
313.963,303.792,-6.95983,1735.95,descent
313.974,303.745,-6.97603,1735.95,descent
314.015,303.476,-7.03022,1735.95,descent
314.026,303.432,-7.04092,1735.95,descent
314.039,303.372,-7.05061,1735.95,descent
314.049,303.331,-7.05554,1735.95,descent
314.06,303.285,-7.05878,1735.95,descent
314.07,303.239,-7.06056,1735.95,descent
314.081,303.192,-7.07125,1735.95,descent
314.103,303.059,-7.091,1735.95,descent
314.113,303.012,-7.09835,1735.95,descent
314.123,302.966,-7.10423,1735.95,descent
314.144,302.843,-7.11424,1735.95,descent
314.155,302.791,-7.11884,1735.95,descent
314.177,302.665,-7.12874,1735.95,descent
314.187,302.623,-7.13304,1735.95,descent
314.198,302.58,-7.14453,1735.95,descent
314.229,302.383,-7.18729,1735.95,descent
314.239,302.342,-7.20092,1735.95,descent
314.25,302.298,-7.22094,1735.95,descent
314.26,302.252,-7.24016,1735.95,descent
314.271,302.208,-7.25649,1735.95,descent
314.281,302.166,-7.27095,1735.95,descent
314.291,302.123,-7.28433,1735.95,descent
314.302,302.075,-7.29828,1735.95,descent
314.313,302.018,-7.31271,1735.95,descent
314.334,301.891,-7.33424,1735.95,descent
314.345,301.844,-7.34229,1735.95,descent
314.355,301.801,-7.34713,1735.95,descent
314.365,301.755,-7.34984,1735.95,descent
314.378,301.697,-7.35058,1735.95,descent
314.388,301.649,-7.34953,1735.95,descent
314.399,301.607,-7.34671,1735.95,descent
314.409,301.561,-7.35277,1735.95,descent
314.419,301.515,-7.35681,1735.95,descent
314.43,301.461,-7.35941,1735.95,descent
314.441,301.414,-7.3611,1735.95,descent
314.471,301.222,-7.36682,1735.95,descent
314.482,301.176,-7.36804,1735.95,descent
314.493,301.127,-7.36874,1735.95,descent
314.503,301.082,-7.36906,1735.95,descent
314.514,301.038,-7.36901,1735.95,descent
314.524,301.001,-7.36869,1735.95,descent
314.535,300.96,-7.36813,1735.95,descent
314.545,300.912,-7.37507,1735.95,descent
314.576,300.709,-7.40134,1735.95,descent
314.586,300.663,-7.40899,1735.95,descent
314.597,300.617,-7.416,1735.95,descent
314.608,300.567,-7.43117,1735.95,descent
314.619,300.519,-7.44508,1735.95,descent
314.629,300.475,-7.45669,1735.95,descent
314.639,300.433,-7.46721,1735.95,descent
314.649,300.388,-7.47671,1735.95,descent
314.66,300.336,-7.48545,1735.95,descent
314.67,300.285,-7.49245,1735.95,descent
314.681,300.241,-7.49807,1735.95,descent
314.691,300.197,-7.50268,1735.95,descent
314.701,300.15,-7.50661,1735.95,descent
314.711,300.107,-7.51007,1735.95,descent
314.722,300.058,-7.52038,1735.95,descent
314.764,299.771,-7.57036,1735.95,descent
314.775,299.723,-7.58146,1735.95,descent
314.785,299.676,-7.59103,1735.95,descent
314.796,299.635,-7.60679,1735.95,descent
314.827,299.427,-7.65472,1735.95,descent
314.838,299.384,-7.66884,1735.95,descent
314.849,299.342,-7.68126,1735.95,descent
314.86,299.299,-7.69198,1735.95,descent
314.87,299.265,-7.70039,1735.95,descent
314.88,299.226,-7.70777,1735.95,descent
314.891,299.187,-7.71402,1735.95,descent
314.901,299.149,-7.71938,1735.95,descent
314.912,299.106,-7.72442,1735.95,descent
314.922,299.07,-7.72855,1735.95,descent
314.932,299.03,-7.73226,1735.95,descent
314.943,298.992,-7.7353,1735.95,descent
314.953,298.954,-7.73757,1735.95,descent
314.963,298.919,-7.73896,1735.95,descent
314.994,298.723,-7.74465,1735.95,descent
315.004,298.69,-7.74562,1735.95,descent
315.014,298.654,-7.74584,1735.95,descent
315.024,298.617,-7.74536,1735.95,descent
315.035,298.575,-7.74397,1735.95,descent
315.045,298.538,-7.7417,1735.95,descent
315.055,298.5,-7.73846,1735.95,descent
315.066,298.459,-7.73381,1735.95,descent
315.077,298.419,-7.72794,1735.95,descent
315.088,298.383,-7.72084,1735.95,descent
315.099,298.345,-7.71288,1735.95,descent
315.109,298.315,-7.70483,1735.95,descent
315.12,298.277,-7.705,1735.95,descent
315.141,298.162,-7.70913,1735.95,descent
315.151,298.129,-7.71054,1735.95,descent
315.161,298.094,-7.71898,1735.95,descent
315.192,297.892,-7.75198,1735.95,descent
315.203,297.855,-7.76145,1735.95,descent
315.214,297.814,-7.77004,1735.95,descent
315.224,297.781,-7.77687,1735.95,descent
315.234,297.743,-7.78276,1735.95,descent
315.245,297.711,-7.78742,1735.95,descent
315.255,297.677,-7.79095,1735.95,descent
315.265,297.644,-7.7934,1735.95,descent
315.275,297.613,-7.79469,1735.95,descent
315.286,297.577,-7.79494,1735.95,descent
315.297,297.542,-7.79432,1735.95,descent
315.307,297.505,-7.79301,1735.95,descent
315.317,297.465,-7.79129,1735.95,descent
315.328,297.418,-7.78905,1735.95,descent
315.338,297.378,-7.78666,1735.95,descent
315.349,297.328,-7.78388,1735.95,descent
315.364,297.25,-7.78039,1735.95,descent
315.374,297.21,-7.78594,1735.95,descent
315.396,297.081,-7.80056,1735.95,descent
315.406,297.04,-7.80682,1735.95,descent
315.418,296.989,-7.81343,1735.95,descent
315.429,296.946,-7.828,1735.95,descent
315.46,296.73,-7.87298,1735.95,descent
315.471,296.679,-7.88685,1735.95,descent
315.482,296.627,-7.8992,1735.95,descent
315.493,296.585,-7.90954,1735.95,descent
315.503,296.54,-7.91859,1735.95,descent
315.514,296.492,-7.92681,1735.95,descent
315.524,296.449,-7.93337,1735.95,descent
315.535,296.406,-7.93903,1735.95,descent
315.545,296.361,-7.9438,1735.95,descent
315.555,296.318,-7.94762,1735.95,descent
315.565,296.274,-7.95068,1735.95,descent
315.587,296.144,-7.95759,1735.95,descent
315.597,296.104,-7.96932,1735.95,descent
315.629,295.895,-8.01409,1735.95,descent
315.639,295.864,-8.02718,1735.95,descent
315.649,295.829,-8.03909,1735.95,descent
315.66,295.79,-8.05029,1735.95,descent
315.671,295.749,-8.06147,1735.95,descent
315.681,295.715,-8.0708,1735.95,descent
315.692,295.669,-8.08032,1735.95,descent
315.703,295.623,-8.08901,1735.95,descent
315.714,295.577,-8.09721,1735.95,descent
315.724,295.535,-8.10384,1735.95,descent
315.734,295.493,-8.10992,1735.95,descent
315.745,295.454,-8.11549,1735.95,descent
315.755,295.415,-8.1203,1735.95,descent
315.768,295.365,-8.12544,1735.95,descent
315.778,295.324,-8.12918,1735.95,descent
315.788,295.284,-8.13259,1735.95,descent
315.799,295.243,-8.13557,1735.95,descent
315.809,295.199,-8.13844,1735.95,descent
315.819,295.161,-8.148,1735.95,descent
315.829,295.123,-8.15706,1735.95,descent
315.84,295.08,-8.16641,1735.95,descent
315.851,295.034,-8.17536,1735.95,descent
315.871,294.917,-8.19396,1735.95,descent
315.882,294.879,-8.20337,1735.95,descent
315.892,294.839,-8.21174,1735.95,descent
315.902,294.801,-8.21979,1735.95,descent
315.912,294.776,-8.22719,1735.95,descent
315.922,294.743,-8.23419,1735.95,descent
315.933,294.692,-8.24176,1735.95,descent
315.944,294.648,-8.24881,1735.95,descent
315.954,294.612,-8.25521,1735.95,descent
315.965,294.574,-8.2617,1735.95,descent
315.975,294.531,-8.26752,1735.95,descent
315.985,294.492,-8.27312,1735.95,descent
315.995,294.456,-8.27842,1735.95,descent
316.006,294.414,-8.28418,1735.95,descent
316.016,294.378,-8.28933,1735.95,descent
316.027,294.344,-8.29478,1735.95,descent
316.037,294.315,-8.29958,1735.95,descent
316.049,294.256,-8.30619,1735.95,descent
316.06,294.211,-8.31251,1735.95,descent
316.07,294.176,-8.31839,1735.95,descent
316.08,294.144,-8.32424,1735.95,descent
316.104,293.995,-8.34234,1735.95,descent
316.114,293.965,-8.34985,1735.95,descent
316.124,293.931,-8.35732,1735.95,descent
316.135,293.889,-8.36553,1735.95,descent
316.146,293.85,-8.37374,1735.95,descent
316.156,293.814,-8.38152,1735.95,descent
316.167,293.773,-8.39,1735.95,descent
316.199,293.544,-8.42648,1735.95,descent
316.21,293.507,-8.43848,1735.95,descent
316.221,293.467,-8.45033,1735.95,descent
316.231,293.428,-8.46121,1735.95,descent
316.241,293.386,-8.47228,1735.95,descent
316.252,293.348,-8.4827,1735.95,descent
316.262,293.311,-8.49261,1735.95,descent
316.274,293.249,-8.50464,1735.95,descent
316.284,293.205,-8.51457,1735.95,descent
316.294,293.168,-8.52439,1735.95,descent
316.304,293.13,-8.53421,1735.95,descent
316.315,293.091,-8.54408,1735.95,descent
316.325,293.041,-8.555,1735.95,descent
316.336,292.999,-8.57158,1735.95,descent
316.357,292.856,-8.61017,1735.95,descent
316.367,292.816,-8.62761,1735.95,descent
316.378,292.759,-8.64646,1735.95,descent
316.388,292.711,-8.66313,1735.95,descent
316.399,292.658,-8.68058,1735.95,descent
316.409,292.609,-8.69713,1735.95,descent
316.419,292.562,-8.71227,1735.95,descent
316.429,292.523,-8.72655,1735.95,descent
316.44,292.479,-8.74023,1735.95,descent
316.45,292.426,-8.75435,1735.95,descent
316.461,292.373,-8.76765,1735.95,descent
316.471,292.332,-8.77932,1735.95,descent
316.482,292.277,-8.79167,1735.95,descent
316.493,292.222,-8.80366,1735.95,descent
316.503,292.177,-8.81446,1735.95,descent
316.514,292.123,-8.82577,1735.95,descent
316.524,292.075,-8.8367,1735.95,descent
316.545,291.925,-8.86152,1735.95,descent
316.556,291.87,-8.87372,1735.95,descent
316.566,291.823,-8.88508,1735.95,descent
316.577,291.768,-8.89652,1735.95,descent
316.587,291.722,-8.90634,1735.95,descent
316.598,291.665,-8.92524,1735.95,descent
316.619,291.515,-8.96176,1735.95,descent
316.629,291.466,-8.97825,1735.95,descent
316.639,291.408,-8.9947,1735.95,descent
316.65,291.358,-9.00959,1735.95,descent
316.661,291.296,-9.02458,1735.95,descent
316.676,291.2,-9.04435,1735.95,descent
316.686,291.15,-9.05685,1735.95,descent
316.696,291.096,-9.06876,1735.95,descent
316.707,291.044,-9.07983,1735.95,descent
316.717,290.986,-9.09032,1735.95,descent
316.73,290.912,-9.10272,1735.95,descent
316.74,290.857,-9.11978,1735.95,descent
316.761,290.709,-9.15369,1735.95,descent
316.771,290.658,-9.16895,1735.95,descent
316.781,290.607,-9.18282,1735.95,descent
316.791,290.553,-9.19563,1735.95,descent
316.802,290.487,-9.20845,1735.95,descent
316.822,290.336,-9.23011,1735.95,descent
316.833,290.277,-9.24036,1735.95,descent
316.844,290.223,-9.24866,1735.95,descent
316.854,290.169,-9.2558,1735.95,descent
316.865,290.114,-9.26175,1735.95,descent
316.876,290.053,-9.2668,1735.95,descent
316.886,290.001,-9.27022,1735.95,descent
316.896,289.946,-9.27248,1735.95,descent
316.927,289.705,-9.27628,1735.95,descent
316.937,289.654,-9.28745,1735.95,descent
316.959,289.507,-9.30701,1735.95,descent
316.969,289.45,-9.32509,1735.95,descent
316.99,289.294,-9.35841,1735.95,descent
317,289.243,-9.37202,1735.95,descent
317.011,289.19,-9.38443,1735.95,descent
317.021,289.138,-9.39406,1735.95,descent
317.032,289.08,-9.4021,1735.95,descent
317.043,289.026,-9.40792,1735.95,descent
317.053,288.972,-9.41181,1735.95,descent
317.064,288.918,-9.41394,1735.95,descent
317.075,288.863,-9.42428,1735.95,descent
317.086,288.814,-9.43217,1735.95,descent
317.096,288.771,-9.43768,1735.95,descent
317.106,288.727,-9.44157,1735.95,descent
317.116,288.681,-9.45179,1735.95,descent
317.137,288.518,-9.4709,1735.95,descent
317.148,288.461,-9.47818,1735.95,descent
317.158,288.406,-9.48344,1735.95,descent
317.168,288.354,-9.48695,1735.95,descent
317.179,288.305,-9.48884,1735.95,descent
317.189,288.256,-9.48932,1735.95,descent
317.2,288.204,-9.4887,1735.95,descent
317.21,288.153,-9.48701,1735.95,descent
317.221,288.104,-9.48435,1735.95,descent
317.232,288.046,-9.48004,1735.95,descent
317.242,287.997,-9.48354,1735.95,descent
317.263,287.845,-9.48977,1735.95,descent
317.273,287.795,-9.49102,1735.95,descent
317.283,287.744,-9.4907,1735.95,descent
317.294,287.685,-9.48895,1735.95,descent
317.304,287.626,-9.48637,1735.95,descent
317.314,287.569,-9.48359,1735.95,descent
317.325,287.505,-9.48031,1735.95,descent
317.335,287.447,-9.47687,1735.95,descent
317.346,287.387,-9.47289,1735.95,descent
317.356,287.325,-9.46867,1735.95,descent
317.377,287.167,-9.4614,1735.95,descent
317.388,287.097,-9.45752,1735.95,descent
317.398,287.035,-9.45381,1735.95,descent
317.408,286.973,-9.4503,1735.95,descent
317.418,286.908,-9.44698,1735.95,descent
317.429,286.833,-9.44372,1735.95,descent
317.461,286.568,-9.44073,1735.95,descent
317.471,286.5,-9.43963,1735.95,descent
317.481,286.429,-9.43841,1735.95,descent
317.502,286.26,-9.43686,1735.95,descent
317.512,286.188,-9.43589,1735.95,descent
317.523,286.114,-9.43494,1735.95,descent
317.533,286.043,-9.43396,1735.95,descent
317.544,285.973,-9.43248,1735.95,descent
317.554,285.904,-9.43086,1735.95,descent
317.564,285.841,-9.42875,1735.95,descent
317.574,285.775,-9.4263,1735.95,descent
317.584,285.707,-9.42364,1735.95,descent
317.595,285.632,-9.42041,1735.95,descent
317.606,285.555,-9.42603,1735.95,descent
317.627,285.386,-9.43792,1735.95,descent
317.638,285.313,-9.44289,1735.95,descent
317.648,285.247,-9.44659,1735.95,descent
317.66,285.163,-9.46132,1735.95,descent
317.692,284.893,-9.50155,1735.95,descent
317.703,284.833,-9.51304,1735.95,descent
317.714,284.779,-9.52229,1735.95,descent
317.724,284.727,-9.52998,1735.95,descent
317.734,284.68,-9.53582,1735.95,descent
317.754,284.537,-9.54426,1735.95,descent
317.764,284.491,-9.5468,1735.95,descent
317.774,284.442,-9.55647,1735.95,descent
317.796,284.287,-9.57434,1735.95,descent
317.806,284.241,-9.58068,1735.95,descent
317.816,284.198,-9.58495,1735.95,descent
317.828,284.139,-9.58761,1735.95,descent
317.838,284.101,-9.59671,1735.95,descent
317.88,283.744,-9.63096,1735.95,descent
317.891,283.697,-9.63619,1735.95,descent
317.901,283.645,-9.65015,1735.95,descent
317.922,283.49,-9.67256,1735.95,descent
317.933,283.444,-9.68036,1735.95,descent
317.964,283.194,-9.69084,1735.95,descent
317.974,283.153,-9.69158,1735.95,descent
317.984,283.109,-9.70034,1735.95,descent
318.017,282.857,-9.72223,1735.95,descent
318.027,282.821,-9.72583,1735.95,descent
318.038,282.772,-9.72689,1735.95,descent
318.048,282.732,-9.72485,1735.95,descent
318.059,282.694,-9.71982,1735.95,descent
318.069,282.667,-9.71219,1735.95,descent
318.08,282.628,-9.70116,1735.95,descent
318.091,282.595,-9.68865,1735.95,descent
318.101,282.561,-9.67318,1735.95,descent
318.111,282.531,-9.65546,1735.95,descent
318.122,282.503,-9.63532,1735.95,descent
318.132,282.474,-9.61363,1735.95,descent
318.142,282.444,-9.58998,1735.95,descent
318.152,282.416,-9.56433,1735.95,descent
318.162,282.385,-9.53722,1735.95,descent
318.172,282.355,-9.51843,1735.95,descent
318.204,282.131,-9.46323,1735.95,descent
318.214,282.112,-9.4427,1735.95,descent
318.224,282.086,-9.42024,1735.95,descent
318.245,281.964,-9.37191,1735.95,descent
318.256,281.935,-9.3455,1735.95,descent
318.266,281.903,-9.31915,1735.95,descent
318.276,281.866,-9.29136,1735.95,descent
318.287,281.839,-9.26131,1735.95,descent
318.318,281.635,-9.17799,1735.95,descent
318.329,281.612,-9.15024,1735.95,descent
318.345,281.543,-9.10447,1735.95,descent
318.355,281.525,-9.07551,1735.95,descent
318.365,281.509,-9.04559,1735.95,descent
318.375,281.487,-9.02319,1735.95,descent
318.386,281.46,-8.99857,1735.95,descent
318.398,281.428,-8.96957,1735.95,descent
318.429,281.239,-8.89867,1735.95,descent
318.44,281.228,-8.87421,1735.95,descent
318.45,281.216,-8.84857,1735.95,descent
318.46,281.189,-8.81965,1735.95,descent
318.481,281.086,-8.76313,1735.95,descent
318.492,281.058,-8.74475,1735.95,descent
318.513,280.95,-8.71012,1735.95,descent
318.524,280.93,-8.69049,1735.95,descent
318.535,280.905,-8.66914,1735.95,descent
318.545,280.893,-8.64814,1735.95,descent
318.556,280.877,-8.62474,1735.95,descent
318.566,280.86,-8.60088,1735.95,descent
318.588,280.746,-8.55311,1735.95,descent
318.598,280.724,-8.52936,1735.95,descent
318.608,280.703,-8.50449,1735.95,descent
318.619,280.677,-8.47961,1735.95,descent
318.629,280.649,-8.45484,1735.95,descent
318.64,280.601,-8.4291,1735.95,descent
318.65,280.585,-8.40481,1735.95,descent
318.671,280.478,-8.35872,1735.95,descent
318.715,280.183,-8.27946,1735.95,descent
318.737,280.073,-8.24408,1735.95,descent
318.748,280.042,-8.22612,1735.95,descent
318.759,280.013,-8.20811,1735.95,descent
318.77,279.988,-8.19042,1735.95,descent
318.78,279.964,-8.17227,1735.95,descent
318.79,279.938,-8.154,1735.95,descent
318.8,279.907,-8.13537,1735.95,descent
318.811,279.873,-8.11531,1735.95,descent
318.822,279.849,-8.09519,1735.95,descent
318.832,279.822,-8.07474,1735.95,descent
318.842,279.792,-8.0551,1735.95,descent
318.852,279.762,-8.03501,1735.95,descent
318.863,279.729,-8.01308,1735.95,descent
318.873,279.701,-7.99247,1735.95,descent
318.884,279.663,-7.96962,1735.95,descent
318.894,279.627,-7.94862,1735.95,descent
318.904,279.594,-7.92734,1735.95,descent
318.915,279.557,-7.90491,1735.95,descent
318.925,279.514,-7.88152,1735.95,descent
318.936,279.48,-7.85737,1735.95,descent
318.947,279.448,-7.83505,1735.95,descent
318.957,279.413,-7.81205,1735.95,descent
318.967,279.372,-7.79772,1735.95,descent
318.991,279.239,-7.76946,1735.95,descent
319.001,279.203,-7.75633,1735.95,descent
319.032,279.01,-7.716,1735.95,descent
319.042,278.972,-7.70229,1735.95,descent
319.053,278.932,-7.6874,1735.95,descent
319.063,278.892,-7.67098,1735.95,descent
319.084,278.768,-7.67374,1735.95,descent
319.118,278.547,-7.67413,1735.95,descent
319.128,278.508,-7.67176,1735.95,descent
319.138,278.471,-7.66761,1735.95,descent
319.149,278.425,-7.66115,1735.95,descent
319.16,278.376,-7.65296,1735.95,descent
319.191,278.183,-7.62015,1735.95,descent
319.201,278.149,-7.60777,1735.95,descent
319.212,278.107,-7.59282,1735.95,descent
319.223,278.067,-7.57601,1735.95,descent
319.233,278.035,-7.55806,1735.95,descent
319.243,278.001,-7.53877,1735.95,descent
319.254,277.967,-7.51759,1735.95,descent
319.264,277.927,-7.49423,1735.95,descent
319.275,277.889,-7.47018,1735.95,descent
319.285,277.852,-7.44455,1735.95,descent
319.295,277.818,-7.41872,1735.95,descent
319.305,277.786,-7.39164,1735.95,descent
319.316,277.757,-7.36314,1735.95,descent
319.327,277.712,-7.32809,1735.95,descent
319.338,277.683,-7.29736,1735.95,descent
319.349,277.644,-7.26262,1735.95,descent
319.359,277.61,-7.2294,1735.95,descent
319.369,277.574,-7.1952,1735.95,descent
319.382,277.522,-7.15223,1735.95,descent
319.393,277.483,-7.11462,1735.95,descent
319.404,277.449,-7.07737,1735.95,descent
319.414,277.415,-7.04001,1735.95,descent
319.424,277.381,-7.00206,1735.95,descent
319.435,277.346,-6.96419,1735.95,descent
319.445,277.318,-6.92661,1735.95,descent
319.455,277.286,-6.88773,1735.95,descent
319.466,277.253,-6.84722,1735.95,descent
319.476,277.224,-6.8083,1735.95,descent
319.498,277.128,-6.73161,1735.95,descent
319.508,277.096,-6.69583,1735.95,descent
319.519,277.061,-6.65742,1735.95,descent
319.53,277.026,-6.62008,1735.95,descent
319.541,276.995,-6.58303,1735.95,descent
319.553,276.956,-6.54376,1735.95,descent
319.563,276.928,-6.51889,1735.95,descent
319.595,276.774,-6.45871,1735.95,descent
319.605,276.744,-6.43862,1735.95,descent
319.616,276.718,-6.41866,1735.95,descent
319.626,276.692,-6.3988,1735.95,descent
319.636,276.66,-6.37903,1735.95,descent
319.646,276.629,-6.36002,1735.95,descent
319.657,276.593,-6.34079,1735.95,descent
319.671,276.535,-6.31552,1735.95,descent
319.681,276.517,-6.29641,1735.95,descent
319.692,276.485,-6.2758,1735.95,descent
319.702,276.478,-6.25616,1735.95,descent
319.713,276.468,-6.23485,1735.95,descent
319.724,276.464,-6.21188,1735.95,descent
319.735,276.454,-6.1888,1735.95,descent
319.745,276.446,-6.16728,1735.95,descent
319.766,276.349,-6.12534,1735.95,descent
319.777,276.315,-6.10579,1735.95,descent
319.787,276.277,-6.08659,1735.95,descent
319.797,276.239,-6.0681,1735.95,descent
319.808,276.2,-6.04944,1735.95,descent
319.819,276.154,-6.03082,1735.95,descent
319.829,276.11,-6.01335,1735.95,descent
319.839,276.067,-5.99692,1735.95,descent
319.849,276.021,-5.98146,1735.95,descent
319.859,275.978,-5.96646,1735.95,descent
319.87,275.934,-5.95975,1735.95,descent
319.891,275.823,-5.9505,1735.95,descent
319.902,275.77,-5.94591,1735.95,descent
319.912,275.708,-5.95064,1735.95,descent
319.954,275.446,-5.97649,1735.95,descent
319.965,275.378,-5.98184,1735.95,descent
319.996,275.183,-5.99577,1735.95,descent
320.012,275.07,-6.00327,1735.95,descent
320.022,274.998,-6.00774,1735.95,descent
320.032,274.921,-6.01205,1735.95,descent
320.042,274.841,-6.0162,1735.95,descent
320.052,274.766,-6.02007,1735.95,descent
320.062,274.684,-6.02399,1735.95,descent
320.073,274.601,-6.02816,1735.95,descent
320.084,274.516,-6.03243,1735.95,descent
320.094,274.435,-6.04542,1735.95,descent
320.115,274.279,-6.10684,1735.95,descent
320.136,274.12,-6.16223,1735.95,descent
320.147,274.026,-6.18965,1735.95,descent
320.157,273.94,-6.21366,1735.95,descent
320.167,273.849,-6.23797,1735.95,descent
320.18,273.75,-6.26436,1735.95,descent
320.19,273.666,-6.28514,1735.95,descent
320.2,273.583,-6.30457,1735.95,descent
320.222,273.432,-6.33727,1735.95,descent
320.232,273.354,-6.35153,1735.95,descent
320.242,273.277,-6.36396,1735.95,descent
320.252,273.203,-6.37465,1735.95,descent
320.262,273.134,-6.38371,1735.95,descent
320.272,273.066,-6.39143,1735.95,descent
320.283,272.993,-6.39799,1735.95,descent
320.316,272.779,-6.4057,1735.95,descent
320.326,272.71,-6.40717,1735.95,descent
320.336,272.643,-6.40765,1735.95,descent
320.347,272.569,-6.40716,1735.95,descent
320.358,272.494,-6.40579,1735.95,descent
320.369,272.423,-6.40365,1735.95,descent
320.379,272.356,-6.40094,1735.95,descent
320.39,272.289,-6.3978,1735.95,descent
320.4,272.229,-6.3943,1735.95,descent
320.411,272.161,-6.38997,1735.95,descent
320.421,272.101,-6.3853,1735.95,descent
320.432,272.039,-6.38039,1735.95,descent
320.442,271.976,-6.37503,1735.95,descent
320.452,271.916,-6.36935,1735.95,descent
320.462,271.854,-6.36319,1735.95,descent
320.473,271.788,-6.35625,1735.95,descent
320.483,271.726,-6.35896,1735.95,descent
320.504,271.594,-6.36371,1735.95,descent
320.514,271.533,-6.36481,1735.95,descent
320.525,271.466,-6.3647,1735.95,descent
320.536,271.4,-6.36325,1735.95,descent
320.547,271.333,-6.36042,1735.95,descent
320.557,271.272,-6.35671,1735.95,descent
320.567,271.212,-6.35179,1735.95,descent
320.577,271.151,-6.34569,1735.95,descent
320.588,271.09,-6.33856,1735.95,descent
320.598,271.029,-6.33041,1735.95,descent
320.608,270.972,-6.32115,1735.95,descent
320.629,270.842,-6.33715,1735.95,descent
320.653,270.684,-6.34897,1735.95,descent
320.664,270.62,-6.35187,1735.95,descent
320.675,270.556,-6.35323,1735.95,descent
320.685,270.493,-6.35322,1735.95,descent
320.695,270.434,-6.35208,1735.95,descent
320.707,270.362,-6.34952,1735.95,descent
320.718,270.3,-6.34602,1735.95,descent
320.729,270.242,-6.34201,1735.95,descent
320.739,270.183,-6.33716,1735.95,descent
320.749,270.127,-6.33165,1735.95,descent
320.759,270.072,-6.32542,1735.95,descent
320.779,269.954,-6.31074,1735.95,descent
320.79,269.893,-6.30248,1735.95,descent
320.822,269.706,-6.27638,1735.95,descent
320.832,269.647,-6.2674,1735.95,descent
320.843,269.591,-6.25802,1735.95,descent
320.854,269.531,-6.24809,1735.95,descent
320.864,269.478,-6.23857,1735.95,descent
320.875,269.421,-6.22883,1735.95,descent
320.885,269.369,-6.21914,1735.95,descent
320.895,269.315,-6.20927,1735.95,descent
320.905,269.262,-6.19948,1735.95,descent
320.916,269.207,-6.18977,1735.95,descent
320.926,269.149,-6.17962,1735.95,descent
320.937,269.094,-6.17031,1735.95,descent
320.947,269.04,-6.16097,1735.95,descent
320.957,268.989,-6.15216,1735.95,descent
320.967,268.936,-6.14366,1735.95,descent
320.977,268.881,-6.14359,1735.95,descent
320.999,268.757,-6.14654,1735.95,descent
321.01,268.697,-6.14784,1735.95,descent
321.021,268.639,-6.14907,1735.95,descent
321.031,268.585,-6.1502,1735.95,descent
321.042,268.526,-6.15147,1735.95,descent
321.053,268.466,-6.15298,1735.95,descent
321.063,268.412,-6.15487,1735.95,descent
321.074,268.353,-6.15775,1735.95,descent
321.084,268.297,-6.16154,1735.95,descent
321.095,268.241,-6.16709,1735.95,descent
321.106,268.177,-6.17541,1735.95,descent
321.117,268.12,-6.18426,1735.95,descent
321.127,268.063,-6.19473,1735.95,descent
321.149,267.929,-6.2515,1735.95,descent
321.18,267.727,-6.33509,1735.95,descent
321.19,267.67,-6.36219,1735.95,descent
321.201,267.608,-6.39318,1735.95,descent
321.211,267.551,-6.42274,1735.95,descent
321.222,267.486,-6.45582,1735.95,descent
321.233,267.422,-6.48992,1735.95,descent
321.243,267.36,-6.52476,1735.95,descent
321.253,267.3,-6.55767,1735.95,descent
321.263,267.24,-6.59026,1735.95,descent
321.273,267.179,-6.622,1735.95,descent
321.284,267.112,-6.65356,1735.95,descent
321.294,267.048,-6.68403,1735.95,descent
321.304,266.986,-6.71401,1735.95,descent
321.314,266.923,-6.74897,1735.95,descent
321.335,266.777,-6.82776,1735.95,descent
321.346,266.703,-6.86959,1735.95,descent
321.356,266.64,-6.9078,1735.95,descent
321.367,266.566,-6.94912,1735.95,descent
321.378,266.496,-6.98884,1735.95,descent
321.399,266.348,-7.06417,1735.95,descent
321.409,266.28,-7.10159,1735.95,descent
321.419,266.211,-7.13913,1735.95,descent
321.43,266.134,-7.17951,1735.95,descent
321.441,266.063,-7.21892,1735.95,descent
321.451,265.994,-7.25631,1735.95,descent
321.461,265.927,-7.29319,1735.95,descent
321.472,265.851,-7.33249,1735.95,descent
321.482,265.787,-7.36747,1735.95,descent
321.492,265.722,-7.40147,1735.95,descent
321.502,265.654,-7.43502,1735.95,descent
321.513,265.585,-7.47063,1735.95,descent
321.524,265.512,-7.50684,1735.95,descent
321.534,265.445,-7.54037,1735.95,descent
321.544,265.374,-7.57422,1735.95,descent
321.555,265.307,-7.60645,1735.95,descent
321.565,265.233,-7.64061,1735.95,descent
321.576,265.165,-7.67218,1735.95,descent
321.596,265.007,-7.73542,1735.95,descent
321.606,264.942,-7.7654,1735.95,descent
321.617,264.868,-7.79811,1735.95,descent
321.628,264.791,-7.83051,1735.95,descent
321.638,264.72,-7.8608,1735.95,descent
321.649,264.653,-7.88924,1735.95,descent
321.66,264.577,-7.91584,1735.95,descent
321.67,264.506,-7.93901,1735.95,descent
321.681,264.435,-7.96206,1735.95,descent
321.692,264.358,-7.98729,1735.95,descent
321.702,264.282,-8.01078,1735.95,descent
321.713,264.212,-8.03139,1735.95,descent
321.723,264.138,-8.06006,1735.95,descent
321.754,263.878,-8.14909,1735.95,descent
321.765,263.801,-8.17763,1735.95,descent
321.775,263.731,-8.20232,1735.95,descent
321.786,263.654,-8.22732,1735.95,descent
321.796,263.581,-8.24961,1735.95,descent
321.807,263.499,-8.27218,1735.95,descent
321.817,263.425,-8.2915,1735.95,descent
321.827,263.35,-8.30919,1735.95,descent
321.848,263.186,-8.33914,1735.95,descent
321.858,263.116,-8.35224,1735.95,descent
321.868,263.045,-8.36422,1735.95,descent
321.879,262.973,-8.37517,1735.95,descent
321.889,262.903,-8.3846,1735.95,descent
321.899,262.834,-8.39289,1735.95,descent
321.909,262.768,-8.39965,1735.95,descent
321.92,262.689,-8.41766,1735.95,descent
321.941,262.523,-8.4487,1735.95,descent
321.951,262.45,-8.46158,1735.95,descent
321.961,262.38,-8.47213,1735.95,descent
321.983,262.21,-8.48616,1735.95,descent
321.993,262.138,-8.4905,1735.95,descent
322.003,262.068,-8.49257,1735.95,descent
322.014,261.996,-8.49251,1735.95,descent
322.024,261.927,-8.49053,1735.95,descent
322.035,261.853,-8.48642,1735.95,descent
322.045,261.78,-8.48062,1735.95,descent
322.055,261.709,-8.47289,1735.95,descent
322.066,261.631,-8.46292,1735.95,descent
322.076,261.561,-8.4523,1735.95,descent
322.087,261.48,-8.43887,1735.95,descent
322.098,261.404,-8.42384,1735.95,descent
322.109,261.324,-8.40717,1735.95,descent
322.119,261.257,-8.39074,1735.95,descent
322.13,261.182,-8.38544,1735.95,descent
322.14,261.104,-8.37812,1735.95,descent
322.151,261.034,-8.36946,1735.95,descent
322.161,260.963,-8.35964,1735.95,descent
322.172,260.885,-8.34779,1735.95,descent
322.182,260.808,-8.33545,1735.95,descent
322.193,260.734,-8.3228,1735.95,descent
322.205,260.641,-8.30665,1735.95,descent
322.215,260.572,-8.2922,1735.95,descent
322.225,260.502,-8.27687,1735.95,descent
322.236,260.418,-8.27296,1735.95,descent
322.257,260.262,-8.26525,1735.95,descent
322.267,260.188,-8.25994,1735.95,descent
322.279,260.111,-8.25345,1735.95,descent
322.289,260.038,-8.24638,1735.95,descent
322.299,259.967,-8.23857,1735.95,descent
322.309,259.896,-8.22995,1735.95,descent
322.322,259.797,-8.21723,1735.95,descent
322.333,259.719,-8.20622,1735.95,descent
322.343,259.644,-8.20636,1735.95,descent
322.364,259.484,-8.20491,1735.95,descent
322.375,259.405,-8.20227,1735.95,descent
322.386,259.332,-8.19841,1735.95,descent
322.396,259.259,-8.19349,1735.95,descent
322.406,259.187,-8.18742,1735.95,descent
322.417,259.118,-8.18055,1735.95,descent
322.427,259.048,-8.1833,1735.95,descent
322.458,258.805,-8.19099,1735.95,descent
322.469,258.739,-8.19159,1735.95,descent
322.491,258.574,-8.18958,1735.95,descent
322.501,258.502,-8.18744,1735.95,descent
322.512,258.436,-8.19446,1735.95,descent
322.533,258.277,-8.20732,1735.95,descent
322.543,258.213,-8.21181,1735.95,descent
322.554,258.144,-8.21491,1735.95,descent
322.564,258.079,-8.21652,1735.95,descent
322.574,258.014,-8.21688,1735.95,descent
322.584,257.947,-8.21603,1735.95,descent
322.594,257.882,-8.21401,1735.95,descent
322.605,257.811,-8.21042,1735.95,descent
322.615,257.755,-8.20582,1735.95,descent
322.625,257.698,-8.20002,1735.95,descent
322.636,257.637,-8.1923,1735.95,descent
322.657,257.487,-8.21141,1735.95,descent
322.678,257.338,-8.22487,1735.95,descent
322.688,257.278,-8.22912,1735.95,descent
322.698,257.218,-8.2314,1735.95,descent
322.708,257.157,-8.23214,1735.95,descent
322.719,257.096,-8.23144,1735.95,descent
322.729,257.035,-8.22932,1735.95,descent
322.74,256.972,-8.22555,1735.95,descent
322.75,256.911,-8.22077,1735.95,descent
322.76,256.851,-8.21483,1735.95,descent
322.771,256.782,-8.21875,1735.95,descent
322.793,256.633,-8.2245,1735.95,descent
322.803,256.579,-8.22546,1735.95,descent
322.814,256.516,-8.22473,1735.95,descent
322.824,256.463,-8.22255,1735.95,descent
322.835,256.403,-8.21873,1735.95,descent
322.845,256.347,-8.21404,1735.95,descent
322.855,256.291,-8.20825,1735.95,descent
322.865,256.238,-8.20164,1735.95,descent
322.876,256.184,-8.19331,1735.95,descent
322.887,256.121,-8.18384,1735.95,descent
322.897,256.064,-8.17372,1735.95,descent
322.908,256.011,-8.1625,1735.95,descent
322.919,255.957,-8.1497,1735.95,descent
322.929,255.907,-8.13696,1735.95,descent
322.95,255.777,-8.10912,1735.95,descent
322.96,255.733,-8.09451,1735.95,descent
322.971,255.69,-8.0791,1735.95,descent
322.981,255.647,-8.06281,1735.95,descent
322.992,255.599,-8.04477,1735.95,descent
323.002,255.557,-8.02675,1735.95,descent
323.012,255.515,-8.00777,1735.95,descent
323.022,255.476,-7.98882,1735.95,descent
323.033,255.433,-7.96733,1735.95,descent
323.043,255.396,-7.94719,1735.95,descent
323.054,255.352,-7.92481,1735.95,descent
323.065,255.31,-7.9021,1735.95,descent
323.076,255.27,-7.87867,1735.95,descent
323.087,255.234,-7.85598,1735.95,descent
323.097,255.2,-7.83292,1735.95,descent
323.107,255.168,-7.8102,1735.95,descent
323.118,255.129,-7.78549,1735.95,descent
323.128,255.096,-7.76249,1735.95,descent
323.139,255.058,-7.73777,1735.95,descent
323.149,255.022,-7.71356,1735.95,descent
323.16,254.985,-7.68885,1735.95,descent
323.171,254.943,-7.66263,1735.95,descent
323.181,254.906,-7.63732,1735.95,descent
323.191,254.869,-7.61099,1735.95,descent
323.202,254.831,-7.58474,1735.95,descent
323.212,254.796,-7.55824,1735.95,descent
323.224,254.75,-7.52707,1735.95,descent
323.235,254.713,-7.49922,1735.95,descent
323.245,254.684,-7.47378,1735.95,descent
323.255,254.657,-7.4485,1735.95,descent
323.265,254.628,-7.42284,1735.95,descent
323.275,254.601,-7.39679,1735.95,descent
323.286,254.569,-7.36803,1735.95,descent
323.297,254.538,-7.3492,1735.95,descent
323.317,254.432,-7.3165,1735.95,descent
323.328,254.398,-7.29976,1735.95,descent
323.339,254.351,-7.27944,1735.95,descent
323.349,254.318,-7.26155,1735.95,descent
323.36,254.283,-7.243,1735.95,descent
323.371,254.242,-7.23253,1735.95,descent
323.392,254.132,-7.21514,1735.95,descent
323.402,254.093,-7.20527,1735.95,descent
323.413,254.056,-7.19511,1735.95,descent
323.423,254.023,-7.18489,1735.95,descent
323.434,253.992,-7.17419,1735.95,descent
323.444,253.964,-7.16299,1735.95,descent
323.455,253.929,-7.14992,1735.95,descent
323.466,253.894,-7.1361,1735.95,descent
323.477,253.859,-7.12165,1735.95,descent
323.487,253.828,-7.10859,1735.95,descent
323.498,253.788,-7.09477,1735.95,descent
323.51,253.744,-7.08003,1735.95,descent
323.521,253.705,-7.06654,1735.95,descent
323.531,253.671,-7.05409,1735.95,descent
323.541,253.64,-7.04149,1735.95,descent
323.551,253.61,-7.02864,1735.95,descent
323.561,253.578,-7.01585,1735.95,descent
323.572,253.543,-7.00246,1735.95,descent
323.603,253.374,-6.9688,1735.95,descent
323.613,253.345,-6.95776,1735.95,descent
323.627,253.29,-6.94225,1735.95,descent
323.637,253.258,-6.9297,1735.95,descent
323.648,253.218,-6.91533,1735.95,descent
323.658,253.19,-6.91033,1735.95,descent
323.68,253.066,-6.90363,1735.95,descent
323.69,253.024,-6.90026,1735.95,descent
323.7,252.982,-6.89696,1735.95,descent
323.71,252.942,-6.89374,1735.95,descent
323.72,252.91,-6.89057,1735.95,descent
323.73,252.874,-6.88732,1735.95,descent
323.74,252.836,-6.88297,1735.95,descent
323.751,252.793,-6.87731,1735.95,descent
323.761,252.755,-6.87016,1735.95,descent
323.771,252.721,-6.86294,1735.95,descent
323.782,252.681,-6.85488,1735.95,descent
323.792,252.642,-6.85497,1735.95,descent
323.803,252.594,-6.86323,1735.95,descent
323.824,252.486,-6.881,1735.95,descent
323.834,252.45,-6.8885,1735.95,descent
323.844,252.411,-6.895,1735.95,descent
323.855,252.37,-6.90043,1735.95,descent
323.865,252.32,-6.90517,1735.95,descent
323.875,252.279,-6.90884,1735.95,descent
323.885,252.245,-6.91146,1735.95,descent
323.895,252.212,-6.91294,1735.95,descent
323.905,252.179,-6.91332,1735.95,descent
323.915,252.143,-6.91282,1735.95,descent
323.926,252.099,-6.91182,1735.95,descent
323.937,252.062,-6.91068,1735.95,descent
323.947,252.028,-6.90901,1735.95,descent
323.961,251.962,-6.9053,1735.95,descent
323.971,251.927,-6.90166,1735.95,descent
323.981,251.891,-6.8972,1735.95,descent
323.992,251.853,-6.89184,1735.95,descent
324.002,251.814,-6.88546,1735.95,descent
324.012,251.775,-6.87802,1735.95,descent
324.023,251.735,-6.86864,1735.95,descent
324.033,251.694,-6.86871,1735.95,descent
324.076,251.44,-6.87493,1735.95,descent
324.086,251.403,-6.87473,1735.95,descent
324.096,251.365,-6.87305,1735.95,descent
324.106,251.323,-6.86989,1735.95,descent
324.117,251.283,-6.86522,1735.95,descent
324.13,251.227,-6.87294,1735.95,descent
324.161,251.031,-6.89507,1735.95,descent
324.171,250.984,-6.90068,1735.95,descent
324.182,250.929,-6.90568,1735.95,descent
324.193,250.882,-6.90921,1735.95,descent
324.203,250.835,-6.91162,1735.95,descent
324.213,250.792,-6.91291,1735.95,descent
324.224,250.748,-6.91291,1735.95,descent
324.234,250.708,-6.91182,1735.95,descent
324.245,250.661,-6.90955,1735.95,descent
324.256,250.616,-6.90644,1735.95,descent
324.266,250.569,-6.90231,1735.95,descent
324.276,250.526,-6.89712,1735.95,descent
324.286,250.486,-6.89067,1735.95,descent
324.316,250.307,-6.86726,1735.95,descent
324.326,250.262,-6.85856,1735.95,descent
324.336,250.217,-6.84883,1735.95,descent
324.346,250.169,-6.83826,1735.95,descent
324.357,250.123,-6.82672,1735.95,descent
324.367,250.076,-6.8145,1735.95,descent
324.377,250.03,-6.80148,1735.95,descent
324.387,249.981,-6.79795,1735.95,descent
324.397,249.927,-6.79301,1735.95,descent
324.408,249.872,-6.78682,1735.95,descent
324.419,249.818,-6.77977,1735.95,descent
324.429,249.767,-6.77203,1735.95,descent
324.44,249.707,-6.76259,1735.95,descent
324.45,249.651,-6.7526,1735.95,descent
324.461,249.597,-6.74242,1735.95,descent
324.482,249.472,-6.71974,1735.95,descent
324.492,249.421,-6.70817,1735.95,descent
324.503,249.367,-6.69595,1735.95,descent
324.513,249.316,-6.68332,1735.95,descent
324.523,249.264,-6.68024,1735.95,descent
324.547,249.126,-6.67493,1735.95,descent
324.557,249.075,-6.67138,1735.95,descent
324.568,249.024,-6.66711,1735.95,descent
324.578,248.977,-6.67165,1735.95,descent
324.6,248.854,-6.68081,1735.95,descent
324.61,248.806,-6.68374,1735.95,descent
324.62,248.758,-6.68538,1735.95,descent
324.63,248.714,-6.68603,1735.95,descent
324.64,248.67,-6.68577,1735.95,descent
324.65,248.624,-6.68466,1735.95,descent
324.662,248.574,-6.68244,1735.95,descent
324.672,248.524,-6.67961,1735.95,descent
324.683,248.479,-6.67638,1735.95,descent
324.693,248.431,-6.67265,1735.95,descent
324.704,248.38,-6.66831,1735.95,descent
324.714,248.332,-6.66374,1735.95,descent
324.725,248.286,-6.65876,1735.95,descent
324.735,248.242,-6.65371,1735.95,descent
324.746,248.193,-6.64798,1735.95,descent
324.756,248.151,-6.64244,1735.95,descent
324.767,248.107,-6.63603,1735.95,descent
324.789,247.985,-6.65777,1735.95,descent
324.82,247.798,-6.68822,1735.95,descent
324.83,247.752,-6.70751,1735.95,descent
324.862,247.55,-6.768,1735.95,descent
324.872,247.504,-6.78574,1735.95,descent
324.882,247.458,-6.80186,1735.95,descent
324.893,247.411,-6.81828,1735.95,descent
324.904,247.37,-6.83261,1735.95,descent
324.914,247.324,-6.84615,1735.95,descent
324.924,247.279,-6.85871,1735.95,descent
324.935,247.236,-6.87042,1735.95,descent
324.945,247.193,-6.88137,1735.95,descent
324.955,247.151,-6.89178,1735.95,descent
324.966,247.109,-6.90218,1735.95,descent
324.976,247.066,-6.91184,1735.95,descent
324.986,247.031,-6.92051,1735.95,descent
324.997,246.994,-6.9288,1735.95,descent
325.007,246.958,-6.93666,1735.95,descent
325.017,246.916,-6.95099,1735.95,descent
325.037,246.796,-6.98202,1735.95,descent
325.07,246.578,-7.03485,1735.95,descent
325.081,246.531,-7.05159,1735.95,descent
325.091,246.486,-7.06633,1735.95,descent
325.102,246.44,-7.08093,1735.95,descent
325.112,246.394,-7.09513,1735.95,descent
325.122,246.341,-7.10933,1735.95,descent
325.143,246.217,-7.13865,1735.95,descent
325.154,246.171,-7.15285,1735.95,descent
325.164,246.133,-7.16597,1735.95,descent
325.174,246.091,-7.17875,1735.95,descent
325.195,245.975,-7.20506,1735.95,descent
325.206,245.922,-7.2183,1735.95,descent
325.216,245.871,-7.23108,1735.95,descent
325.227,245.82,-7.24428,1735.95,descent
325.267,245.543,-7.30472,1735.95,descent
325.277,245.505,-7.31917,1735.95,descent
325.287,245.46,-7.33323,1735.95,descent
325.298,245.416,-7.34695,1735.95,descent
325.308,245.358,-7.36125,1735.95,descent
325.319,245.304,-7.37507,1735.95,descent
325.329,245.252,-7.38842,1735.95,descent
325.339,245.202,-7.40129,1735.95,descent
325.35,245.139,-7.41529,1735.95,descent
325.36,245.077,-7.42836,1735.95,descent
325.371,245.007,-7.44303,1735.95,descent
325.381,244.953,-7.45634,1735.95,descent
325.391,244.889,-7.46989,1735.95,descent
325.402,244.824,-7.48491,1735.95,descent
325.413,244.769,-7.49851,1735.95,descent
325.423,244.719,-7.51171,1735.95,descent
325.434,244.669,-7.52509,1735.95,descent
325.444,244.622,-7.53658,1735.95,descent
325.455,244.569,-7.5485,1735.95,descent
325.466,244.522,-7.55935,1735.95,descent
325.476,244.465,-7.56906,1735.95,descent
325.487,244.407,-7.57935,1735.95,descent
325.498,244.356,-7.58949,1735.95,descent
325.508,244.305,-7.60032,1735.95,descent
325.518,244.254,-7.61136,1735.95,descent
325.529,244.205,-7.62142,1735.95,descent
325.539,244.159,-7.63038,1735.95,descent
325.549,244.11,-7.63866,1735.95,descent
325.56,244.052,-7.65601,1735.95,descent
325.592,243.834,-7.70722,1735.95,descent
325.605,243.761,-7.72551,1735.95,descent
325.615,243.703,-7.73887,1735.95,descent
325.626,243.642,-7.75165,1735.95,descent
325.637,243.583,-7.76351,1735.95,descent
325.647,243.534,-7.77297,1735.95,descent
325.657,243.473,-7.78202,1735.95,descent
325.669,243.402,-7.7912,1735.95,descent
325.68,243.342,-7.79943,1735.95,descent
325.69,243.283,-7.80658,1735.95,descent
325.711,243.141,-7.81586,1735.95,descent
325.721,243.081,-7.81852,1735.95,descent
325.732,243.018,-7.81975,1735.95,descent
325.743,242.951,-7.81991,1735.95,descent
325.753,242.902,-7.81907,1735.95,descent
325.764,242.843,-7.82729,1735.95,descent
325.785,242.697,-7.84182,1735.95,descent
325.795,242.645,-7.84655,1735.95,descent
325.806,242.589,-7.84865,1735.95,descent
325.817,242.535,-7.84855,1735.95,descent
325.828,242.486,-7.8466,1735.95,descent
325.841,242.414,-7.84257,1735.95,descent
325.851,242.358,-7.83747,1735.95,descent
325.861,242.305,-7.83078,1735.95,descent
325.882,242.168,-7.81303,1735.95,descent
325.892,242.117,-7.80284,1735.95,descent
325.903,242.059,-7.79065,1735.95,descent
325.913,242.002,-7.77753,1735.95,descent
325.923,241.945,-7.76353,1735.95,descent
325.934,241.89,-7.75902,1735.95,descent
325.954,241.753,-7.7473,1735.95,descent
325.964,241.699,-7.73962,1735.95,descent
325.985,241.557,-7.71649,1735.95,descent
325.995,241.498,-7.70428,1735.95,descent
326.006,241.434,-7.6909,1735.95,descent
326.019,241.348,-7.67349,1735.95,descent
326.029,241.284,-7.66003,1735.95,descent
326.039,241.221,-7.64662,1735.95,descent
326.05,241.148,-7.64236,1735.95,descent
326.072,240.991,-7.63349,1735.95,descent
326.089,240.871,-7.62471,1735.95,descent
326.099,240.798,-7.61898,1735.95,descent
326.109,240.726,-7.61295,1735.95,descent
326.129,240.573,-7.60054,1735.95,descent
326.139,240.501,-7.59491,1735.95,descent
326.15,240.423,-7.58926,1735.95,descent
326.161,240.348,-7.58406,1735.95,descent
326.171,240.273,-7.57909,1735.95,descent
326.182,240.201,-7.57418,1735.95,descent
326.193,240.124,-7.56927,1735.95,descent
326.203,240.057,-7.56485,1735.95,descent
326.234,239.84,-7.54993,1735.95,descent
326.245,239.775,-7.55631,1735.95,descent
326.255,239.706,-7.56163,1735.95,descent
326.265,239.64,-7.567,1735.95,descent
326.276,239.581,-7.5719,1735.95,descent
326.286,239.514,-7.58509,1735.95,descent
326.297,239.447,-7.59836,1735.95,descent
326.307,239.39,-7.6095,1735.95,descent
326.318,239.328,-7.62064,1735.95,descent
326.328,239.28,-7.62953,1735.95,descent
326.338,239.23,-7.63701,1735.95,descent
326.349,239.174,-7.64425,1735.95,descent
326.36,239.124,-7.65047,1735.95,descent
326.373,239.054,-7.65708,1735.95,descent
326.383,239.013,-7.66012,1735.95,descent
326.393,238.975,-7.66097,1735.95,descent
326.405,238.931,-7.65945,1735.95,descent
326.446,238.65,-7.65034,1735.95,descent
326.457,238.604,-7.64843,1735.95,descent
326.467,238.558,-7.64668,1735.95,descent
326.477,238.518,-7.64434,1735.95,descent
326.488,238.475,-7.64173,1735.95,descent
326.499,238.434,-7.63959,1735.95,descent
326.509,238.401,-7.63901,1735.95,descent
326.52,238.362,-7.63852,1735.95,descent
326.53,238.333,-7.64536,1735.95,descent
326.561,238.119,-7.68039,1735.95,descent
326.583,237.981,-7.70739,1735.95,descent
326.596,237.908,-7.72538,1735.95,descent
326.606,237.858,-7.74059,1735.95,descent
326.616,237.81,-7.75678,1735.95,descent
326.626,237.763,-7.77294,1735.95,descent
326.637,237.711,-7.78937,1735.95,descent
326.647,237.662,-7.80532,1735.95,descent
326.658,237.606,-7.82174,1735.95,descent
326.668,237.538,-7.83894,1735.95,descent
326.679,237.484,-7.85543,1735.95,descent
326.689,237.438,-7.87141,1735.95,descent
326.72,237.22,-7.91721,1735.95,descent
326.73,237.17,-7.93031,1735.95,descent
326.741,237.114,-7.94266,1735.95,descent
326.751,237.057,-7.9525,1735.95,descent
326.762,236.995,-7.97247,1735.95,descent
326.772,236.941,-7.98932,1735.95,descent
326.783,236.9,-8.00465,1735.95,descent
326.793,236.854,-8.02665,1735.95,descent
326.835,236.53,-8.1265,1735.95,descent
326.845,236.482,-8.14715,1735.95,descent
326.855,236.435,-8.16556,1735.95,descent
326.866,236.378,-8.18305,1735.95,descent
326.876,236.325,-8.20811,1735.95,descent
326.887,236.271,-8.23098,1735.95,descent
326.897,236.217,-8.25145,1735.95,descent
326.907,236.165,-8.27038,1735.95,descent
326.917,236.11,-8.28846,1735.95,descent
326.927,236.052,-8.30571,1735.95,descent
326.938,235.989,-8.32424,1735.95,descent
326.948,235.931,-8.3405,1735.95,descent
326.98,235.688,-8.38945,1735.95,descent
327.002,235.529,-8.42352,1735.95,descent
327.023,235.368,-8.45604,1735.95,descent
327.033,235.305,-8.47063,1735.95,descent
327.043,235.249,-8.48446,1735.95,descent
327.053,235.192,-8.49733,1735.95,descent
327.064,235.125,-8.50996,1735.95,descent
327.075,235.063,-8.52099,1735.95,descent
327.085,234.994,-8.53037,1735.95,descent
327.095,234.937,-8.53781,1735.95,descent
327.106,234.865,-8.55623,1735.95,descent
327.128,234.703,-8.63139,1735.95,descent
327.17,234.329,-8.90123,1735.95,descent
327.191,234.157,-9.01744,1735.95,descent
327.201,234.085,-9.0707,1735.95,descent
327.232,233.802,-9.21846,1735.95,descent
327.254,233.614,-9.31758,1735.95,descent
327.264,233.544,-9.36149,1735.95,descent
327.275,233.459,-9.40868,1735.95,descent
327.287,233.363,-9.46085,1735.95,descent
327.298,233.281,-9.50597,1735.95,descent
327.308,233.215,-9.54596,1735.95,descent
327.319,233.133,-9.58757,1735.95,descent
327.33,233.052,-9.63428,1735.95,descent
327.35,232.872,-9.72466,1735.95,descent
327.393,232.453,-9.90727,1735.95,descent
327.404,232.374,-9.95269,1735.95,descent
327.414,232.31,-9.99323,1735.95,descent
327.424,232.24,-10.0324,1735.95,descent
327.434,232.173,-10.0706,1735.95,descent
327.444,232.109,-10.1076,1735.95,descent
327.455,232.029,-10.1461,1735.95,descent
327.466,231.952,-10.1827,1735.95,descent
327.477,231.873,-10.217,1735.95,descent
327.487,231.801,-10.2494,1735.95,descent
327.497,231.734,-10.2793,1735.95,descent
327.507,231.665,-10.3086,1735.95,descent
327.518,231.588,-10.3391,1735.95,descent
327.529,231.511,-10.3696,1735.95,descent
327.561,231.197,-10.5068,1735.95,descent
327.593,230.876,-10.6409,1735.95,descent
327.603,230.805,-10.6898,1735.95,descent
327.613,230.74,-10.7367,1735.95,descent
327.623,230.67,-10.7813,1735.95,descent
327.634,230.603,-10.8239,1735.95,descent
327.644,230.527,-10.8658,1735.95,descent
327.654,230.452,-10.905,1735.95,descent
327.665,230.375,-10.9438,1735.95,descent
327.675,230.297,-10.9811,1735.95,descent
327.686,230.218,-11.0175,1735.95,descent
327.697,230.142,-11.0543,1735.95,descent
327.707,230.072,-11.088,1735.95,descent
327.718,229.997,-11.1228,1735.95,descent
327.729,229.926,-11.1505,1735.95,descent
327.739,229.851,-11.177,1735.95,descent
327.749,229.775,-11.2029,1735.95,descent
327.759,229.706,-11.2285,1735.95,descent
327.77,229.632,-11.2556,1735.95,descent
327.781,229.556,-11.2886,1735.95,descent
327.801,229.36,-11.3508,1735.95,descent
327.811,229.293,-11.3792,1735.95,descent
327.822,229.226,-11.4058,1735.95,descent
327.832,229.161,-11.4308,1735.95,descent
327.842,229.09,-11.4549,1735.95,descent
327.853,229.014,-11.4791,1735.95,descent
327.875,228.81,-11.5282,1735.95,descent
327.885,228.735,-11.5512,1735.95,descent
327.896,228.66,-11.5736,1735.95,descent
327.906,228.582,-11.5952,1735.95,descent
327.916,228.508,-11.6155,1735.95,descent
327.927,228.429,-11.6365,1735.95,descent
327.937,228.359,-11.6559,1735.95,descent
327.974,227.976,-11.7324,1735.95,descent
327.984,227.913,-11.7533,1735.95,descent
327.995,227.849,-11.7731,1735.95,descent
328.005,227.791,-11.7912,1735.95,descent
328.016,227.713,-11.8196,1735.95,descent
328.039,227.484,-11.8829,1735.95,descent
328.049,227.419,-11.9097,1735.95,descent
328.06,227.343,-11.9385,1735.95,descent
328.07,227.278,-11.9644,1735.95,descent
328.081,227.2,-11.9925,1735.95,descent
328.102,227.002,-12.0482,1735.95,descent
328.112,226.937,-12.0749,1735.95,descent
328.123,226.855,-12.104,1735.95,descent
328.133,226.778,-12.1392,1735.95,descent
328.155,226.564,-12.2123,1735.95,descent
328.166,226.486,-12.2491,1735.95,descent
328.176,226.417,-12.2825,1735.95,descent
328.187,226.333,-12.3185,1735.95,descent
328.2,226.228,-12.3598,1735.95,descent
328.211,226.147,-12.3953,1735.95,descent
328.231,225.951,-12.4606,1735.95,descent
328.241,225.885,-12.4923,1735.95,descent
328.252,225.806,-12.5264,1735.95,descent
328.263,225.73,-12.5592,1735.95,descent
328.273,225.66,-12.5899,1735.95,descent
328.284,225.592,-12.6262,1735.95,descent
328.327,225.079,-12.7943,1735.95,descent
328.338,225.01,-12.8337,1735.95,descent
328.349,224.944,-12.8703,1735.95,descent
328.359,224.883,-12.9038,1735.95,descent
328.37,224.807,-12.9394,1735.95,descent
328.391,224.611,-13.0024,1735.95,descent
328.401,224.552,-13.0325,1735.95,descent
328.411,224.496,-13.0605,1735.95,descent
328.421,224.437,-13.0871,1735.95,descent
328.432,224.37,-13.1138,1735.95,descent
328.442,224.31,-13.1435,1735.95,descent
328.473,223.958,-13.2425,1735.95,descent
328.485,223.881,-13.2765,1735.95,descent
328.495,223.82,-13.3055,1735.95,descent
328.505,223.763,-13.3316,1735.95,descent
328.516,223.692,-13.3584,1735.95,descent
328.527,223.631,-13.3819,1735.95,descent
328.537,223.57,-13.4034,1735.95,descent
328.547,223.509,-13.4237,1735.95,descent
328.557,223.452,-13.4418,1735.95,descent
328.567,223.39,-13.4585,1735.95,descent
328.578,223.313,-13.4752,1735.95,descent
328.589,223.244,-13.4899,1735.95,descent
328.609,223.046,-13.5177,1735.95,descent
328.619,222.989,-13.5298,1735.95,descent
328.629,222.937,-13.5404,1735.95,descent
328.639,222.877,-13.5499,1735.95,descent
328.649,222.819,-13.5581,1735.95,descent
328.659,222.763,-13.5712,1735.95,descent
328.681,222.563,-13.5977,1735.95,descent
328.691,222.505,-13.608,1735.95,descent
328.702,222.449,-13.6155,1735.95,descent
328.713,222.381,-13.6211,1735.95,descent
328.723,222.323,-13.6299,1735.95,descent
328.755,221.978,-13.6666,1735.95,descent
328.766,221.921,-13.673,1735.95,descent
328.776,221.873,-13.6753,1735.95,descent
328.787,221.826,-13.6743,1735.95,descent
328.797,221.785,-13.6709,1735.95,descent
328.807,221.75,-13.6657,1735.95,descent
328.817,221.714,-13.6663,1735.95,descent
328.849,221.377,-13.7344,1735.95,descent
328.871,221.198,-13.774,1735.95,descent
328.881,221.176,-13.7896,1735.95,descent
328.891,221.148,-13.8027,1735.95,descent
328.901,221.123,-13.8127,1735.95,descent
328.911,221.102,-13.8197,1735.95,descent
328.922,221.07,-13.8246,1735.95,descent
328.934,221.035,-13.8271,1735.95,descent
328.944,221.009,-13.8269,1735.95,descent
328.955,220.984,-13.8243,1735.95,descent
328.966,220.959,-13.8191,1735.95,descent
328.976,220.945,-13.812,1735.95,descent
328.997,220.787,-13.8231,1735.95,descent
329.028,220.484,-13.8429,1735.95,descent
329.039,220.471,-13.846,1735.95,descent
329.05,220.452,-13.8463,1735.95,descent
329.061,220.436,-13.8438,1735.95,descent
329.072,220.412,-13.8472,1735.95,descent
329.103,220.117,-13.8662,1735.95,descent
329.114,220.098,-13.8707,1735.95,descent
329.124,220.09,-13.8737,1735.95,descent
329.134,220.087,-13.8757,1735.95,descent
329.145,220.076,-13.8806,1735.95,descent
329.155,220.067,-13.8832,1735.95,descent
329.165,220.061,-13.8816,1735.95,descent
329.175,220.059,-13.8753,1735.95,descent
329.186,220.039,-13.8648,1735.95,descent
329.197,220.021,-13.8499,1735.95,descent
329.207,220.009,-13.8335,1735.95,descent
329.217,220.002,-13.8171,1735.95,descent
329.228,219.974,-13.7984,1735.95,descent
329.238,219.956,-13.7814,1735.95,descent
329.249,219.924,-13.7648,1735.95,descent
329.259,219.903,-13.7513,1735.95,descent
329.27,219.863,-13.7386,1735.95,descent
329.286,219.758,-13.7255,1735.95,descent
329.297,219.718,-13.7169,1735.95,descent
329.307,219.687,-13.7034,1735.95,descent
329.318,219.658,-13.6857,1735.95,descent
329.328,219.627,-13.6626,1735.95,descent
329.34,219.575,-13.6338,1735.95,descent
329.35,219.55,-13.6095,1735.95,descent
329.36,219.521,-13.5856,1735.95,descent
329.371,219.477,-13.56,1735.95,descent
329.381,219.436,-13.534,1735.95,descent
329.392,219.392,-13.5069,1735.95,descent
329.403,219.347,-13.4784,1735.95,descent
329.414,219.302,-13.4504,1735.95,descent
329.424,219.272,-13.4246,1735.95,descent
329.434,219.226,-13.3961,1735.95,descent
329.445,219.182,-13.3703,1735.95,descent
329.455,219.133,-13.3572,1735.95,descent
329.466,219.08,-13.3555,1735.95,descent
329.476,219.034,-13.3606,1735.95,descent
329.508,218.695,-13.3943,1735.95,descent
329.529,218.485,-13.4693,1735.95,descent
329.539,218.422,-13.5213,1735.95,descent
329.549,218.354,-13.5853,1735.95,descent
329.56,218.285,-13.6644,1735.95,descent
329.571,218.2,-13.7545,1735.95,descent
329.581,218.145,-13.8358,1735.95,descent
329.592,218.086,-13.9231,1735.95,descent
329.603,218.012,-14.0067,1735.95,descent
329.614,217.937,-14.0886,1735.95,descent
329.624,217.878,-14.1615,1735.95,descent
329.636,217.786,-14.2471,1735.95,descent
329.646,217.73,-14.3173,1735.95,descent
329.657,217.678,-14.3853,1735.95,descent
329.667,217.632,-14.4507,1735.95,descent
329.677,217.578,-14.519,1735.95,descent
329.689,217.512,-14.5904,1735.95,descent
329.7,217.453,-14.6542,1735.95,descent
329.71,217.399,-14.7162,1735.95,descent
329.721,217.337,-14.7813,1735.95,descent
329.753,216.93,-15.0509,1735.95,descent
329.763,216.877,-15.1442,1735.95,descent
329.784,216.635,-15.3462,1735.95,descent
329.816,216.201,-15.6436,1735.95,descent
329.826,216.148,-15.7332,1735.95,descent
329.836,216.092,-15.8207,1735.95,descent
329.867,215.656,-16.1086,1735.95,descent
329.878,215.588,-16.2055,1735.95,descent
329.889,215.529,-16.3019,1735.95,descent
329.92,215.103,-16.5807,1735.95,descent
329.931,215.049,-16.6745,1735.95,descent
329.942,214.993,-16.7666,1735.95,descent
329.952,214.943,-16.8563,1735.95,descent
329.962,214.892,-16.9457,1735.95,descent
329.972,214.845,-17.0332,1735.95,descent
329.983,214.782,-17.13,1735.95,descent
329.993,214.733,-17.2198,1735.95,descent
330.004,214.667,-17.3202,1735.95,descent
330.014,214.616,-17.4121,1735.95,descent
330.025,214.542,-17.5146,1735.95,descent
330.036,214.48,-17.6101,1735.95,descent
330.046,214.415,-17.7098,1735.95,descent
330.057,214.347,-17.8186,1735.95,descent
330.067,214.291,-17.9193,1735.95,descent
330.077,214.233,-18.0175,1735.95,descent
330.087,214.171,-18.1146,1735.95,descent
330.118,213.699,-18.4011,1735.95,descent
330.17,212.806,-18.9365,1735.95,descent
330.181,212.773,-19.0417,1735.95,descent
330.191,212.729,-19.1483,1735.95,descent
330.202,212.701,-19.245,1735.95,descent
330.212,212.661,-19.3423,1735.95,descent
330.222,212.627,-19.4342,1735.95,descent
330.233,212.578,-19.5302,1735.95,descent
330.244,212.538,-19.6207,1735.95,descent
330.254,212.506,-19.7052,1735.95,descent
330.264,212.473,-19.7878,1735.95,descent
330.276,212.425,-19.8743,1735.95,descent
330.286,212.393,-19.9509,1735.95,descent
330.297,212.341,-20.0335,1735.95,descent
330.313,212.177,-20.1568,1735.95,descent
330.323,212.148,-20.2304,1735.95,descent
330.334,212.098,-20.3092,1735.95,descent
330.345,212.054,-20.3843,1735.95,descent
330.355,212.021,-20.4541,1735.95,descent
330.366,211.966,-20.5291,1735.95,descent
330.377,211.918,-20.5972,1735.95,descent
330.409,211.428,-20.8115,1735.95,descent
330.42,211.393,-20.879,1735.95,descent
330.451,210.916,-21.063,1735.95,descent
330.482,210.446,-21.2674,1735.95,descent
330.492,210.456,-21.3297,1735.95,descent
330.502,210.462,-21.3895,1735.95,descent
330.523,210.237,-21.5146,1735.95,descent
330.534,210.232,-21.5779,1735.95,descent
330.545,210.209,-21.6427,1735.95,descent
330.577,209.749,-21.8363,1735.95,descent
330.587,209.768,-21.8959,1735.95,descent
330.598,209.768,-21.9571,1735.95,descent
330.609,209.769,-22.0149,1735.95,descent
330.62,209.764,-22.0703,1735.95,descent
330.631,209.763,-22.1222,1735.95,descent
330.641,209.78,-22.1673,1735.95,descent
330.651,209.787,-22.2114,1735.95,descent
330.662,209.789,-22.2541,1735.95,descent
330.672,209.801,-22.2923,1735.95,descent
330.682,209.811,-22.3285,1735.95,descent
330.692,209.822,-22.3625,1735.95,descent
330.702,209.832,-22.3942,1735.95,descent
330.712,209.836,-22.4248,1735.95,descent
330.723,209.825,-22.456,1735.95,descent
330.734,209.822,-22.4846,1735.95,descent
330.744,209.824,-22.5112,1735.95,descent
330.754,209.829,-22.5324,1735.95,descent
330.775,209.593,-22.5858,1735.95,descent
330.786,209.59,-22.6119,1735.95,descent
330.796,209.593,-22.6358,1735.95,descent
330.806,209.597,-22.658,1735.95,descent
330.817,209.598,-22.6791,1735.95,descent
330.827,209.593,-22.6998,1735.95,descent
330.838,209.587,-22.7197,1735.95,descent
330.848,209.584,-22.7382,1735.95,descent
330.859,209.585,-22.7553,1735.95,descent
330.869,209.583,-22.7715,1735.95,descent
330.879,209.589,-22.7864,1735.95,descent
330.889,209.592,-22.8003,1735.95,descent
330.9,209.573,-22.8153,1735.95,descent
330.911,209.555,-22.83,1735.95,descent
330.921,209.557,-22.8427,1735.95,descent
330.932,209.536,-22.8564,1735.95,descent
330.942,209.537,-22.8682,1735.95,descent
330.953,209.521,-22.8806,1735.95,descent
330.963,209.509,-22.8924,1735.95,descent
330.973,209.505,-22.9032,1735.95,descent
330.984,209.491,-22.9142,1735.95,descent
331.005,209.243,-22.9495,1735.95,descent
331.016,209.23,-22.9671,1735.95,descent
331.027,209.211,-22.9845,1735.95,descent
331.038,209.195,-22.9973,1735.95,descent
331.058,208.957,-23.0328,1735.95,descent
331.069,208.96,-23.0495,1735.95,descent
331.079,208.959,-23.0654,1735.95,descent
331.09,208.95,-23.0811,1735.95,descent
331.1,208.949,-23.0954,1735.95,descent
331.11,208.952,-23.1083,1735.95,descent
331.121,208.952,-23.1207,1735.95,descent
331.132,208.937,-23.1335,1735.95,descent
331.163,208.448,-23.2087,1735.95,descent
331.174,208.446,-23.2333,1735.95,descent
331.187,208.402,-23.2614,1735.95,descent
331.197,208.409,-23.2831,1735.95,descent
331.208,208.419,-23.3028,1735.95,descent
331.218,208.428,-23.321,1735.95,descent
331.228,208.437,-23.3377,1735.95,descent
331.239,208.433,-23.3544,1735.95,descent
331.249,208.442,-23.3688,1735.95,descent
331.26,208.448,-23.3821,1735.95,descent
331.27,208.452,-23.3946,1735.95,descent
331.281,208.45,-23.4065,1735.95,descent
331.291,208.445,-23.4178,1735.95,descent
331.303,208.403,-23.4313,1735.95,descent
331.325,208.161,-23.4668,1735.95,descent
331.335,208.162,-23.4836,1735.95,descent
331.346,208.165,-23.4992,1735.95,descent
331.357,208.147,-23.5152,1735.95,descent
331.368,208.16,-23.5283,1735.95,descent
331.378,208.176,-23.5395,1735.95,descent
331.388,208.174,-23.5507,1735.95,descent
331.399,208.178,-23.5604,1735.95,descent
331.409,208.187,-23.5689,1735.95,descent
331.419,208.194,-23.5763,1735.95,descent
331.429,208.2,-23.5828,1735.95,descent
331.44,208.19,-23.5893,1735.95,descent
331.451,208.189,-23.595,1735.95,descent
331.461,208.193,-23.5997,1735.95,descent
331.471,208.195,-23.6038,1735.95,descent
331.482,208.189,-23.6077,1735.95,descent
331.493,208.182,-23.6113,1735.95,descent
331.503,208.184,-23.6141,1735.95,descent
331.513,208.187,-23.6164,1735.95,descent
331.524,208.189,-23.6181,1735.95,descent
331.535,208.172,-23.6201,1735.95,descent
331.546,208.156,-23.6221,1735.95,descent
331.556,208.162,-23.6234,1735.95,descent
331.567,208.147,-23.6249,1735.95,descent
331.577,208.152,-23.6258,1735.95,descent
331.587,208.153,-23.6263,1735.95,descent
331.597,208.154,-23.623,1735.95,descent
331.629,207.652,-23.6549,1735.95,descent
331.641,207.61,-23.6678,1735.95,descent
331.652,207.611,-23.678,1735.95,descent
331.663,207.623,-23.6866,1735.95,descent
331.673,207.633,-23.694,1735.95,descent
331.683,207.64,-23.7006,1735.95,descent
331.694,207.634,-23.707,1735.95,descent
331.704,207.647,-23.7119,1735.95,descent
331.715,207.651,-23.7162,1735.95,descent
331.725,207.659,-23.7197,1735.95,descent
331.735,207.672,-23.7222,1735.95,descent
331.745,207.684,-23.7238,1735.95,descent
331.767,207.417,-23.7433,1735.95,descent
331.777,207.432,-23.751,1735.95,descent
331.788,207.436,-23.7545,1735.95,descent
331.81,207.173,-23.7756,1735.95,descent
331.82,207.187,-23.7844,1735.95,descent
331.83,207.209,-23.7915,1735.95,descent
331.84,207.228,-23.794,1735.95,descent
331.872,206.747,-23.8383,1735.95,descent
331.882,206.777,-23.8464,1735.95,descent
331.915,206.29,-23.907,1735.95,descent
331.925,206.332,-23.9238,1735.95,descent
331.936,206.359,-23.9392,1735.95,descent
331.946,206.396,-23.9517,1735.95,descent
331.967,206.197,-23.9843,1735.95,descent
331.977,206.242,-23.998,1735.95,descent
331.988,206.267,-24.0106,1735.95,descent
331.998,206.316,-24.0195,1735.95,descent
332.009,206.342,-24.0273,1735.95,descent
332.02,206.377,-24.0328,1735.95,descent
332.031,206.399,-24.037,1735.95,descent
332.043,206.391,-24.0411,1735.95,descent
332.053,206.426,-24.0428,1735.95,descent
332.064,206.464,-24.0427,1735.95,descent
332.074,206.501,-24.041,1735.95,descent
332.085,206.519,-24.0382,1735.95,descent
332.095,206.548,-24.0343,1735.95,descent
332.106,206.578,-24.0291,1735.95,descent
332.116,206.616,-24.0228,1735.95,descent
332.126,206.649,-24.0152,1735.95,descent
332.137,206.663,-24.0066,1735.95,descent
332.148,206.684,-23.9976,1735.95,descent
332.158,206.715,-23.988,1735.95,descent
332.169,206.726,-23.9774,1735.95,descent
332.18,206.739,-23.9664,1735.95,descent
332.191,206.758,-23.9553,1735.95,descent
332.201,206.787,-23.944,1735.95,descent
332.211,206.807,-23.9318,1735.95,descent
332.222,206.824,-23.9192,1735.95,descent
332.232,206.853,-23.9066,1735.95,descent
332.243,206.864,-23.893,1735.95,descent
332.253,206.885,-23.8796,1735.95,descent
332.263,206.908,-23.866,1735.95,descent
332.276,206.883,-23.8512,1735.95,descent
332.287,206.889,-23.838,1735.95,descent
332.297,206.906,-23.825,1735.95,descent
332.307,206.927,-23.8121,1735.95,descent
332.317,206.948,-23.7989,1735.95,descent
332.328,206.971,-23.7855,1735.95,descent
332.339,206.972,-23.7713,1735.95,descent
332.349,206.982,-23.7577,1735.95,descent
332.359,206.998,-23.7443,1735.95,descent
332.37,207.016,-23.7308,1735.95,descent
332.38,207.035,-23.7172,1735.95,descent
332.391,207.039,-23.7031,1735.95,descent
332.401,207.059,-23.6898,1735.95,descent
332.411,207.08,-23.6762,1735.95,descent
332.421,207.098,-23.6625,1735.95,descent
332.431,207.118,-23.6453,1735.95,descent
332.442,207.115,-23.6274,1735.95,descent
332.452,207.12,-23.6105,1735.95,descent
332.463,207.122,-23.5939,1735.95,descent
332.474,207.122,-23.578,1735.95,descent
332.484,207.139,-23.5632,1735.95,descent
332.494,207.149,-23.5482,1735.95,descent
332.504,207.158,-23.5334,1735.95,descent
332.515,207.155,-23.5185,1735.95,descent
332.526,207.163,-23.5047,1735.95,descent
332.536,207.18,-23.4913,1735.95,descent
332.546,207.194,-23.4779,1735.95,descent
332.556,207.207,-23.4646,1735.95,descent
332.567,207.2,-23.4509,1735.95,descent
332.577,207.196,-23.4381,1735.95,descent
332.588,207.188,-23.426,1735.95,descent
332.599,207.187,-23.4145,1735.95,descent
332.609,207.193,-23.4037,1735.95,descent
332.623,207.133,-23.393,1735.95,descent
332.633,207.146,-23.3847,1735.95,descent
332.644,207.135,-23.3764,1735.95,descent
332.655,207.128,-23.3686,1735.95,descent
332.665,207.124,-23.3614,1735.95,descent
332.676,207.117,-23.3546,1735.95,descent
332.687,207.107,-23.3483,1735.95,descent
332.698,207.1,-23.3425,1735.95,descent
332.708,207.109,-23.337,1735.95,descent
332.719,207.113,-23.3314,1735.95,descent
332.729,207.119,-23.3259,1735.95,descent
332.74,207.115,-23.3204,1735.95,descent
332.75,207.115,-23.3152,1735.95,descent
332.76,207.121,-23.3101,1735.95,descent
332.771,207.127,-23.3051,1735.95,descent
332.781,207.13,-23.2966,1735.95,descent
332.801,206.904,-23.294,1735.95,descent
332.812,206.903,-23.2927,1735.95,descent
332.823,206.909,-23.2912,1735.95,descent
332.833,206.914,-23.2896,1735.95,descent
332.843,206.928,-23.2876,1735.95,descent
332.854,206.928,-23.2856,1735.95,descent
332.865,206.919,-23.2838,1735.95,descent
332.875,206.933,-23.2817,1735.95,descent
332.886,206.923,-23.2799,1735.95,descent
332.896,206.932,-23.2779,1735.95,descent
332.906,206.942,-23.2757,1735.95,descent
332.916,206.953,-23.2732,1735.95,descent
332.926,206.962,-23.2671,1735.95,descent
332.948,206.708,-23.2704,1735.95,descent
332.961,206.67,-23.2736,1735.95,descent
332.982,206.428,-23.2936,1735.95,descent
332.993,206.428,-23.3032,1735.95,descent
333.004,206.437,-23.3116,1735.95,descent
333.014,206.457,-23.3186,1735.95,descent
333.024,206.479,-23.3245,1735.95,descent
333.035,206.495,-23.3295,1735.95,descent
333.045,206.515,-23.3335,1735.95,descent
333.056,206.514,-23.3376,1735.95,descent
333.066,206.535,-23.3404,1735.95,descent
333.077,206.538,-23.3432,1735.95,descent
333.087,206.56,-23.3449,1735.95,descent
333.097,206.562,-23.3465,1735.95,descent
333.108,206.562,-23.3445,1735.95,descent
333.13,206.323,-23.3547,1735.95,descent
333.14,206.33,-23.3593,1735.95,descent
333.15,206.357,-23.3624,1735.95,descent
333.172,206.128,-23.382,1735.95,descent
333.182,206.148,-23.3905,1735.95,descent
333.193,206.159,-23.3984,1735.95,descent
333.204,206.173,-23.4015,1735.95,descent
333.224,205.963,-23.4182,1735.95,descent
333.234,205.994,-23.4251,1735.95,descent
333.246,205.986,-23.4329,1735.95,descent
333.257,206,-23.4351,1735.95,descent
333.278,205.779,-23.4512,1735.95,descent
333.288,205.82,-23.4571,1735.95,descent
333.299,205.857,-23.4615,1735.95,descent
333.309,205.89,-23.4645,1735.95,descent
333.319,205.929,-23.466,1735.95,descent
333.33,205.944,-23.4668,1735.95,descent
333.341,205.957,-23.467,1735.95,descent
333.351,205.992,-23.466,1735.95,descent
333.361,206.014,-23.4641,1735.95,descent
333.383,205.783,-23.4749,1735.95,descent
333.393,205.818,-23.4786,1735.95,descent
333.404,205.852,-23.4809,1735.95,descent
333.415,205.867,-23.4826,1735.95,descent
333.425,205.897,-23.4831,1735.95,descent
333.436,205.923,-23.4825,1735.95,descent
333.446,205.956,-23.4808,1735.95,descent
333.456,205.992,-23.478,1735.95,descent
333.466,206.023,-23.4741,1735.95,descent
333.476,206.058,-23.4693,1735.95,descent
333.486,206.091,-23.4636,1735.95,descent
333.496,206.119,-23.4571,1735.95,descent
333.507,206.131,-23.4499,1735.95,descent
333.518,206.148,-23.4426,1735.95,descent
333.528,206.176,-23.435,1735.95,descent
333.538,206.204,-23.4268,1735.95,descent
333.548,206.232,-23.4181,1735.95,descent
333.558,206.259,-23.4089,1735.95,descent
333.568,206.288,-23.396,1735.95,descent
333.6,205.825,-23.3987,1735.95,descent
333.61,205.865,-23.3983,1735.95,descent
333.632,205.635,-23.4117,1735.95,descent
333.642,205.681,-23.416,1735.95,descent
333.653,205.699,-23.4198,1735.95,descent
333.664,205.724,-23.4185,1735.95,descent
333.705,205.035,-23.4854,1735.95,descent
333.716,205.096,-23.4988,1735.95,descent
333.726,205.153,-23.5097,1735.95,descent
333.736,205.203,-23.5185,1735.95,descent
333.747,205.238,-23.5258,1735.95,descent
333.758,205.286,-23.5306,1735.95,descent
333.768,205.343,-23.533,1735.95,descent
333.778,205.393,-23.5335,1735.95,descent
333.788,205.44,-23.5324,1735.95,descent
333.799,205.471,-23.5298,1735.95,descent
333.81,205.511,-23.526,1735.95,descent
333.82,205.558,-23.5208,1735.95,descent
333.83,205.608,-23.5142,1735.95,descent
333.841,205.646,-23.5062,1735.95,descent
333.851,205.693,-23.4973,1735.95,descent
333.862,205.717,-23.4869,1735.95,descent
333.872,205.762,-23.4763,1735.95,descent
333.882,205.789,-23.4644,1735.95,descent
333.892,205.833,-23.4523,1735.95,descent
333.903,205.855,-23.4388,1735.95,descent
333.914,205.894,-23.4254,1735.95,descent
333.924,205.923,-23.4112,1735.95,descent
333.934,205.964,-23.3968,1735.95,descent
333.945,205.985,-23.3812,1735.95,descent
333.955,206.019,-23.3659,1735.95,descent
333.966,206.055,-23.3502,1735.95,descent
333.976,206.091,-23.334,1735.95,descent
333.986,206.125,-23.3175,1735.95,descent
333.996,206.163,-23.3006,1735.95,descent
334.006,206.198,-23.2832,1735.95,descent
334.016,206.227,-23.2653,1735.95,descent
334.026,206.259,-23.2474,1735.95,descent
334.037,206.287,-23.229,1735.95,descent
334.047,206.319,-23.2108,1735.95,descent
334.058,206.309,-23.1908,1735.95,descent
334.069,206.322,-23.1728,1735.95,descent
334.08,206.342,-23.1518,1735.95,descent
334.112,205.881,-23.1358,1735.95,descent
334.122,205.922,-23.1298,1735.95,descent
334.133,205.958,-23.1226,1735.95,descent
334.143,205.994,-23.1146,1735.95,descent
334.154,206.014,-23.1056,1735.95,descent
334.164,206.054,-23.0932,1735.95,descent
334.195,205.618,-23.0954,1735.95,descent
334.206,205.657,-23.0947,1735.95,descent
334.216,205.704,-23.0925,1735.95,descent
334.227,205.742,-23.089,1735.95,descent
334.237,205.787,-23.0807,1735.95,descent
334.269,205.347,-23.0949,1735.95,descent
334.28,205.392,-23.098,1735.95,descent
334.291,205.417,-23.1,1735.95,descent
334.301,205.473,-23.0997,1735.95,descent
334.312,205.526,-23.0975,1735.95,descent
334.322,205.58,-23.0936,1735.95,descent
334.332,205.635,-23.088,1735.95,descent
334.344,205.643,-23.0812,1735.95,descent
334.355,205.678,-23.074,1735.95,descent
334.365,205.735,-23.0658,1735.95,descent
334.376,205.768,-23.056,1735.95,descent
334.386,205.821,-23.0457,1735.95,descent
334.397,205.853,-23.0338,1735.95,descent
334.408,205.899,-23.0181,1735.95,descent
334.44,205.459,-23.0129,1735.95,descent
334.461,205.284,-23.0203,1735.95,descent
334.471,205.339,-23.0219,1735.95,descent
334.481,205.403,-23.0212,1735.95,descent
334.492,205.461,-23.0184,1735.95,descent
334.502,205.519,-23.0138,1735.95,descent
334.515,205.52,-23.0081,1735.95,descent
334.525,205.577,-23.0018,1735.95,descent
334.535,205.632,-22.9938,1735.95,descent
334.546,205.689,-22.9843,1735.95,descent
334.556,205.748,-22.9734,1735.95,descent
334.567,205.787,-22.9606,1735.95,descent
334.578,205.825,-22.9472,1735.95,descent
334.589,205.861,-22.933,1735.95,descent
334.599,205.916,-22.9188,1735.95,descent
334.609,205.955,-22.903,1735.95,descent
334.62,205.99,-22.8866,1735.95,descent
334.643,205.77,-22.8706,1735.95,descent
334.653,205.828,-22.8617,1735.95,descent
334.663,205.887,-22.8514,1735.95,descent
334.673,205.945,-22.8397,1735.95,descent
334.686,205.94,-22.8258,1735.95,descent
334.696,205.98,-22.8133,1735.95,descent
334.707,206.029,-22.8003,1735.95,descent
334.717,206.083,-22.7864,1735.95,descent
334.727,206.134,-22.7714,1735.95,descent
334.737,206.185,-22.7555,1735.95,descent
334.747,206.235,-22.7387,1735.95,descent
334.757,206.282,-22.7212,1735.95,descent
334.767,206.333,-22.7031,1735.95,descent
334.777,206.375,-22.6842,1735.95,descent
334.787,206.421,-22.665,1735.95,descent
334.798,206.459,-22.6451,1735.95,descent
334.809,206.482,-22.6242,1735.95,descent
334.819,206.524,-22.6046,1735.95,descent
334.83,206.545,-22.5836,1735.95,descent
334.84,206.576,-22.5636,1735.95,descent
334.85,206.617,-22.5441,1735.95,descent
334.861,206.638,-22.5234,1735.95,descent
334.871,206.669,-22.5003,1735.95,descent
334.904,206.229,-22.4771,1735.95,descent
334.914,206.271,-22.4688,1735.95,descent
334.924,206.314,-22.4596,1735.95,descent
334.935,206.359,-22.4495,1735.95,descent
334.945,206.4,-22.4387,1735.95,descent
334.955,206.443,-22.4271,1735.95,descent
334.966,206.473,-22.4146,1735.95,descent
334.977,206.513,-22.402,1735.95,descent
334.987,206.551,-22.3889,1735.95,descent
334.997,206.589,-22.3753,1735.95,descent
335.007,206.63,-22.3615,1735.95,descent
335.018,206.649,-22.3467,1735.95,descent
335.029,206.677,-22.3322,1735.95,descent
335.039,206.715,-22.318,1735.95,descent
335.049,206.748,-22.3033,1735.95,descent
335.06,206.766,-22.2881,1735.95,descent
335.07,206.801,-22.2738,1735.95,descent
335.081,206.84,-22.2592,1735.95,descent
335.092,206.838,-22.2432,1735.95,descent
335.103,206.855,-22.2288,1735.95,descent
335.113,206.891,-22.2153,1735.95,descent
335.124,206.908,-22.2011,1735.95,descent
335.134,206.938,-22.1874,1735.95,descent
335.145,206.963,-22.1737,1735.95,descent
335.166,206.754,-22.1624,1735.95,descent
335.177,206.785,-22.1563,1735.95,descent
335.187,206.821,-22.1498,1735.95,descent
335.197,206.854,-22.1425,1735.95,descent
335.207,206.885,-22.1349,1735.95,descent
335.218,206.9,-22.1268,1735.95,descent
335.229,206.922,-22.1189,1735.95,descent
335.239,206.954,-22.1075,1735.95,descent
335.271,206.51,-22.1163,1735.95,descent
335.281,206.556,-22.1178,1735.95,descent
335.291,206.602,-22.1179,1735.95,descent
335.301,206.643,-22.1169,1735.95,descent
335.313,206.646,-22.1159,1735.95,descent
335.324,206.677,-22.1143,1735.95,descent
335.334,206.714,-22.1118,1735.95,descent
335.344,206.752,-22.105,1735.95,descent
335.375,206.337,-22.1234,1735.95,descent
335.386,206.37,-22.1287,1735.95,descent
335.396,206.418,-22.1285,1735.95,descent
335.428,206.007,-22.1384,1735.95,descent
335.449,205.828,-22.1571,1735.95,descent
335.46,205.889,-22.1642,1735.95,descent
335.47,205.942,-22.1694,1735.95,descent
335.48,206.009,-22.1721,1735.95,descent
335.491,206.073,-22.1727,1735.95,descent
335.501,206.132,-22.1716,1735.95,descent
335.511,206.191,-22.1688,1735.95,descent
335.521,206.252,-22.1645,1735.95,descent
335.531,206.311,-22.1586,1735.95,descent
335.542,206.348,-22.1514,1735.95,descent
335.553,206.391,-22.1434,1735.95,descent
335.563,206.441,-22.1348,1735.95,descent
335.573,206.492,-22.1252,1735.95,descent
335.583,206.544,-22.1146,1735.95,descent
335.594,206.576,-22.1029,1735.95,descent
335.605,206.62,-22.0912,1735.95,descent
335.616,206.649,-22.0786,1735.95,descent
335.626,206.681,-22.0661,1735.95,descent
335.637,206.718,-22.0497,1735.95,descent
335.68,206.068,-22.0698,1735.95,descent
335.69,206.124,-22.073,1735.95,descent
335.701,206.181,-22.0743,1735.95,descent
335.711,206.24,-22.0739,1735.95,descent
335.722,206.292,-22.0718,1735.95,descent
335.732,206.342,-22.0684,1735.95,descent
335.742,206.398,-22.0636,1735.95,descent
335.753,206.45,-22.0574,1735.95,descent
335.763,206.508,-22.0501,1735.95,descent
335.773,206.565,-22.0415,1735.95,descent
335.784,206.601,-22.0315,1735.95,descent
335.794,206.643,-22.0212,1735.95,descent
335.805,206.684,-22.0101,1735.95,descent
335.816,206.716,-21.9984,1735.95,descent
335.826,206.767,-21.9868,1735.95,descent
335.837,206.801,-21.9741,1735.95,descent
335.847,206.849,-21.9615,1735.95,descent
335.858,206.875,-21.9477,1735.95,descent
335.868,206.912,-21.9343,1735.95,descent
335.879,206.94,-21.9203,1735.95,descent
335.89,206.969,-21.9065,1735.95,descent
335.9,207.013,-21.8929,1735.95,descent
335.91,207.053,-21.879,1735.95,descent
335.92,207.096,-21.8615,1735.95,descent
335.955,206.623,-21.8561,1735.95,descent
335.965,206.66,-21.8536,1735.95,descent
335.976,206.708,-21.85,1735.95,descent
335.986,206.757,-21.8453,1735.95,descent
335.998,206.765,-21.84,1735.95,descent
336.009,206.797,-21.8307,1735.95,descent
336.041,206.385,-21.8448,1735.95,descent
336.051,206.439,-21.8478,1735.95,descent
336.062,206.481,-21.8494,1735.95,descent
336.073,206.53,-21.8496,1735.95,descent
336.083,206.587,-21.848,1735.95,descent
336.093,206.643,-21.845,1735.95,descent
336.114,206.478,-21.8505,1735.95,descent
336.125,206.518,-21.8521,1735.95,descent
336.135,206.572,-21.852,1735.95,descent
336.146,206.624,-21.8504,1735.95,descent
336.156,206.678,-21.8473,1735.95,descent
336.166,206.735,-21.8428,1735.95,descent
336.177,206.776,-21.8371,1735.95,descent
336.187,206.816,-21.8306,1735.95,descent
336.198,207.646,-21.7936,1735.95,descent
336.218,207.475,-21.7386,1735.95,descent
336.229,207.507,-21.7104,1735.95,descent
336.239,207.555,-21.6843,1735.95,descent
336.25,207.582,-21.6566,1735.95,descent
336.26,207.628,-21.6314,1735.95,descent
336.271,207.663,-21.6056,1735.95,descent
336.286,207.601,-21.5747,1735.95,descent
336.296,207.634,-21.5536,1735.95,descent
336.307,207.669,-21.5329,1735.95,descent
336.317,207.714,-21.5129,1735.95,descent
336.327,207.756,-21.4929,1735.95,descent
336.34,207.736,-21.47,1735.95,descent
336.351,207.758,-21.4514,1735.95,descent
336.361,207.798,-21.4343,1735.95,descent
336.371,207.826,-21.4167,1735.95,descent
336.382,207.859,-21.3998,1735.95,descent
336.392,207.894,-21.383,1735.95,descent
336.402,207.921,-21.3663,1735.95,descent
336.413,207.936,-21.3495,1735.95,descent
336.424,207.966,-21.3341,1735.95,descent
336.434,207.996,-21.3189,1735.95,descent
336.444,208.023,-21.3004,1735.95,descent
336.476,207.616,-21.2901,1735.95,descent
336.486,207.65,-21.2864,1735.95,descent
336.496,207.686,-21.2821,1735.95,descent
336.507,207.721,-21.2773,1735.95,descent
336.517,207.758,-21.272,1735.95,descent
336.528,207.779,-21.2664,1735.95,descent
336.538,207.808,-21.2608,1735.95,descent
336.549,207.842,-21.2549,1735.95,descent
336.559,207.871,-21.2488,1735.95,descent
336.572,207.844,-21.2434,1735.95,descent
336.582,207.88,-21.2353,1735.95,descent
336.614,207.473,-21.2518,1735.95,descent
336.625,207.489,-21.2575,1735.95,descent
336.635,207.53,-21.2615,1735.95,descent
336.646,207.57,-21.261,1735.95,descent
336.677,207.163,-21.2977,1735.95,descent
336.688,207.213,-21.3079,1735.95,descent
336.698,207.266,-21.3163,1735.95,descent
336.708,207.315,-21.323,1735.95,descent
336.718,207.36,-21.3285,1735.95,descent
336.729,207.393,-21.3331,1735.95,descent
336.74,207.433,-21.3365,1735.95,descent
336.75,207.479,-21.3386,1735.95,descent
336.76,207.517,-21.3397,1735.95,descent
336.771,207.542,-21.3404,1735.95,descent
336.782,207.573,-21.3405,1735.95,descent
336.792,207.613,-21.3397,1735.95,descent
336.803,207.636,-21.3385,1735.95,descent
336.814,207.658,-21.3371,1735.95,descent
336.824,207.692,-21.3352,1735.95,descent
336.835,207.721,-21.3327,1735.95,descent
336.845,207.758,-21.3297,1735.95,descent
336.855,207.796,-21.3261,1735.95,descent
336.865,207.832,-21.3219,1735.95,descent
336.875,207.865,-21.3172,1735.95,descent
336.885,207.898,-21.3122,1735.95,descent
336.896,207.927,-21.3067,1735.95,descent
336.906,207.945,-21.3013,1735.95,descent
336.917,207.974,-21.2958,1735.95,descent
336.927,207.993,-21.2902,1735.95,descent
336.938,208.014,-21.2848,1735.95,descent
336.948,208.04,-21.2794,1735.95,descent
336.958,208.06,-21.2704,1735.95,descent
336.99,207.641,-21.2864,1735.95,descent
337.01,207.461,-21.3086,1735.95,descent
337.021,207.496,-21.3185,1735.95,descent
337.032,207.523,-21.3278,1735.95,descent
337.042,207.554,-21.3358,1735.95,descent
337.052,207.588,-21.3425,1735.95,descent
337.063,207.623,-21.3482,1735.95,descent
337.073,207.66,-21.3527,1735.95,descent
337.084,207.679,-21.3571,1735.95,descent
337.094,207.704,-21.3608,1735.95,descent
337.104,207.732,-21.3637,1735.95,descent
337.115,207.761,-21.3659,1735.95,descent
337.125,207.796,-21.3672,1735.95,descent
337.135,207.829,-21.3679,1735.95,descent
337.145,207.862,-21.3678,1735.95,descent
337.155,207.889,-21.3673,1735.95,descent
337.165,207.912,-21.3664,1735.95,descent
337.175,207.942,-21.3652,1735.95,descent
337.185,207.97,-21.3634,1735.95,descent
337.196,207.98,-21.3618,1735.95,descent
337.206,208.005,-21.3599,1735.95,descent
337.217,208.01,-21.3583,1735.95,descent
337.228,208.026,-21.3568,1735.95,descent
337.25,207.802,-21.3705,1735.95,descent
337.262,207.793,-21.3734,1735.95,descent
337.294,207.358,-21.4213,1735.95,descent
337.304,207.395,-21.4353,1735.95,descent
337.316,207.39,-21.4516,1735.95,descent
337.327,207.409,-21.4652,1735.95,descent
337.337,207.45,-21.4761,1735.95,descent
337.347,207.492,-21.4854,1735.95,descent
337.368,207.295,-21.517,1735.95,descent
337.379,207.331,-21.531,1735.95,descent
337.39,207.358,-21.5442,1735.95,descent
337.4,207.383,-21.5562,1735.95,descent
337.411,207.408,-21.5671,1735.95,descent
337.421,207.446,-21.576,1735.95,descent
337.431,207.483,-21.5836,1735.95,descent
337.442,207.515,-21.5902,1735.95,descent
337.452,207.546,-21.5959,1735.95,descent
337.462,207.577,-21.6005,1735.95,descent
337.472,207.61,-21.6042,1735.95,descent
337.483,207.623,-21.6079,1735.95,descent
337.493,207.65,-21.6107,1735.95,descent
337.504,207.674,-21.6129,1735.95,descent
337.514,207.695,-21.6147,1735.95,descent
337.525,207.717,-21.616,1735.95,descent
337.536,207.726,-21.6174,1735.95,descent
337.546,207.751,-21.6182,1735.95,descent
337.556,207.775,-21.6185,1735.95,descent
337.566,207.793,-21.6186,1735.95,descent
337.577,207.8,-21.6189,1735.95,descent
337.588,207.813,-21.619,1735.95,descent
337.598,207.834,-21.6189,1735.95,descent
337.608,207.856,-21.6184,1735.95,descent
337.619,207.876,-21.6176,1735.95,descent
337.629,207.9,-21.6165,1735.95,descent
337.64,207.901,-21.6157,1735.95,descent
337.65,207.923,-21.6146,1735.95,descent
337.661,207.924,-21.6139,1735.95,descent
337.671,207.927,-21.6136,1735.95,descent
337.692,207.726,-21.6268,1735.95,descent
337.702,207.753,-21.6324,1735.95,descent
337.712,207.777,-21.6374,1735.95,descent
337.723,207.78,-21.6427,1735.95,descent
337.733,207.804,-21.6438,1735.95,descent
337.765,207.355,-21.688,1735.95,descent
337.776,207.372,-21.7022,1735.95,descent
337.787,207.386,-21.7155,1735.95,descent
337.798,207.405,-21.7275,1735.95,descent
337.808,207.432,-21.738,1735.95,descent
337.818,207.456,-21.7441,1735.95,descent
337.85,207.027,-21.7733,1735.95,descent
337.882,206.609,-21.8377,1735.95,descent
337.893,206.625,-21.8606,1735.95,descent
337.904,206.663,-21.8753,1735.95,descent
337.936,206.237,-21.9514,1735.95,descent
337.947,206.297,-21.9731,1735.95,descent
337.958,206.339,-21.9939,1735.95,descent
337.969,206.387,-22.0117,1735.95,descent
337.979,206.446,-22.0259,1735.95,descent
337.989,206.507,-22.0375,1735.95,descent
338,206.565,-22.0468,1735.95,descent
338.011,206.602,-22.0553,1735.95,descent
338.021,206.643,-22.0583,1735.95,descent
338.053,206.239,-22.101,1735.95,descent
338.063,206.308,-22.1121,1735.95,descent
338.074,206.358,-22.1219,1735.95,descent
338.085,206.408,-22.1296,1735.95,descent
338.096,206.456,-22.1354,1735.95,descent
338.106,206.52,-22.1386,1735.95,descent
338.116,206.582,-22.1398,1735.95,descent
338.129,206.578,-22.1417,1735.95,descent
338.14,206.619,-22.1419,1735.95,descent
338.15,206.667,-22.1406,1735.95,descent
338.16,206.723,-22.1378,1735.95,descent
338.182,206.537,-22.1324,1735.95,descent
338.214,206.126,-22.1627,1735.95,descent
338.225,206.182,-22.1708,1735.95,descent
338.235,206.247,-22.1762,1735.95,descent
338.246,206.313,-22.1792,1735.95,descent
338.256,206.37,-22.1803,1735.95,descent
338.267,206.435,-22.1792,1735.95,descent
338.277,206.504,-22.1762,1735.95,descent
338.288,206.55,-22.1715,1735.95,descent
338.3,206.57,-22.1661,1735.95,descent
338.31,206.632,-22.1599,1735.95,descent
338.32,206.695,-22.1521,1735.95,descent
338.331,206.743,-22.1429,1735.95,descent
338.341,206.789,-22.1327,1735.95,descent
338.352,206.84,-22.1217,1735.95,descent
338.362,206.897,-22.11,1735.95,descent
338.372,206.944,-22.0969,1735.95,descent
338.383,206.977,-22.083,1735.95,descent
338.394,207.017,-22.0689,1735.95,descent
338.404,207.066,-22.0548,1735.95,descent
338.415,207.101,-22.0395,1735.95,descent
338.425,207.151,-22.0247,1735.95,descent
338.435,207.198,-22.0092,1735.95,descent
338.446,207.224,-21.9924,1735.95,descent
338.456,207.271,-21.9765,1735.95,descent
338.467,207.295,-21.9595,1735.95,descent
338.478,207.32,-21.9428,1735.95,descent
338.488,207.357,-21.9268,1735.95,descent
338.499,207.386,-21.9105,1735.95,descent
338.509,207.422,-21.8945,1735.95,descent
338.52,207.456,-21.8784,1735.95,descent
338.53,207.479,-21.8619,1735.95,descent
338.541,207.502,-21.8458,1735.95,descent
338.551,207.536,-21.8271,1735.95,descent
338.562,207.556,-21.808,1735.95,descent
338.573,207.575,-21.7893,1735.95,descent
338.589,207.501,-21.7692,1735.95,descent
338.599,207.537,-21.7556,1735.95,descent
338.61,207.556,-21.7414,1735.95,descent
338.62,207.588,-21.728,1735.95,descent
338.631,207.603,-21.7142,1735.95,descent
338.643,207.605,-21.7007,1735.95,descent
338.664,207.399,-21.6929,1735.95,descent
338.674,207.429,-21.6886,1735.95,descent
338.685,207.465,-21.6838,1735.95,descent
338.696,207.487,-21.6785,1735.95,descent
338.706,207.514,-21.6731,1735.95,descent
338.716,207.546,-21.6673,1735.95,descent
338.727,207.573,-21.6612,1735.95,descent
338.738,207.587,-21.6549,1735.95,descent
338.748,207.621,-21.6487,1735.95,descent
338.759,207.64,-21.6422,1735.95,descent
338.769,207.669,-21.6356,1735.95,descent
338.78,207.681,-21.6289,1735.95,descent
338.791,207.694,-21.6226,1735.95,descent
338.801,207.707,-21.6166,1735.95,descent
338.811,207.736,-21.6106,1735.95,descent
338.822,207.753,-21.6045,1735.95,descent
338.832,207.782,-21.5984,1735.95,descent
338.852,207.598,-21.5999,1735.95,descent
338.862,207.627,-21.6,1735.95,descent
338.872,207.656,-21.5995,1735.95,descent
338.882,207.688,-21.5951,1735.95,descent
338.914,207.262,-21.6221,1735.95,descent
338.924,207.293,-21.6301,1735.95,descent
338.935,207.33,-21.6367,1735.95,descent
338.945,207.349,-21.643,1735.95,descent
338.956,207.377,-21.6483,1735.95,descent
338.966,207.409,-21.6524,1735.95,descent
338.977,207.438,-21.6558,1735.95,descent
338.987,207.474,-21.6581,1735.95,descent
338.997,207.509,-21.6595,1735.95,descent
339.007,207.541,-21.6602,1735.95,descent
339.017,207.57,-21.6602,1735.95,descent
339.027,207.597,-21.6597,1735.95,descent
339.037,207.628,-21.6586,1735.95,descent
339.049,207.616,-21.6583,1735.95,descent
339.059,207.645,-21.6575,1735.95,descent
339.069,207.674,-21.6561,1735.95,descent
339.079,207.699,-21.6543,1735.95,descent
339.089,207.725,-21.6522,1735.95,descent
339.1,207.733,-21.6501,1735.95,descent
339.111,207.738,-21.6484,1735.95,descent
339.122,207.742,-21.647,1735.95,descent
339.132,207.766,-21.6454,1735.95,descent
339.143,207.777,-21.6439,1735.95,descent
339.153,207.791,-21.6423,1735.95,descent
339.164,207.806,-21.6408,1735.95,descent
339.174,207.817,-21.6393,1735.95,descent
339.184,207.836,-21.6377,1735.95,descent
339.194,207.852,-21.6361,1735.95,descent
339.205,207.871,-21.6343,1735.95,descent
339.215,207.889,-21.6324,1735.95,descent
339.225,207.91,-21.6271,1735.95,descent
339.257,207.464,-21.6537,1735.95,descent
339.267,207.489,-21.6615,1735.95,descent
339.28,207.448,-21.6677,1735.95,descent
339.312,207.016,-21.72,1735.95,descent
339.322,207.057,-21.7349,1735.95,descent
339.334,207.055,-21.7522,1735.95,descent
339.344,207.093,-21.7652,1735.95,descent
339.355,207.114,-21.7781,1735.95,descent
339.366,207.133,-21.79,1735.95,descent
339.376,207.164,-21.8001,1735.95,descent
339.387,207.181,-21.8099,1735.95,descent
339.397,207.21,-21.8181,1735.95,descent
339.408,207.24,-21.8251,1735.95,descent
339.418,207.271,-21.8311,1735.95,descent
339.438,207.08,-21.8431,1735.95,descent
339.449,207.104,-21.8489,1735.95,descent
339.459,207.137,-21.8533,1735.95,descent
339.47,207.166,-21.857,1735.95,descent
339.48,207.197,-21.8598,1735.95,descent
339.49,207.232,-21.8615,1735.95,descent
339.5,207.267,-21.8623,1735.95,descent
339.512,207.263,-21.8638,1735.95,descent
339.522,207.295,-21.8643,1735.95,descent
339.533,207.322,-21.8641,1735.95,descent
339.544,207.334,-21.8639,1735.95,descent
339.554,207.365,-21.8631,1735.95,descent
339.564,207.396,-21.8616,1735.95,descent
339.574,207.416,-21.8597,1735.95,descent
339.584,207.442,-21.8575,1735.95,descent
339.595,207.448,-21.8516,1735.95,descent
339.627,207.02,-21.8498,1735.95,descent
339.658,206.598,-21.8882,1735.95,descent
339.669,206.63,-21.9003,1735.95,descent
339.68,206.67,-21.9104,1735.95,descent
339.691,206.704,-21.9191,1735.95,descent
339.701,206.738,-21.9265,1735.95,descent
339.712,206.777,-21.9323,1735.95,descent
339.722,206.823,-21.9365,1735.95,descent
339.732,206.864,-21.9394,1735.95,descent
339.743,206.894,-21.9416,1735.95,descent
339.754,206.926,-21.9428,1735.95,descent
339.764,206.967,-21.9428,1735.95,descent
339.774,207.007,-21.9418,1735.95,descent
339.784,207.045,-21.9399,1735.95,descent
339.797,207.026,-21.9388,1735.95,descent
339.808,207.044,-21.9376,1735.95,descent
339.819,207.065,-21.936,1735.95,descent
339.829,207.102,-21.9336,1735.95,descent
339.839,207.14,-21.9305,1735.95,descent
339.861,206.936,-21.9385,1735.95,descent
339.871,206.972,-21.9412,1735.95,descent
339.881,207.004,-21.9431,1735.95,descent
339.892,207.041,-21.9439,1735.95,descent
339.903,207.058,-21.9443,1735.95,descent
339.913,207.087,-21.944,1735.95,descent
339.923,207.126,-21.9428,1735.95,descent
339.934,207.154,-21.9409,1735.95,descent
339.944,207.19,-21.9383,1735.95,descent
339.955,207.205,-21.9353,1735.95,descent
339.965,207.226,-21.9321,1735.95,descent
339.976,207.254,-21.9286,1735.95,descent
339.986,207.287,-21.9245,1735.95,descent
339.996,207.316,-21.9198,1735.95,descent
340.007,207.329,-21.915,1735.95,descent
340.017,207.359,-21.91,1735.95,descent
340.028,207.369,-21.9049,1735.95,descent
340.04,207.358,-21.9004,1735.95,descent
340.051,207.368,-21.8925,1735.95,descent
340.072,207.162,-21.8921,1735.95,descent
340.083,207.185,-21.8916,1735.95,descent
340.093,207.212,-21.8904,1735.95,descent
340.104,207.229,-21.889,1735.95,descent
340.114,207.251,-21.8873,1735.95,descent
340.125,207.278,-21.8851,1735.95,descent
340.135,207.304,-21.8824,1735.95,descent
340.145,207.336,-21.8792,1735.95,descent
340.156,207.349,-21.8758,1735.95,descent
340.167,207.361,-21.8725,1735.95,descent
340.177,207.384,-21.869,1735.95,descent
340.187,207.405,-21.8653,1735.95,descent
340.198,207.411,-21.8617,1735.95,descent
340.21,207.4,-21.8589,1735.95,descent
340.221,207.409,-21.8564,1735.95,descent
340.231,207.437,-21.8537,1735.95,descent
340.242,207.442,-21.8472,1735.95,descent
340.295,206.559,-21.9423,1735.95,descent
340.305,206.588,-21.9607,1735.95,descent
340.316,206.625,-21.9765,1735.95,descent
340.326,206.671,-21.9897,1735.95,descent
340.336,206.718,-22.0008,1735.95,descent
340.346,206.761,-22.0102,1735.95,descent
340.357,206.803,-22.018,1735.95,descent
340.378,206.606,-22.046,1735.95,descent
340.388,206.642,-22.0542,1735.95,descent
340.42,206.22,-22.1124,1735.95,descent
340.43,206.282,-22.1281,1735.95,descent
340.441,206.322,-22.1432,1735.95,descent
340.452,206.366,-22.1558,1735.95,descent
340.462,206.413,-22.1625,1735.95,descent
340.494,205.991,-22.2171,1735.95,descent
340.505,206.047,-22.2327,1735.95,descent
340.516,206.102,-22.2454,1735.95,descent
340.526,206.164,-22.2552,1735.95,descent
340.536,206.219,-22.263,1735.95,descent
340.547,206.274,-22.2686,1735.95,descent
340.559,206.275,-22.275,1735.95,descent
340.57,206.332,-22.2782,1735.95,descent
340.58,206.387,-22.2794,1735.95,descent
340.59,206.443,-22.2788,1735.95,descent
340.6,206.499,-22.2764,1735.95,descent
340.611,206.536,-22.2728,1735.95,descent
340.622,206.571,-22.2682,1735.95,descent
340.633,206.603,-22.2628,1735.95,descent
340.643,206.656,-22.2564,1735.95,descent
340.654,206.692,-22.2488,1735.95,descent
340.665,206.732,-22.2404,1735.95,descent
340.675,206.781,-22.2313,1735.95,descent
340.685,206.821,-22.2211,1735.95,descent
340.695,206.87,-22.2103,1735.95,descent
340.705,206.912,-22.1985,1735.95,descent
340.716,206.957,-22.1827,1735.95,descent
340.768,206.091,-22.233,1735.95,descent
340.778,206.162,-22.2401,1735.95,descent
340.789,206.21,-22.2459,1735.95,descent
340.799,206.272,-22.249,1735.95,descent
340.81,206.33,-22.2501,1735.95,descent
340.82,206.392,-22.249,1735.95,descent
340.83,206.452,-22.2461,1735.95,descent
340.851,206.275,-22.252,1735.95,descent
340.862,206.331,-22.2529,1735.95,descent
340.872,206.394,-22.2516,1735.95,descent
340.882,206.457,-22.2484,1735.95,descent
340.892,206.516,-22.2434,1735.95,descent
340.903,206.558,-22.2368,1735.95,descent
340.913,206.617,-22.2291,1735.95,descent
340.924,206.654,-22.2198,1735.95,descent
340.934,206.712,-22.21,1735.95,descent
340.944,206.767,-22.1988,1735.95,descent
340.955,206.816,-22.1863,1735.95,descent
340.966,206.852,-22.1726,1735.95,descent
340.976,206.896,-22.1586,1735.95,descent
340.986,206.945,-22.1442,1735.95,descent
340.996,206.997,-22.1289,1735.95,descent
341.006,207.044,-22.1129,1735.95,descent
341.017,207.073,-22.0954,1735.95,descent
341.028,207.105,-22.0779,1735.95,descent
341.038,207.147,-22.0609,1735.95,descent
341.048,207.193,-22.0436,1735.95,descent
341.058,207.233,-22.0257,1735.95,descent
341.068,207.277,-22.0044,1735.95,descent
341.122,206.383,-22.0364,1735.95,descent
341.132,206.451,-22.0402,1735.95,descent
341.142,206.514,-22.0417,1735.95,descent
341.153,206.56,-22.0416,1735.95,descent
341.164,206.611,-22.0398,1735.95,descent
341.174,206.668,-22.0363,1735.95,descent
341.184,206.729,-22.0311,1735.95,descent
341.194,206.787,-22.0242,1735.95,descent
341.205,206.823,-22.0157,1735.95,descent
341.216,206.879,-22.0066,1735.95,descent
341.227,206.914,-21.996,1735.95,descent
341.237,206.969,-21.9849,1735.95,descent
341.248,207.003,-21.9723,1735.95,descent
341.258,207.044,-21.9594,1735.95,descent
341.269,207.088,-21.946,1735.95,descent
341.279,207.123,-21.9315,1735.95,descent
341.29,207.165,-21.917,1735.95,descent
341.3,207.212,-21.9021,1735.95,descent
341.31,207.258,-21.8865,1735.95,descent
341.321,207.285,-21.8695,1735.95,descent
341.331,207.318,-21.8529,1735.95,descent
341.342,207.351,-21.836,1735.95,descent
341.352,207.388,-21.8192,1735.95,descent
341.363,207.412,-21.8017,1735.95,descent
341.374,207.435,-21.7843,1735.95,descent
341.385,207.458,-21.7672,1735.95,descent
341.396,207.487,-21.7506,1735.95,descent
341.406,207.524,-21.7343,1735.95,descent
341.416,207.564,-21.7178,1735.95,descent
341.426,207.601,-21.701,1735.95,descent
341.437,207.621,-21.6833,1735.95,descent
341.448,207.637,-21.6659,1735.95,descent
341.458,207.672,-21.6496,1735.95,descent
341.469,207.697,-21.6295,1735.95,descent
341.49,207.508,-21.6051,1735.95,descent
341.5,207.547,-21.593,1735.95,descent
341.51,207.584,-21.577,1735.95,descent
341.561,206.756,-21.6242,1735.95,descent
341.572,206.813,-21.6316,1735.95,descent
341.582,206.876,-21.6366,1735.95,descent
341.592,206.931,-21.6397,1735.95,descent
341.603,206.968,-21.6416,1735.95,descent
341.614,207.015,-21.6419,1735.95,descent
341.624,207.067,-21.6405,1735.95,descent
341.644,206.902,-21.649,1735.95,descent
341.665,206.731,-21.6682,1735.95,descent
341.676,206.788,-21.6756,1735.95,descent
341.686,206.848,-21.6804,1735.95,descent
341.696,206.906,-21.6832,1735.95,descent
341.707,206.967,-21.6839,1735.95,descent
341.717,207.027,-21.6827,1735.95,descent
341.727,207.069,-21.68,1735.95,descent
341.738,207.115,-21.6761,1735.95,descent
341.749,207.16,-21.6674,1735.95,descent
341.759,207.199,-21.6577,1735.95,descent
341.769,207.252,-21.6475,1735.95,descent
341.78,207.296,-21.636,1735.95,descent
341.79,207.347,-21.6241,1735.95,descent
341.8,207.399,-21.6112,1735.95,descent
341.811,207.427,-21.597,1735.95,descent
341.822,207.459,-21.5828,1735.95,descent
341.833,207.491,-21.5683,1735.95,descent
341.844,207.519,-21.5538,1735.95,descent
341.855,207.546,-21.5392,1735.95,descent
341.865,207.58,-21.5248,1735.95,descent
341.876,207.618,-21.5104,1735.95,descent
341.886,207.659,-21.4958,1735.95,descent
341.896,207.7,-21.4809,1735.95,descent
341.906,207.735,-21.4655,1735.95,descent
341.917,207.756,-21.4496,1735.95,descent
341.928,207.785,-21.4342,1735.95,descent
341.938,207.819,-21.4192,1735.95,descent
341.953,207.749,-21.4023,1735.95,descent
341.964,207.777,-21.3905,1735.95,descent
341.974,207.815,-21.3789,1735.95,descent
341.985,207.833,-21.3665,1735.95,descent
341.995,207.868,-21.3548,1735.95,descent
342.007,207.866,-21.3424,1735.95,descent
342.018,207.882,-21.3312,1735.95,descent
342.028,207.907,-21.3204,1735.95,descent
342.039,207.937,-21.3098,1735.95,descent
342.049,207.965,-21.299,1735.95,descent
342.06,207.979,-21.2881,1735.95,descent
342.07,208.002,-21.2777,1735.95,descent
342.081,208.031,-21.2675,1735.95,descent
342.091,208.057,-21.2572,1735.95,descent
342.101,208.084,-21.2469,1735.95,descent
342.111,208.115,-21.2367,1735.95,descent
342.122,208.128,-21.2261,1735.95,descent
342.132,208.157,-21.2162,1735.95,descent
342.142,208.183,-21.2063,1735.95,descent
342.153,208.192,-21.1961,1735.95,descent
342.163,208.22,-21.1867,1735.95,descent
342.173,208.245,-21.1774,1735.95,descent
342.184,208.258,-21.168,1735.95,descent
342.194,208.269,-21.1591,1735.95,descent
342.204,208.294,-21.1507,1735.95,descent
342.215,208.307,-21.1389,1735.95,descent
342.246,207.899,-21.1465,1735.95,descent
342.256,207.929,-21.1484,1735.95,descent
342.267,207.955,-21.1499,1735.95,descent
342.277,207.983,-21.1507,1735.95,descent
342.287,208.01,-21.151,1735.95,descent
342.3,207.988,-21.1528,1735.95,descent
342.31,208.011,-21.1539,1735.95,descent
342.321,208.027,-21.1548,1735.95,descent
342.331,208.051,-21.1553,1735.95,descent
342.341,208.077,-21.1554,1735.95,descent
342.351,208.097,-21.1553,1735.95,descent
342.362,208.105,-21.1553,1735.95,descent
342.373,208.119,-21.1553,1735.95,descent
342.383,208.14,-21.155,1735.95,descent
342.393,208.162,-21.1545,1735.95,descent
342.403,208.18,-21.1539,1735.95,descent
342.414,208.184,-21.1536,1735.95,descent
342.424,208.205,-21.1531,1735.95,descent
342.435,208.207,-21.1531,1735.95,descent
342.445,208.228,-21.1528,1735.95,descent
342.455,208.249,-21.1524,1735.95,descent
342.466,208.262,-21.1519,1735.95,descent
342.476,208.274,-21.1516,1735.95,descent
342.487,208.276,-21.1517,1735.95,descent
342.497,208.294,-21.1517,1735.95,descent
342.508,208.293,-21.1523,1735.95,descent
342.518,208.304,-21.1529,1735.95,descent
342.528,208.318,-21.1535,1735.95,descent
342.539,208.328,-21.1542,1735.95,descent
342.549,208.34,-21.1549,1735.95,descent
342.56,208.336,-21.1564,1735.95,descent
342.571,208.337,-21.1583,1735.95,descent
342.581,208.348,-21.1568,1735.95,descent
342.633,207.471,-21.2739,1735.95,descent
342.644,207.485,-21.2974,1735.95,descent
342.655,207.511,-21.3182,1735.95,descent
342.665,207.541,-21.3369,1735.95,descent
342.675,207.57,-21.3541,1735.95,descent
342.686,207.583,-21.3678,1735.95,descent
342.718,207.162,-21.44,1735.95,descent
342.729,207.187,-21.4635,1735.95,descent
342.739,207.23,-21.4797,1735.95,descent
342.77,206.824,-21.5584,1735.95,descent
342.78,206.876,-21.5817,1735.95,descent
342.79,206.922,-21.603,1735.95,descent
342.801,206.967,-21.6219,1735.95,descent
342.811,207.018,-21.6381,1735.95,descent
342.822,207.052,-21.6536,1735.95,descent
342.832,207.09,-21.6671,1735.95,descent
342.843,207.131,-21.6785,1735.95,descent
342.853,207.167,-21.6884,1735.95,descent
342.863,207.208,-21.6966,1735.95,descent
342.876,207.199,-21.7066,1735.95,descent
342.887,207.232,-21.7138,1735.95,descent
342.897,207.271,-21.7193,1735.95,descent
342.907,207.309,-21.7236,1735.95,descent
342.917,207.352,-21.7264,1735.95,descent
342.928,207.371,-21.7289,1735.95,descent
342.939,207.395,-21.7306,1735.95,descent
342.95,207.413,-21.732,1735.95,descent
342.96,207.451,-21.7321,1735.95,descent
342.97,207.478,-21.7315,1735.95,descent
342.981,207.512,-21.7302,1735.95,descent
342.992,207.529,-21.7285,1735.95,descent
343.002,207.553,-21.7263,1735.95,descent
343.012,207.585,-21.7236,1735.95,descent
343.022,207.616,-21.7202,1735.95,descent
343.032,207.646,-21.7163,1735.95,descent
343.042,207.676,-21.7119,1735.95,descent
343.053,207.706,-21.7069,1735.95,descent
343.064,207.715,-21.7017,1735.95,descent
343.074,207.732,-21.6967,1735.95,descent
343.084,207.755,-21.6916,1735.95,descent
343.095,207.778,-21.6862,1735.95,descent
343.105,207.804,-21.6806,1735.95,descent
343.115,207.825,-21.6714,1735.95,descent
343.126,207.833,-21.6584,1735.95,descent
343.158,207.402,-21.6647,1735.95,descent
343.168,207.43,-21.6661,1735.95,descent
343.179,207.459,-21.6668,1735.95,descent
343.189,207.487,-21.6667,1735.95,descent
343.199,207.523,-21.6658,1735.95,descent
343.209,207.551,-21.6642,1735.95,descent
343.22,207.568,-21.6624,1735.95,descent
343.23,207.602,-21.6567,1735.95,descent
343.251,207.401,-21.6588,1735.95,descent
343.272,207.212,-21.6735,1735.95,descent
343.282,207.255,-21.6791,1735.95,descent
343.292,207.292,-21.6836,1735.95,descent
343.302,207.328,-21.687,1735.95,descent
343.312,207.369,-21.689,1735.95,descent
343.323,207.397,-21.6904,1735.95,descent
343.333,207.434,-21.6907,1735.95,descent
343.344,207.452,-21.6907,1735.95,descent
343.354,207.483,-21.6899,1735.95,descent
343.365,207.497,-21.6889,1735.95,descent
343.375,207.532,-21.6872,1735.95,descent
343.386,207.544,-21.6853,1735.95,descent
343.396,207.571,-21.683,1735.95,descent
343.407,207.592,-21.6804,1735.95,descent
343.417,207.613,-21.6775,1735.95,descent
343.428,207.625,-21.6745,1735.95,descent
343.439,207.644,-21.6714,1735.95,descent
343.449,207.669,-21.6681,1735.95,descent
343.459,207.694,-21.6644,1735.95,descent
343.469,207.72,-21.6604,1735.95,descent
343.479,207.743,-21.6528,1735.95,descent
343.5,207.545,-21.6515,1735.95,descent
343.511,207.562,-21.6506,1735.95,descent
343.521,207.586,-21.6493,1735.95,descent
343.531,207.612,-21.6476,1735.95,descent
343.541,207.641,-21.6453,1735.95,descent
343.552,207.668,-21.6426,1735.95,descent
343.562,207.692,-21.6395,1735.95,descent
343.573,207.702,-21.6364,1735.95,descent
343.584,207.708,-21.6335,1735.95,descent
343.594,207.728,-21.6307,1735.95,descent
343.604,207.741,-21.6278,1735.95,descent
343.615,207.765,-21.6248,1735.95,descent
343.625,207.78,-21.6217,1735.95,descent
343.636,207.791,-21.6186,1735.95,descent
343.646,207.803,-21.6157,1735.95,descent
343.656,207.825,-21.6127,1735.95,descent
343.666,207.846,-21.6095,1735.95,descent
343.676,207.866,-21.6061,1735.95,descent
343.687,207.868,-21.603,1735.95,descent
343.697,207.888,-21.5999,1735.95,descent
343.707,207.902,-21.5969,1735.95,descent
343.717,207.919,-21.5939,1735.95,descent
343.727,207.937,-21.5876,1735.95,descent
343.76,207.482,-21.6125,1735.95,descent
343.77,207.505,-21.6197,1735.95,descent
343.781,207.516,-21.6269,1735.95,descent
343.791,207.536,-21.6332,1735.95,descent
343.801,207.565,-21.6383,1735.95,descent
343.812,207.583,-21.6432,1735.95,descent
343.822,207.607,-21.6472,1735.95,descent
343.833,207.613,-21.6515,1735.95,descent
343.843,207.624,-21.6555,1735.95,descent
343.853,207.646,-21.6587,1735.95,descent
343.864,207.661,-21.6617,1735.95,descent
343.874,207.683,-21.6641,1735.95,descent
343.884,207.704,-21.6661,1735.95,descent
343.894,207.725,-21.6676,1735.95,descent
343.905,207.725,-21.6695,1735.95,descent
343.916,207.729,-21.6716,1735.95,descent
343.926,207.748,-21.6732,1735.95,descent
343.936,207.763,-21.6746,1735.95,descent
343.947,207.772,-21.6761,1735.95,descent
343.957,207.789,-21.6772,1735.95,descent
343.968,207.785,-21.6788,1735.95,descent
343.979,207.783,-21.6809,1735.95,descent
343.989,207.796,-21.6826,1735.95,descent
343.999,207.806,-21.6843,1735.95,descent
344.01,207.81,-21.6862,1735.95,descent
344.02,207.826,-21.6878,1735.95,descent
344.033,207.776,-21.6922,1735.95,descent
344.043,207.782,-21.6958,1735.95,descent
344.053,207.791,-21.6992,1735.95,descent
344.064,207.8,-21.7025,1735.95,descent
344.074,207.814,-21.7054,1735.95,descent
344.084,207.825,-21.7082,1735.95,descent
344.095,207.82,-21.7117,1735.95,descent
344.105,207.817,-21.7154,1735.95,descent
344.116,207.82,-21.7191,1735.95,descent
344.126,207.833,-21.7224,1735.95,descent
344.136,207.843,-21.7257,1735.95,descent
344.147,207.837,-21.7295,1735.95,descent
344.157,207.846,-21.733,1735.95,descent
344.167,207.858,-21.7363,1735.95,descent
344.187,207.653,-21.7558,1735.95,descent
344.198,207.647,-21.7665,1735.95,descent
344.209,207.64,-21.7772,1735.95,descent
344.22,207.633,-21.7881,1735.95,descent
344.23,207.634,-21.7984,1735.95,descent
344.241,207.643,-21.8079,1735.95,descent
344.251,207.65,-21.8171,1735.95,descent
344.263,207.623,-21.8284,1735.95,descent
344.273,207.629,-21.838,1735.95,descent
344.283,207.639,-21.8469,1735.95,descent
344.293,207.646,-21.8556,1735.95,descent
344.304,207.656,-21.8637,1735.95,descent
344.314,207.665,-21.8715,1735.95,descent
344.324,207.672,-21.8759,1735.95,descent
344.356,207.212,-21.9286,1735.95,descent
344.366,207.227,-21.9449,1735.95,descent
344.377,207.229,-21.9613,1735.95,descent
344.387,207.247,-21.9757,1735.95,descent
344.397,207.261,-21.986,1735.95,descent
344.429,206.809,-22.0532,1735.95,descent
344.44,206.828,-22.0745,1735.95,descent
344.45,206.854,-22.0933,1735.95,descent
344.461,206.864,-22.1123,1735.95,descent
344.482,206.662,-22.1579,1735.95,descent
344.492,206.694,-22.1784,1735.95,descent
344.502,206.717,-22.1981,1735.95,descent
344.512,206.75,-22.2151,1735.95,descent
344.522,206.783,-22.2304,1735.95,descent
344.533,206.814,-22.2441,1735.95,descent
344.544,206.805,-22.2601,1735.95,descent
344.555,206.825,-22.2729,1735.95,descent
344.565,206.842,-22.2849,1735.95,descent
344.576,206.866,-22.2953,1735.95,descent
344.586,206.894,-22.3043,1735.95,descent
344.597,206.901,-22.3137,1735.95,descent
344.607,206.916,-22.3219,1735.95,descent
344.618,206.935,-22.329,1735.95,descent
344.628,206.963,-22.3349,1735.95,descent
344.639,206.966,-22.3411,1735.95,descent
344.649,206.976,-22.3466,1735.95,descent
344.66,206.998,-22.3512,1735.95,descent
344.68,206.8,-22.3718,1735.95,descent
344.69,206.828,-22.3808,1735.95,descent
344.7,206.854,-22.3888,1735.95,descent
344.71,206.884,-22.3955,1735.95,descent
344.722,206.865,-22.404,1735.95,descent
344.733,206.879,-22.4109,1735.95,descent
344.743,206.897,-22.4133,1735.95,descent
344.775,206.448,-22.4585,1735.95,descent
344.786,206.468,-22.4728,1735.95,descent
344.796,206.492,-22.4855,1735.95,descent
344.807,206.519,-22.4965,1735.95,descent
344.817,206.545,-22.5061,1735.95,descent
344.828,206.574,-22.5144,1735.95,descent
344.839,206.591,-22.522,1735.95,descent
344.849,206.618,-22.5283,1735.95,descent
344.859,206.648,-22.5333,1735.95,descent
344.87,206.675,-22.5339,1735.95,descent
344.901,206.229,-22.5738,1735.95,descent
344.911,206.272,-22.5805,1735.95,descent
344.943,205.831,-22.6102,1735.95,descent
344.975,205.4,-22.6745,1735.95,descent
344.986,205.462,-22.6927,1735.95,descent
344.997,205.513,-22.7088,1735.95,descent
345.007,205.577,-22.7212,1735.95,descent
345.017,205.642,-22.7307,1735.95,descent
345.027,205.708,-22.7376,1735.95,descent
345.037,205.771,-22.7422,1735.95,descent
345.047,205.831,-22.7446,1735.95,descent
345.057,205.89,-22.745,1735.95,descent
345.067,205.947,-22.7436,1735.95,descent
345.078,205.981,-22.7409,1735.95,descent
345.089,206.029,-22.7369,1735.95,descent
345.099,206.076,-22.7316,1735.95,descent
345.109,206.129,-22.7249,1735.95,descent
345.12,206.177,-22.7169,1735.95,descent
345.13,206.225,-22.7077,1735.95,descent
345.141,206.256,-22.6975,1735.95,descent
345.151,206.297,-22.6868,1735.95,descent
345.161,206.343,-22.6754,1735.95,descent
345.172,206.383,-22.6631,1735.95,descent
345.182,206.43,-22.6503,1735.95,descent
345.193,206.46,-22.6363,1735.95,descent
345.203,206.489,-22.6221,1735.95,descent
345.214,206.526,-22.6079,1735.95,descent
345.224,206.557,-22.5933,1735.95,descent
345.234,206.598,-22.5787,1735.95,descent
345.245,206.619,-22.5629,1735.95,descent
345.255,206.658,-22.5479,1735.95,descent
345.266,206.677,-22.5318,1735.95,descent
345.276,206.714,-22.5166,1735.95,descent
345.286,206.743,-22.5008,1735.95,descent
345.297,206.764,-22.4847,1735.95,descent
345.308,206.784,-22.4687,1735.95,descent
345.319,206.801,-22.453,1735.95,descent
345.33,206.816,-22.4336,1735.95,descent
345.364,206.339,-22.4267,1735.95,descent
345.375,206.368,-22.4238,1735.95,descent
345.385,206.41,-22.4199,1735.95,descent
345.395,206.455,-22.4148,1735.95,descent
345.437,205.817,-22.43,1735.95,descent
345.468,205.407,-22.4777,1735.95,descent
345.479,205.466,-22.4915,1735.95,descent
345.49,205.534,-22.4981,1735.95,descent
345.522,205.117,-22.5509,1735.95,descent
345.532,205.211,-22.5636,1735.95,descent
345.542,205.293,-22.5732,1735.95,descent
345.553,205.375,-22.5795,1735.95,descent
345.563,205.455,-22.5828,1735.95,descent
345.573,205.531,-22.5834,1735.95,descent
345.588,205.494,-22.5788,1735.95,descent
345.62,205.104,-22.6036,1735.95,descent
345.631,205.179,-22.6092,1735.95,descent
345.642,205.246,-22.612,1735.95,descent
345.653,205.324,-22.6118,1735.95,descent
345.663,205.407,-22.6087,1735.95,descent
345.674,205.49,-22.603,1735.95,descent
345.684,205.572,-22.5947,1735.95,descent
345.695,205.64,-22.584,1735.95,descent
345.705,205.716,-22.5717,1735.95,descent
345.716,205.789,-22.554,1735.95,descent
345.748,205.39,-22.5409,1735.95,descent
345.759,205.465,-22.5341,1735.95,descent
345.769,205.556,-22.5251,1735.95,descent
345.779,205.645,-22.5136,1735.95,descent
345.789,205.73,-22.4998,1735.95,descent
345.799,205.818,-22.4839,1735.95,descent
345.81,205.879,-22.4651,1735.95,descent
345.821,205.944,-22.4452,1735.95,descent
345.832,206.004,-22.424,1735.95,descent
345.842,206.076,-22.4024,1735.95,descent
345.853,206.133,-22.3789,1735.95,descent
345.863,206.205,-22.3557,1735.95,descent
345.874,206.258,-22.3303,1735.95,descent
345.884,206.325,-22.3053,1735.95,descent
345.895,206.386,-22.2792,1735.95,descent
345.905,206.45,-22.2526,1735.95,descent
345.915,206.518,-22.2258,1735.95,descent
345.93,206.476,-22.1905,1735.95,descent
345.94,206.543,-22.1626,1735.95,descent
345.972,206.162,-22.1204,1735.95,descent
345.984,206.202,-22.104,1735.95,descent
345.994,206.274,-22.0881,1735.95,descent
346.004,206.346,-22.0709,1735.95,descent
346.014,206.418,-22.0525,1735.95,descent
346.025,206.485,-22.0326,1735.95,descent
346.036,206.535,-22.0106,1735.95,descent
346.046,206.599,-21.9891,1735.95,descent
346.056,206.659,-21.9667,1735.95,descent
346.066,206.722,-21.944,1735.95,descent
346.077,206.783,-21.9202,1735.95,descent
346.087,206.835,-21.8952,1735.95,descent
346.098,206.886,-21.8702,1735.95,descent
346.108,206.935,-21.845,1735.95,descent
346.119,206.988,-21.82,1735.95,descent
346.129,207.039,-21.7947,1735.95,descent
346.139,207.095,-21.7696,1735.95,descent
346.15,207.13,-21.7424,1735.95,descent
346.16,207.179,-21.7171,1735.95,descent
346.171,207.224,-21.6916,1735.95,descent
346.181,207.268,-21.6659,1735.95,descent
346.191,207.317,-21.6411,1735.95,descent
346.202,207.346,-21.6145,1735.95,descent
346.213,207.376,-21.5889,1735.95,descent
346.223,207.417,-21.5647,1735.95,descent
346.233,207.462,-21.5411,1735.95,descent
346.244,207.487,-21.5165,1735.95,descent
346.254,207.531,-21.4937,1735.95,descent
346.265,207.556,-21.4698,1735.95,descent
346.277,207.572,-21.4462,1735.95,descent
346.287,207.615,-21.4251,1735.95,descent
346.297,207.637,-21.4031,1735.95,descent
346.308,207.669,-21.3823,1735.95,descent
346.318,207.702,-21.3622,1735.95,descent
346.33,207.699,-21.3406,1735.95,descent
346.34,207.738,-21.3191,1735.95,descent
346.372,207.332,-21.2992,1735.95,descent
346.383,207.356,-21.2922,1735.95,descent
346.394,207.385,-21.2852,1735.95,descent
346.405,207.424,-21.278,1735.95,descent
346.415,207.469,-21.2702,1735.95,descent
346.426,207.495,-21.2618,1735.95,descent
346.437,207.52,-21.2534,1735.95,descent
346.447,207.559,-21.245,1735.95,descent
346.457,207.597,-21.2362,1735.95,descent
346.468,207.635,-21.2272,1735.95,descent
346.478,207.673,-21.2177,1735.95,descent
346.488,207.711,-21.2081,1735.95,descent
346.498,207.747,-21.1947,1735.95,descent
346.529,207.345,-21.1968,1735.95,descent
346.54,207.387,-21.1966,1735.95,descent
346.55,207.432,-21.1954,1735.95,descent
346.562,207.439,-21.1943,1735.95,descent
346.572,207.485,-21.1924,1735.95,descent
346.582,207.521,-21.1898,1735.95,descent
346.593,207.546,-21.1868,1735.95,descent
346.604,207.575,-21.1835,1735.95,descent
346.614,207.614,-21.1797,1735.95,descent
346.624,207.655,-21.1753,1735.95,descent
346.634,207.689,-21.1703,1735.95,descent
346.644,207.729,-21.1648,1735.95,descent
346.655,207.749,-21.1589,1735.95,descent
346.665,207.785,-21.1531,1735.95,descent
346.676,207.8,-21.1471,1735.95,descent
346.687,207.822,-21.1414,1735.95,descent
346.697,207.853,-21.1356,1735.95,descent
346.707,207.881,-21.1296,1735.95,descent
346.718,207.906,-21.1201,1735.95,descent
346.751,207.472,-21.1367,1735.95,descent
346.761,207.501,-21.1415,1735.95,descent
346.771,207.54,-21.1451,1735.95,descent
346.782,207.574,-21.1479,1735.95,descent
346.792,207.604,-21.15,1735.95,descent
346.803,207.63,-21.1517,1735.95,descent
346.814,207.661,-21.1527,1735.95,descent
346.824,207.696,-21.1497,1735.95,descent
346.856,207.28,-21.1809,1735.95,descent
346.866,207.324,-21.1896,1735.95,descent
346.876,207.372,-21.1965,1735.95,descent
346.886,207.417,-21.2023,1735.95,descent
346.896,207.46,-21.2067,1735.95,descent
346.906,207.505,-21.2099,1735.95,descent
346.917,207.53,-21.2128,1735.95,descent
346.928,207.552,-21.2153,1735.95,descent
346.938,207.592,-21.2167,1735.95,descent
346.949,207.61,-21.218,1735.95,descent
346.96,207.64,-21.2186,1735.95,descent
346.97,207.661,-21.219,1735.95,descent
346.98,207.699,-21.2186,1735.95,descent
346.991,207.715,-21.2181,1735.95,descent
347.002,207.749,-21.217,1735.95,descent
347.012,207.783,-21.2154,1735.95,descent
347.022,207.816,-21.2132,1735.95,descent
347.032,207.844,-21.2073,1735.95,descent
347.064,207.425,-21.2312,1735.95,descent
347.074,207.467,-21.2376,1735.95,descent
347.084,207.505,-21.2428,1735.95,descent
347.094,207.546,-21.247,1735.95,descent
347.105,207.565,-21.2511,1735.95,descent
347.116,207.595,-21.2543,1735.95,descent
347.126,207.629,-21.2566,1735.95,descent
347.136,207.659,-21.2583,1735.95,descent
347.147,207.677,-21.2598,1735.95,descent
347.158,207.699,-21.2609,1735.95,descent
347.168,207.731,-21.2614,1735.95,descent
347.178,207.764,-21.2612,1735.95,descent
347.189,207.788,-21.2607,1735.95,descent
347.2,207.797,-21.2603,1735.95,descent
347.211,207.81,-21.2601,1735.95,descent
347.221,207.828,-21.2598,1735.95,descent
347.232,207.85,-21.2593,1735.95,descent
347.242,207.88,-21.2582,1735.95,descent
347.253,207.888,-21.2574,1735.95,descent
347.265,207.877,-21.2531,1735.95,descent
347.296,207.454,-21.2834,1735.95,descent
347.307,207.479,-21.2927,1735.95,descent
347.317,207.513,-21.3007,1735.95,descent
347.327,207.551,-21.3072,1735.95,descent
347.338,207.58,-21.3132,1735.95,descent
347.348,207.616,-21.3179,1735.95,descent
347.358,207.649,-21.3218,1735.95,descent
347.369,207.661,-21.3221,1735.95,descent
347.402,207.215,-21.3658,1735.95,descent
347.413,207.248,-21.3786,1735.95,descent
347.423,207.283,-21.3862,1735.95,descent
347.455,206.86,-21.4455,1735.95,descent
347.466,206.898,-21.4638,1735.95,descent
347.477,206.948,-21.4789,1735.95,descent
347.487,206.994,-21.4924,1735.95,descent
347.497,207.043,-21.5003,1735.95,descent
347.529,206.635,-21.5586,1735.95,descent
347.539,206.694,-21.5752,1735.95,descent
347.552,206.693,-21.5952,1735.95,descent
347.563,206.734,-21.6101,1735.95,descent
347.574,206.776,-21.6192,1735.95,descent
347.605,206.393,-21.6754,1735.95,descent
347.618,206.414,-21.6963,1735.95,descent
347.628,206.483,-21.7107,1735.95,descent
347.638,206.545,-21.7193,1735.95,descent
347.67,206.148,-21.7776,1735.95,descent
347.681,206.207,-21.795,1735.95,descent
347.692,206.269,-21.8093,1735.95,descent
347.702,206.345,-21.8199,1735.95,descent
347.712,206.423,-21.8274,1735.95,descent
347.722,206.498,-21.8325,1735.95,descent
347.732,206.57,-21.8352,1735.95,descent
347.743,206.634,-21.8359,1735.95,descent
347.754,206.683,-21.8352,1735.95,descent
347.764,206.751,-21.8326,1735.95,descent
347.775,206.795,-21.8286,1735.95,descent
347.787,206.802,-21.8243,1735.95,descent
347.797,206.866,-21.8193,1735.95,descent
347.808,206.927,-21.8127,1735.95,descent
347.818,206.988,-21.8048,1735.95,descent
347.828,207.045,-21.7956,1735.95,descent
347.838,207.096,-21.7852,1735.95,descent
347.849,207.135,-21.7738,1735.95,descent
347.859,207.179,-21.7621,1735.95,descent
347.87,207.226,-21.75,1735.95,descent
347.88,207.274,-21.7373,1735.95,descent
347.89,207.318,-21.7239,1735.95,descent
347.9,207.362,-21.7101,1735.95,descent
347.911,207.392,-21.6955,1735.95,descent
347.922,207.429,-21.6811,1735.95,descent
347.932,207.468,-21.6668,1735.95,descent
347.942,207.505,-21.6522,1735.95,descent
347.954,207.504,-21.6365,1735.95,descent
347.964,207.548,-21.6231,1735.95,descent
347.975,207.569,-21.6087,1735.95,descent
347.985,207.61,-21.5953,1735.95,descent
347.995,207.651,-21.5815,1735.95,descent
348.008,207.627,-21.5662,1735.95,descent
348.019,207.659,-21.5539,1735.95,descent
348.029,207.694,-21.5416,1735.95,descent
348.039,207.726,-21.5258,1735.95,descent
348.092,206.866,-21.5808,1735.95,descent
348.103,206.92,-21.5899,1735.95,descent
348.113,206.969,-21.5972,1735.95,descent
348.123,207.029,-21.6022,1735.95,descent
348.133,207.079,-21.6057,1735.95,descent
348.144,207.129,-21.6076,1735.95,descent
348.154,207.184,-21.6079,1735.95,descent
348.164,207.233,-21.6069,1735.95,descent
348.175,207.264,-21.605,1735.95,descent
348.185,207.306,-21.6022,1735.95,descent
348.196,207.344,-21.595,1735.95,descent
348.227,206.941,-21.6129,1735.95,descent
348.238,206.979,-21.6178,1735.95,descent
348.248,207.036,-21.6205,1735.95,descent
348.259,207.076,-21.6221,1735.95,descent
348.269,207.131,-21.622,1735.95,descent
348.28,207.167,-21.6171,1735.95,descent
348.333,206.317,-21.7146,1735.95,descent
348.344,206.39,-21.7309,1735.95,descent
348.354,206.465,-21.7401,1735.95,descent
348.385,206.082,-21.7983,1735.95,descent
348.396,206.168,-21.8136,1735.95,descent
348.408,206.211,-21.829,1735.95,descent
348.419,206.276,-21.84,1735.95,descent
348.429,206.362,-21.8469,1735.95,descent
348.44,206.424,-21.8519,1735.95,descent
348.45,206.506,-21.8537,1735.95,descent
348.46,206.574,-21.8532,1735.95,descent
348.471,206.64,-21.8505,1735.95,descent
348.481,206.714,-21.8457,1735.95,descent
348.491,206.78,-21.8389,1735.95,descent
348.502,206.831,-21.8304,1735.95,descent
348.513,206.897,-21.8208,1735.95,descent
348.523,206.963,-21.8096,1735.95,descent
348.533,207.026,-21.797,1735.95,descent
348.543,207.087,-21.7795,1735.95,descent
348.575,206.697,-21.7677,1735.95,descent
348.586,206.752,-21.7621,1735.95,descent
348.597,206.81,-21.7549,1735.95,descent
348.607,206.879,-21.7463,1735.95,descent
348.617,206.95,-21.7359,1735.95,descent
348.627,207.018,-21.724,1735.95,descent
348.648,206.872,-21.7118,1735.95,descent
348.659,206.925,-21.7038,1735.95,descent
348.669,206.984,-21.6908,1735.95,descent
348.701,206.602,-21.6915,1735.95,descent
348.711,206.683,-21.6893,1735.95,descent
348.763,205.871,-21.7337,1735.95,descent
348.795,205.521,-21.7913,1735.95,descent
348.805,205.643,-21.8049,1735.95,descent
348.816,205.746,-21.8151,1735.95,descent
348.827,205.851,-21.821,1735.95,descent
348.837,205.964,-21.8225,1735.95,descent
348.847,206.068,-21.8205,1735.95,descent
348.858,206.172,-21.8151,1735.95,descent
348.87,206.226,-21.8067,1735.95,descent
348.881,206.323,-21.7968,1735.95,descent
348.891,206.419,-21.7843,1735.95,descent
348.901,206.513,-21.7692,1735.95,descent
348.911,206.61,-21.7521,1735.95,descent
348.922,206.683,-21.7318,1735.95,descent
348.933,206.77,-21.7108,1735.95,descent
348.943,206.86,-21.6884,1735.95,descent
348.954,206.925,-21.6629,1735.95,descent
348.964,206.997,-21.6372,1735.95,descent
348.975,207.067,-21.6104,1735.95,descent
348.985,207.145,-21.5833,1735.95,descent
348.996,207.21,-21.5543,1735.95,descent
349.006,207.285,-21.5261,1735.95,descent
349.016,207.355,-21.493,1735.95,descent
349.027,207.411,-21.458,1735.95,descent
349.038,207.47,-21.4233,1735.95,descent
349.049,207.531,-21.3892,1735.95,descent
349.059,207.596,-21.3557,1735.95,descent
349.069,207.664,-21.3224,1735.95,descent
349.08,207.71,-21.2867,1735.95,descent
349.09,207.763,-21.2523,1735.95,descent
349.101,207.818,-21.2186,1735.95,descent
349.111,207.879,-21.186,1735.95,descent
349.121,207.941,-21.1532,1735.95,descent
349.131,207.997,-21.1201,1735.95,descent
349.141,208.052,-21.0873,1735.95,descent
349.151,208.103,-21.0543,1735.95,descent
349.163,208.115,-21.0175,1735.95,descent
349.174,208.149,-20.985,1735.95,descent
349.184,208.199,-20.9554,1735.95,descent
349.195,208.231,-20.924,1735.95,descent
349.205,208.281,-20.8953,1735.95,descent
349.216,208.316,-20.8658,1735.95,descent
349.226,208.361,-20.8377,1735.95,descent
349.237,208.397,-20.8093,1735.95,descent
349.247,208.435,-20.7818,1735.95,descent
349.257,208.48,-20.7526,1735.95,descent
349.291,208.068,-20.6826,1735.95,descent
349.323,207.691,-20.6641,1735.95,descent
349.335,207.72,-20.6572,1735.95,descent
349.345,207.791,-20.6498,1735.95,descent
349.355,207.856,-20.641,1735.95,descent
349.366,207.901,-20.6309,1735.95,descent
349.376,207.96,-20.6205,1735.95,descent
349.387,208.003,-20.6088,1735.95,descent
349.397,208.065,-20.5971,1735.95,descent
349.407,208.123,-20.5845,1735.95,descent
349.417,208.172,-20.571,1735.95,descent
349.428,208.21,-20.5567,1735.95,descent
349.439,208.247,-20.5424,1735.95,descent
349.45,208.279,-20.5281,1735.95,descent
349.46,208.33,-20.5114,1735.95,descent
349.491,207.954,-20.5028,1735.95,descent
349.502,208.008,-20.4989,1735.95,descent
349.512,208.062,-20.494,1735.95,descent
349.523,208.103,-20.4844,1735.95,descent
349.555,207.729,-20.4973,1735.95,descent
349.565,207.79,-20.4999,1735.95,descent
349.576,207.851,-20.5009,1735.95,descent
349.586,207.912,-20.5002,1735.95,descent
349.596,207.974,-20.4981,1735.95,descent
349.606,208.031,-20.4947,1735.95,descent
349.622,207.973,-20.4939,1735.95,descent
349.633,208.032,-20.492,1735.95,descent
349.643,208.09,-20.4888,1735.95,descent
349.653,208.141,-20.4845,1735.95,descent
349.664,208.196,-20.4792,1735.95,descent
349.676,208.194,-20.4739,1735.95,descent
349.687,208.245,-20.4687,1735.95,descent
349.697,208.292,-20.4627,1735.95,descent
349.707,208.341,-20.4561,1735.95,descent
349.717,208.39,-20.4489,1735.95,descent
349.728,208.421,-20.4409,1735.95,descent
349.738,208.468,-20.433,1735.95,descent
349.749,208.498,-20.4244,1735.95,descent
349.759,208.54,-20.4161,1735.95,descent
349.77,208.578,-20.4072,1735.95,descent
349.78,208.618,-20.3983,1735.95,descent
349.79,208.655,-20.3892,1735.95,descent
349.801,208.685,-20.3799,1735.95,descent
349.811,208.726,-20.3708,1735.95,descent
349.821,208.763,-20.3614,1735.95,descent
349.831,208.793,-20.352,1735.95,descent
349.842,208.821,-20.3426,1735.95,descent
349.853,208.84,-20.3335,1735.95,descent
349.864,208.854,-20.3249,1735.95,descent
349.874,208.878,-20.317,1735.95,descent
349.885,208.904,-20.3095,1735.95,descent
349.895,208.933,-20.3022,1735.95,descent
349.905,208.958,-20.295,1735.95,descent
349.915,208.984,-20.288,1735.95,descent
349.926,208.994,-20.2813,1735.95,descent
349.937,209.016,-20.2753,1735.95,descent
349.957,208.835,-20.2786,1735.95,descent
349.968,208.841,-20.2808,1735.95,descent
349.979,208.862,-20.2828,1735.95,descent
349.989,208.887,-20.2846,1735.95,descent
349.999,208.916,-20.2859,1735.95,descent

Samples processed: 24115
Rows skipped: 487
Altimeter outliers skipped: 487
States generated: 10908
Apogee recorded at 1724.37 m
Burn detected at t=225.751 s
Burnout detected at t=227.796 s
Apogee detected at t=242.703 s
